/*******************************************************************************
 * Size: 38 px
 * Bpp: 4
 * Opts: --font tools/font/Inter-SemiBold-tnum.ttf --size 38 --bpp 4 --format lvgl --no-compress --lv-font-name font_sb_38 -o main/ui/fonts/font_sb_38.c -r 0x20-0x7E,0xA0-0xFF,0x152,0x153,0x178,0x2013,0x2014
 ******************************************************************************/

#ifdef LV_LVGL_H_INCLUDE_SIMPLE
#include "lvgl.h"
#else
#include "lvgl/lvgl.h"
#endif

#ifndef FONT_SB_38
#define FONT_SB_38 1
#endif

#if FONT_SB_38

/*-----------------
 *    BITMAPS
 *----------------*/

/*Store the image of the glyphs*/
static LV_ATTRIBUTE_LARGE_CONST const uint8_t glyph_bitmap[] = {
    /* U+0020 " " */

    /* U+0021 "!" */
    0x8f, 0xff, 0xfb, 0x8, 0xff, 0xff, 0xb0, 0x7f,
    0xff, 0xfa, 0x7, 0xff, 0xff, 0xa0, 0x7f, 0xff,
    0xfa, 0x7, 0xff, 0xff, 0x90, 0x6f, 0xff, 0xf9,
    0x6, 0xff, 0xff, 0x90, 0x6f, 0xff, 0xf8, 0x5,
    0xff, 0xff, 0x80, 0x5f, 0xff, 0xf8, 0x5, 0xff,
    0xff, 0x80, 0x5f, 0xff, 0xf7, 0x4, 0xff, 0xff,
    0x70, 0x4f, 0xff, 0xf7, 0x4, 0xff, 0xff, 0x60,
    0x3f, 0xff, 0xf6, 0x3, 0xff, 0xff, 0x60, 0x2d,
    0xdd, 0xd5, 0x0, 0x0, 0x0, 0x0, 0x0, 0x0,
    0x0, 0x0, 0x0, 0x0, 0x0, 0x6, 0xbc, 0x70,
    0x6, 0xff, 0xff, 0x90, 0xdf, 0xff, 0xff, 0xd,
    0xff, 0xff, 0xf0, 0x8f, 0xff, 0xfb, 0x0, 0x8e,
    0xea, 0x10,

    /* U+0022 "\"" */
    0x2f, 0xff, 0xf8, 0x0, 0xaf, 0xff, 0xf0, 0x2f,
    0xff, 0xf8, 0x0, 0xaf, 0xff, 0xf0, 0x1f, 0xff,
    0xf7, 0x0, 0x9f, 0xff, 0xf0, 0xf, 0xff, 0xf6,
    0x0, 0x8f, 0xff, 0xe0, 0xf, 0xff, 0xf6, 0x0,
    0x8f, 0xff, 0xd0, 0xf, 0xff, 0xf5, 0x0, 0x7f,
    0xff, 0xd0, 0xe, 0xff, 0xf4, 0x0, 0x6f, 0xff,
    0xc0, 0xd, 0xff, 0xf3, 0x0, 0x5f, 0xff, 0xb0,
    0xd, 0xff, 0xf3, 0x0, 0x5f, 0xff, 0xa0, 0xc,
    0xff, 0xf2, 0x0, 0x4f, 0xff, 0xa0, 0xb, 0xff,
    0xf1, 0x0, 0x3f, 0xff, 0x90, 0x2, 0x33, 0x30,
    0x0, 0x3, 0x33, 0x10,

    /* U+0023 "#" */
    0x0, 0x0, 0x0, 0x5, 0xff, 0xf6, 0x0, 0x0,
    0x9, 0xff, 0xf2, 0x0, 0x0, 0x0, 0x0, 0x8,
    0xff, 0xf3, 0x0, 0x0, 0xc, 0xff, 0xf0, 0x0,
    0x0, 0x0, 0x0, 0xa, 0xff, 0xf1, 0x0, 0x0,
    0xe, 0xff, 0xd0, 0x0, 0x0, 0x0, 0x0, 0xd,
    0xff, 0xe0, 0x0, 0x0, 0x1f, 0xff, 0xa0, 0x0,
    0x0, 0x0, 0x0, 0xf, 0xff, 0xb0, 0x0, 0x0,
    0x4f, 0xff, 0x70, 0x0, 0x0, 0x0, 0x0, 0x2f,
    0xff, 0x90, 0x0, 0x0, 0x7f, 0xff, 0x40, 0x0,
    0x0, 0x0, 0x0, 0x5f, 0xff, 0x60, 0x0, 0x0,
    0x9f, 0xff, 0x20, 0x0, 0x0, 0x5f, 0xff, 0xff,
    0xff, 0xff, 0xff, 0xff, 0xff, 0xff, 0xff, 0xfd,
    0x0, 0x8f, 0xff, 0xff, 0xff, 0xff, 0xff, 0xff,
    0xff, 0xff, 0xff, 0xfb, 0x0, 0xbf, 0xff, 0xff,
    0xff, 0xff, 0xff, 0xff, 0xff, 0xff, 0xff, 0xf8,
    0x0, 0xac, 0xcc, 0xff, 0xfe, 0xcc, 0xcc, 0xcd,
    0xff, 0xfd, 0xcc, 0xc4, 0x0, 0x0, 0x2, 0xff,
    0xf9, 0x0, 0x0, 0x7, 0xff, 0xf4, 0x0, 0x0,
    0x0, 0x0, 0x4, 0xff, 0xf7, 0x0, 0x0, 0x9,
    0xff, 0xf2, 0x0, 0x0, 0x0, 0x0, 0x7, 0xff,
    0xf4, 0x0, 0x0, 0xb, 0xff, 0xf0, 0x0, 0x0,
    0x0, 0x0, 0x9, 0xff, 0xf2, 0x0, 0x0, 0xe,
    0xff, 0xd0, 0x0, 0x0, 0x0, 0x0, 0xc, 0xff,
    0xf0, 0x0, 0x0, 0xf, 0xff, 0xb0, 0x0, 0x0,
    0x0, 0x0, 0xe, 0xff, 0xd0, 0x0, 0x0, 0x3f,
    0xff, 0x80, 0x0, 0x0, 0xf, 0xff, 0xff, 0xff,
    0xff, 0xff, 0xff, 0xff, 0xff, 0xff, 0xff, 0x40,
    0x2f, 0xff, 0xff, 0xff, 0xff, 0xff, 0xff, 0xff,
    0xff, 0xff, 0xff, 0x10, 0x4f, 0xff, 0xff, 0xff,
    0xff, 0xff, 0xff, 0xff, 0xff, 0xff, 0xff, 0x0,
    0x5c, 0xcc, 0xef, 0xff, 0xcc, 0xcc, 0xcc, 0xff,
    0xff, 0xcc, 0xc9, 0x0, 0x0, 0x0, 0xbf, 0xff,
    0x0, 0x0, 0x0, 0xff, 0xfc, 0x0, 0x0, 0x0,
    0x0, 0x0, 0xef, 0xfd, 0x0, 0x0, 0x2, 0xff,
    0xf9, 0x0, 0x0, 0x0, 0x0, 0x0, 0xff, 0xfb,
    0x0, 0x0, 0x5, 0xff, 0xf6, 0x0, 0x0, 0x0,
    0x0, 0x3, 0xff, 0xf8, 0x0, 0x0, 0x7, 0xff,
    0xf4, 0x0, 0x0, 0x0, 0x0, 0x5, 0xff, 0xf6,
    0x0, 0x0, 0xa, 0xff, 0xf1, 0x0, 0x0, 0x0,
    0x0, 0x8, 0xff, 0xf3, 0x0, 0x0, 0xd, 0xff,
    0xe0, 0x0, 0x0, 0x0, 0x0, 0xb, 0xff, 0xf1,
    0x0, 0x0, 0xf, 0xff, 0xc0, 0x0, 0x0, 0x0,

    /* U+0024 "$" */
    0x0, 0x0, 0x0, 0x0, 0x0, 0xaf, 0x90, 0x0,
    0x0, 0x0, 0x0, 0x0, 0x0, 0x0, 0x0, 0x0,
    0xaf, 0x90, 0x0, 0x0, 0x0, 0x0, 0x0, 0x0,
    0x0, 0x0, 0x0, 0xaf, 0x90, 0x0, 0x0, 0x0,
    0x0, 0x0, 0x0, 0x0, 0x0, 0x0, 0xaf, 0x90,
    0x0, 0x0, 0x0, 0x0, 0x0, 0x0, 0x0, 0x17,
    0xbe, 0xff, 0xff, 0xd9, 0x40, 0x0, 0x0, 0x0,
    0x0, 0x9, 0xff, 0xff, 0xff, 0xff, 0xff, 0xfc,
    0x20, 0x0, 0x0, 0x2, 0xdf, 0xff, 0xff, 0xff,
    0xff, 0xff, 0xff, 0xf3, 0x0, 0x0, 0x1d, 0xff,
    0xff, 0xff, 0xff, 0xff, 0xff, 0xff, 0xfe, 0x20,
    0x0, 0x9f, 0xff, 0xff, 0xb5, 0xbf, 0xa5, 0xbf,
    0xff, 0xff, 0xb0, 0x1, 0xff, 0xff, 0xf7, 0x0,
    0xaf, 0x90, 0x5, 0xff, 0xff, 0xf2, 0x5, 0xff,
    0xff, 0xc0, 0x0, 0xaf, 0x90, 0x0, 0x9f, 0xff,
    0xf6, 0x7, 0xff, 0xff, 0x80, 0x0, 0xaf, 0x90,
    0x0, 0x4c, 0xcc, 0xc6, 0x6, 0xff, 0xff, 0xa0,
    0x0, 0xaf, 0x90, 0x0, 0x0, 0x0, 0x0, 0x4,
    0xff, 0xff, 0xf3, 0x0, 0xaf, 0x90, 0x0, 0x0,
    0x0, 0x0, 0x0, 0xff, 0xff, 0xff, 0x81, 0xaf,
    0x90, 0x0, 0x0, 0x0, 0x0, 0x0, 0x7f, 0xff,
    0xff, 0xff, 0xff, 0xa0, 0x0, 0x0, 0x0, 0x0,
    0x0, 0xa, 0xff, 0xff, 0xff, 0xff, 0xff, 0xa5,
    0x0, 0x0, 0x0, 0x0, 0x0, 0x7f, 0xff, 0xff,
    0xff, 0xff, 0xff, 0xe8, 0x0, 0x0, 0x0, 0x0,
    0x1, 0x8e, 0xff, 0xff, 0xff, 0xff, 0xff, 0xd3,
    0x0, 0x0, 0x0, 0x0, 0x0, 0x38, 0xef, 0xff,
    0xff, 0xff, 0xff, 0x30, 0x0, 0x0, 0x0, 0x0,
    0x0, 0xaf, 0xba, 0xff, 0xff, 0xff, 0xe1, 0x0,
    0x0, 0x0, 0x0, 0x0, 0xaf, 0x90, 0x18, 0xff,
    0xff, 0xf8, 0x0, 0x0, 0x0, 0x0, 0x0, 0xaf,
    0x90, 0x0, 0x6f, 0xff, 0xfc, 0x15, 0x55, 0x53,
    0x0, 0x0, 0xaf, 0x90, 0x0, 0x1f, 0xff, 0xfe,
    0x2f, 0xff, 0xfc, 0x0, 0x0, 0xaf, 0x90, 0x0,
    0x1f, 0xff, 0xfe, 0xf, 0xff, 0xff, 0x30, 0x0,
    0xaf, 0x90, 0x0, 0x6f, 0xff, 0xfd, 0xb, 0xff,
    0xff, 0xd2, 0x0, 0xaf, 0x90, 0x4, 0xef, 0xff,
    0xf8, 0x4, 0xff, 0xff, 0xff, 0x94, 0xbf, 0xa5,
    0xaf, 0xff, 0xff, 0xf2, 0x0, 0xaf, 0xff, 0xff,
    0xff, 0xff, 0xff, 0xff, 0xff, 0xff, 0x90, 0x0,
    0xb, 0xff, 0xff, 0xff, 0xff, 0xff, 0xff, 0xff,
    0xfb, 0x0, 0x0, 0x0, 0x8f, 0xff, 0xff, 0xff,
    0xff, 0xff, 0xff, 0x70, 0x0, 0x0, 0x0, 0x1,
    0x6a, 0xdf, 0xff, 0xff, 0xda, 0x61, 0x0, 0x0,
    0x0, 0x0, 0x0, 0x0, 0x0, 0xaf, 0x90, 0x0,
    0x0, 0x0, 0x0, 0x0, 0x0, 0x0, 0x0, 0x0,
    0xaf, 0x90, 0x0, 0x0, 0x0, 0x0, 0x0, 0x0,
    0x0, 0x0, 0x0, 0xaf, 0x90, 0x0, 0x0, 0x0,
    0x0, 0x0, 0x0, 0x0, 0x0, 0x0, 0x34, 0x20,
    0x0, 0x0, 0x0, 0x0,

    /* U+0025 "%" */
    0x0, 0x3, 0xae, 0xfe, 0xb4, 0x0, 0x0, 0x0,
    0x0, 0x0, 0x0, 0xa, 0xff, 0xe1, 0x0, 0x0,
    0x0, 0x8f, 0xff, 0xff, 0xff, 0x90, 0x0, 0x0,
    0x0, 0x0, 0x0, 0x5f, 0xff, 0x40, 0x0, 0x0,
    0x5, 0xff, 0xff, 0xff, 0xff, 0xf6, 0x0, 0x0,
    0x0, 0x0, 0x1, 0xef, 0xf9, 0x0, 0x0, 0x0,
    0xd, 0xff, 0xf5, 0x14, 0xef, 0xfe, 0x0, 0x0,
    0x0, 0x0, 0xb, 0xff, 0xd0, 0x0, 0x0, 0x0,
    0x2f, 0xff, 0x80, 0x0, 0x6f, 0xff, 0x30, 0x0,
    0x0, 0x0, 0x5f, 0xff, 0x40, 0x0, 0x0, 0x0,
    0x3f, 0xff, 0x40, 0x0, 0x3f, 0xff, 0x50, 0x0,
    0x0, 0x1, 0xef, 0xf9, 0x0, 0x0, 0x0, 0x0,
    0x4f, 0xff, 0x40, 0x0, 0x2f, 0xff, 0x50, 0x0,
    0x0, 0xb, 0xff, 0xd0, 0x0, 0x0, 0x0, 0x0,
    0x3f, 0xff, 0x40, 0x0, 0x3f, 0xff, 0x50, 0x0,
    0x0, 0x6f, 0xff, 0x30, 0x0, 0x0, 0x0, 0x0,
    0x2f, 0xff, 0x80, 0x0, 0x6f, 0xff, 0x30, 0x0,
    0x2, 0xff, 0xf8, 0x0, 0x0, 0x0, 0x0, 0x0,
    0xd, 0xff, 0xf5, 0x24, 0xef, 0xfe, 0x0, 0x0,
    0xc, 0xff, 0xd0, 0x0, 0x0, 0x0, 0x0, 0x0,
    0x5, 0xff, 0xff, 0xff, 0xff, 0xf6, 0x0, 0x0,
    0x7f, 0xff, 0x30, 0x0, 0x0, 0x0, 0x0, 0x0,
    0x0, 0x8f, 0xff, 0xff, 0xff, 0x90, 0x0, 0x2,
    0xff, 0xf7, 0x0, 0x0, 0x0, 0x0, 0x0, 0x0,
    0x0, 0x3, 0xae, 0xfe, 0xb4, 0x0, 0x0, 0xc,
    0xff, 0xc0, 0x0, 0x0, 0x0, 0x0, 0x0, 0x0,
    0x0, 0x0, 0x0, 0x0, 0x0, 0x0, 0x0, 0x7f,
    0xff, 0x20, 0x0, 0x0, 0x0, 0x0, 0x0, 0x0,
    0x0, 0x0, 0x0, 0x0, 0x0, 0x0, 0x2, 0xff,
    0xf7, 0x0, 0x0, 0x0, 0x0, 0x0, 0x0, 0x0,
    0x0, 0x0, 0x0, 0x0, 0x0, 0x0, 0xc, 0xff,
    0xc0, 0x0, 0x0, 0x3b, 0xef, 0xfc, 0x60, 0x0,
    0x0, 0x0, 0x0, 0x0, 0x0, 0x0, 0x8f, 0xff,
    0x20, 0x0, 0x7, 0xff, 0xff, 0xff, 0xfb, 0x0,
    0x0, 0x0, 0x0, 0x0, 0x0, 0x3, 0xff, 0xf6,
    0x0, 0x0, 0x4f, 0xff, 0xff, 0xff, 0xff, 0x80,
    0x0, 0x0, 0x0, 0x0, 0x0, 0xd, 0xff, 0xb0,
    0x0, 0x0, 0xcf, 0xff, 0x50, 0x3d, 0xff, 0xf0,
    0x0, 0x0, 0x0, 0x0, 0x0, 0x8f, 0xff, 0x10,
    0x0, 0x1, 0xff, 0xf9, 0x0, 0x5, 0xff, 0xf4,
    0x0, 0x0, 0x0, 0x0, 0x3, 0xff, 0xf6, 0x0,
    0x0, 0x3, 0xff, 0xf5, 0x0, 0x2, 0xff, 0xf6,
    0x0, 0x0, 0x0, 0x0, 0xd, 0xff, 0xb0, 0x0,
    0x0, 0x3, 0xff, 0xf5, 0x0, 0x1, 0xff, 0xf7,
    0x0, 0x0, 0x0, 0x0, 0x9f, 0xfe, 0x10, 0x0,
    0x0, 0x2, 0xff, 0xf5, 0x0, 0x2, 0xff, 0xf6,
    0x0, 0x0, 0x0, 0x4, 0xff, 0xf5, 0x0, 0x0,
    0x0, 0x1, 0xff, 0xf9, 0x0, 0x5, 0xff, 0xf4,
    0x0, 0x0, 0x0, 0xe, 0xff, 0xa0, 0x0, 0x0,
    0x0, 0x0, 0xcf, 0xff, 0x62, 0x4e, 0xff, 0xf0,
    0x0, 0x0, 0x0, 0x9f, 0xfe, 0x10, 0x0, 0x0,
    0x0, 0x0, 0x4f, 0xff, 0xff, 0xff, 0xff, 0x70,
    0x0, 0x0, 0x4, 0xff, 0xf5, 0x0, 0x0, 0x0,
    0x0, 0x0, 0x6, 0xff, 0xff, 0xff, 0xfa, 0x0,
    0x0, 0x0, 0x1e, 0xff, 0xa0, 0x0, 0x0, 0x0,
    0x0, 0x0, 0x0, 0x3a, 0xdf, 0xeb, 0x50, 0x0,

    /* U+0026 "&" */
    0x0, 0x0, 0x0, 0x28, 0xce, 0xfd, 0xa4, 0x0,
    0x0, 0x0, 0x0, 0x0, 0x0, 0x0, 0x6, 0xff,
    0xff, 0xff, 0xff, 0xb1, 0x0, 0x0, 0x0, 0x0,
    0x0, 0x0, 0x7f, 0xff, 0xff, 0xff, 0xff, 0xfd,
    0x0, 0x0, 0x0, 0x0, 0x0, 0x2, 0xff, 0xff,
    0xff, 0xff, 0xff, 0xff, 0x80, 0x0, 0x0, 0x0,
    0x0, 0x9, 0xff, 0xff, 0x81, 0x3, 0xcf, 0xff,
    0xe0, 0x0, 0x0, 0x0, 0x0, 0xd, 0xff, 0xfa,
    0x0, 0x0, 0x2f, 0xff, 0xf2, 0x0, 0x0, 0x0,
    0x0, 0xf, 0xff, 0xf6, 0x0, 0x0, 0xe, 0xff,
    0xf3, 0x0, 0x0, 0x0, 0x0, 0xe, 0xff, 0xf6,
    0x0, 0x0, 0x1f, 0xff, 0xf2, 0x0, 0x0, 0x0,
    0x0, 0xc, 0xff, 0xfb, 0x0, 0x0, 0xaf, 0xff,
    0xe0, 0x0, 0x0, 0x0, 0x0, 0x7, 0xff, 0xff,
    0x40, 0xb, 0xff, 0xff, 0x60, 0x0, 0x0, 0x0,
    0x0, 0x1, 0xef, 0xff, 0xe5, 0xdf, 0xff, 0xfb,
    0x0, 0x0, 0x0, 0x0, 0x0, 0x0, 0x6f, 0xff,
    0xff, 0xff, 0xff, 0xc0, 0x0, 0x0, 0x0, 0x0,
    0x0, 0x0, 0xb, 0xff, 0xff, 0xff, 0xf9, 0x0,
    0x0, 0x0, 0x0, 0x0, 0x0, 0x0, 0x8, 0xff,
    0xff, 0xff, 0x50, 0x0, 0x0, 0x0, 0x0, 0x0,
    0x0, 0x1, 0xbf, 0xff, 0xff, 0xff, 0x50, 0x0,
    0x0, 0x0, 0x0, 0x0, 0x0, 0x1d, 0xff, 0xff,
    0xff, 0xff, 0xf4, 0x0, 0x0, 0xff, 0xff, 0x30,
    0x0, 0xdf, 0xff, 0xfe, 0x8f, 0xff, 0xff, 0x20,
    0x1, 0xff, 0xff, 0x20, 0x8, 0xff, 0xff, 0xc1,
    0x7, 0xff, 0xff, 0xe1, 0x4, 0xff, 0xff, 0x0,
    0xf, 0xff, 0xfe, 0x10, 0x0, 0x8f, 0xff, 0xfd,
    0x1a, 0xff, 0xfd, 0x0, 0x3f, 0xff, 0xf9, 0x0,
    0x0, 0xa, 0xff, 0xff, 0xcf, 0xff, 0xf9, 0x0,
    0x5f, 0xff, 0xf7, 0x0, 0x0, 0x0, 0xbf, 0xff,
    0xff, 0xff, 0xf2, 0x0, 0x4f, 0xff, 0xf9, 0x0,
    0x0, 0x0, 0xc, 0xff, 0xff, 0xff, 0xb0, 0x0,
    0x1f, 0xff, 0xff, 0x20, 0x0, 0x0, 0x1, 0xff,
    0xff, 0xff, 0x20, 0x0, 0xa, 0xff, 0xff, 0xf7,
    0x20, 0x2, 0x7e, 0xff, 0xff, 0xff, 0x40, 0x0,
    0x2, 0xef, 0xff, 0xff, 0xff, 0xff, 0xff, 0xff,
    0xff, 0xff, 0xf2, 0x0, 0x0, 0x3f, 0xff, 0xff,
    0xff, 0xff, 0xff, 0xff, 0xef, 0xff, 0xfd, 0x0,
    0x0, 0x2, 0xcf, 0xff, 0xff, 0xff, 0xff, 0xf9,
    0x19, 0xff, 0xff, 0xa0, 0x0, 0x0, 0x3, 0x8c,
    0xef, 0xfd, 0xa6, 0x10, 0x0, 0xcf, 0xff, 0xf7,

    /* U+0027 "'" */
    0x2f, 0xff, 0xf8, 0x2f, 0xff, 0xf8, 0x1f, 0xff,
    0xf7, 0xf, 0xff, 0xf6, 0xf, 0xff, 0xf6, 0xf,
    0xff, 0xf5, 0xe, 0xff, 0xf4, 0xd, 0xff, 0xf3,
    0xd, 0xff, 0xf3, 0xc, 0xff, 0xf2, 0xb, 0xff,
    0xf1, 0x2, 0x33, 0x30,

    /* U+0028 "(" */
    0x0, 0x0, 0x5, 0x88, 0x86, 0x0, 0x0, 0x2f,
    0xff, 0xf8, 0x0, 0x0, 0xaf, 0xff, 0xf1, 0x0,
    0x1, 0xff, 0xff, 0xa0, 0x0, 0x8, 0xff, 0xff,
    0x40, 0x0, 0xe, 0xff, 0xfe, 0x0, 0x0, 0x4f,
    0xff, 0xf9, 0x0, 0x0, 0x9f, 0xff, 0xf5, 0x0,
    0x0, 0xdf, 0xff, 0xf0, 0x0, 0x2, 0xff, 0xff,
    0xc0, 0x0, 0x5, 0xff, 0xff, 0x80, 0x0, 0x9,
    0xff, 0xff, 0x50, 0x0, 0xc, 0xff, 0xff, 0x20,
    0x0, 0xe, 0xff, 0xff, 0x0, 0x0, 0xf, 0xff,
    0xfd, 0x0, 0x0, 0x2f, 0xff, 0xfb, 0x0, 0x0,
    0x3f, 0xff, 0xfa, 0x0, 0x0, 0x4f, 0xff, 0xf9,
    0x0, 0x0, 0x5f, 0xff, 0xf8, 0x0, 0x0, 0x4f,
    0xff, 0xf9, 0x0, 0x0, 0x4f, 0xff, 0xfa, 0x0,
    0x0, 0x2f, 0xff, 0xfb, 0x0, 0x0, 0x1f, 0xff,
    0xfd, 0x0, 0x0, 0xe, 0xff, 0xff, 0x0, 0x0,
    0xb, 0xff, 0xff, 0x30, 0x0, 0x7, 0xff, 0xff,
    0x70, 0x0, 0x3, 0xff, 0xff, 0xb0, 0x0, 0x0,
    0xef, 0xff, 0xf0, 0x0, 0x0, 0x9f, 0xff, 0xf5,
    0x0, 0x0, 0x4f, 0xff, 0xfb, 0x0, 0x0, 0xd,
    0xff, 0xff, 0x10, 0x0, 0x6, 0xff, 0xff, 0x70,
    0x0, 0x0, 0xef, 0xff, 0xd0, 0x0, 0x0, 0x6f,
    0xff, 0xf4, 0x0, 0x0, 0xd, 0xff, 0xfb,

    /* U+0029 ")" */
    0x7, 0x88, 0x84, 0x0, 0x0, 0x0, 0xaf, 0xff,
    0xe0, 0x0, 0x0, 0x4, 0xff, 0xff, 0x70, 0x0,
    0x0, 0xd, 0xff, 0xfe, 0x0, 0x0, 0x0, 0x7f,
    0xff, 0xf5, 0x0, 0x0, 0x2, 0xff, 0xff, 0xc0,
    0x0, 0x0, 0xc, 0xff, 0xff, 0x10, 0x0, 0x0,
    0x7f, 0xff, 0xf6, 0x0, 0x0, 0x3, 0xff, 0xff,
    0xb0, 0x0, 0x0, 0xe, 0xff, 0xff, 0x0, 0x0,
    0x0, 0xbf, 0xff, 0xf3, 0x0, 0x0, 0x7, 0xff,
    0xff, 0x60, 0x0, 0x0, 0x4f, 0xff, 0xf9, 0x0,
    0x0, 0x2, 0xff, 0xff, 0xc0, 0x0, 0x0, 0xf,
    0xff, 0xfe, 0x0, 0x0, 0x0, 0xdf, 0xff, 0xf0,
    0x0, 0x0, 0xc, 0xff, 0xff, 0x10, 0x0, 0x0,
    0xcf, 0xff, 0xf2, 0x0, 0x0, 0xb, 0xff, 0xff,
    0x20, 0x0, 0x0, 0xcf, 0xff, 0xf2, 0x0, 0x0,
    0xc, 0xff, 0xff, 0x10, 0x0, 0x0, 0xef, 0xff,
    0xf0, 0x0, 0x0, 0xf, 0xff, 0xfe, 0x0, 0x0,
    0x2, 0xff, 0xff, 0xb0, 0x0, 0x0, 0x6f, 0xff,
    0xf8, 0x0, 0x0, 0x9, 0xff, 0xff, 0x50, 0x0,
    0x0, 0xef, 0xff, 0xf1, 0x0, 0x0, 0x3f, 0xff,
    0xfc, 0x0, 0x0, 0x8, 0xff, 0xff, 0x60, 0x0,
    0x0, 0xdf, 0xff, 0xf1, 0x0, 0x0, 0x4f, 0xff,
    0xfa, 0x0, 0x0, 0xa, 0xff, 0xff, 0x30, 0x0,
    0x1, 0xff, 0xff, 0xc0, 0x0, 0x0, 0x7f, 0xff,
    0xf3, 0x0, 0x0, 0xe, 0xff, 0xfa, 0x0, 0x0,
    0x0,

    /* U+002A "*" */
    0x0, 0x0, 0x0, 0x5f, 0xfd, 0x0, 0x0, 0x0,
    0x0, 0x0, 0x0, 0x4f, 0xfc, 0x0, 0x0, 0x0,
    0x0, 0x40, 0x0, 0x4f, 0xfb, 0x0, 0x2, 0x20,
    0x4, 0xfc, 0x20, 0x3f, 0xfa, 0x0, 0x7f, 0xc0,
    0xd, 0xff, 0xf7, 0x2f, 0xfa, 0x2c, 0xff, 0xf5,
    0x1c, 0xff, 0xff, 0xdf, 0xfd, 0xff, 0xff, 0xf6,
    0x0, 0x3b, 0xff, 0xff, 0xff, 0xff, 0xf8, 0x10,
    0x0, 0x0, 0x3d, 0xff, 0xff, 0xf8, 0x10, 0x0,
    0x0, 0x2, 0xaf, 0xff, 0xff, 0xfe, 0x60, 0x0,
    0x2, 0xaf, 0xff, 0xff, 0xff, 0xff, 0xfe, 0x60,
    0x1f, 0xff, 0xfe, 0x7f, 0xfb, 0xaf, 0xff, 0xf9,
    0x9, 0xff, 0xa1, 0x2f, 0xfa, 0x5, 0xef, 0xf2,
    0x1, 0xd5, 0x0, 0x3f, 0xfb, 0x0, 0x1a, 0x80,
    0x0, 0x0, 0x0, 0x4f, 0xfc, 0x0, 0x0, 0x0,
    0x0, 0x0, 0x0, 0x5f, 0xfd, 0x0, 0x0, 0x0,
    0x0, 0x0, 0x0, 0x38, 0x87, 0x0, 0x0, 0x0,

    /* U+002B "+" */
    0x0, 0x0, 0x0, 0x0, 0xdf, 0xff, 0x50, 0x0,
    0x0, 0x0, 0x0, 0x0, 0x0, 0x0, 0xdf, 0xff,
    0x50, 0x0, 0x0, 0x0, 0x0, 0x0, 0x0, 0x0,
    0xdf, 0xff, 0x50, 0x0, 0x0, 0x0, 0x0, 0x0,
    0x0, 0x0, 0xdf, 0xff, 0x50, 0x0, 0x0, 0x0,
    0x0, 0x0, 0x0, 0x0, 0xdf, 0xff, 0x50, 0x0,
    0x0, 0x0, 0x0, 0x0, 0x0, 0x0, 0xdf, 0xff,
    0x50, 0x0, 0x0, 0x0, 0x0, 0x0, 0x0, 0x0,
    0xdf, 0xff, 0x50, 0x0, 0x0, 0x0, 0xf, 0xff,
    0xff, 0xff, 0xff, 0xff, 0xff, 0xff, 0xff, 0xf9,
    0xf, 0xff, 0xff, 0xff, 0xff, 0xff, 0xff, 0xff,
    0xff, 0xf9, 0xf, 0xff, 0xff, 0xff, 0xff, 0xff,
    0xff, 0xff, 0xff, 0xf9, 0xf, 0xff, 0xff, 0xff,
    0xff, 0xff, 0xff, 0xff, 0xff, 0xf9, 0x0, 0x0,
    0x0, 0x0, 0xdf, 0xff, 0x50, 0x0, 0x0, 0x0,
    0x0, 0x0, 0x0, 0x0, 0xdf, 0xff, 0x50, 0x0,
    0x0, 0x0, 0x0, 0x0, 0x0, 0x0, 0xdf, 0xff,
    0x50, 0x0, 0x0, 0x0, 0x0, 0x0, 0x0, 0x0,
    0xdf, 0xff, 0x50, 0x0, 0x0, 0x0, 0x0, 0x0,
    0x0, 0x0, 0xdf, 0xff, 0x50, 0x0, 0x0, 0x0,
    0x0, 0x0, 0x0, 0x0, 0xdf, 0xff, 0x50, 0x0,
    0x0, 0x0, 0x0, 0x0, 0x0, 0x0, 0xdf, 0xff,
    0x50, 0x0, 0x0, 0x0, 0x0, 0x0, 0x0, 0x0,
    0x8a, 0xaa, 0x30, 0x0, 0x0, 0x0,

    /* U+002C "," */
    0x0, 0x33, 0x33, 0x20, 0x1f, 0xff, 0xfc, 0x3,
    0xff, 0xff, 0x70, 0x6f, 0xff, 0xf3, 0x8, 0xff,
    0xfe, 0x0, 0xaf, 0xff, 0xa0, 0xd, 0xff, 0xf5,
    0x0, 0xff, 0xff, 0x10, 0x1f, 0xff, 0xc0, 0x4,
    0xff, 0xf7, 0x0, 0x6f, 0xff, 0x20, 0x8, 0xff,
    0xe0, 0x0,

    /* U+002D "-" */
    0xff, 0xff, 0xff, 0xff, 0xff, 0xff, 0x7f, 0xff,
    0xff, 0xff, 0xff, 0xff, 0xf7, 0xff, 0xff, 0xff,
    0xff, 0xff, 0xff, 0x7f, 0xff, 0xff, 0xff, 0xff,
    0xff, 0xf7,

    /* U+002E "." */
    0x6, 0xcd, 0x80, 0x5, 0xff, 0xff, 0xa0, 0xbf,
    0xff, 0xff, 0xb, 0xff, 0xff, 0xf0, 0x6f, 0xff,
    0xfb, 0x0, 0x7e, 0xea, 0x10,

    /* U+002F "/" */
    0x0, 0x0, 0x0, 0x0, 0x9, 0xff, 0xfa, 0x0,
    0x0, 0x0, 0x0, 0xe, 0xff, 0xf5, 0x0, 0x0,
    0x0, 0x0, 0x2f, 0xff, 0xf1, 0x0, 0x0, 0x0,
    0x0, 0x6f, 0xff, 0xd0, 0x0, 0x0, 0x0, 0x0,
    0xaf, 0xff, 0x80, 0x0, 0x0, 0x0, 0x0, 0xff,
    0xff, 0x40, 0x0, 0x0, 0x0, 0x3, 0xff, 0xff,
    0x0, 0x0, 0x0, 0x0, 0x7, 0xff, 0xfb, 0x0,
    0x0, 0x0, 0x0, 0xc, 0xff, 0xf7, 0x0, 0x0,
    0x0, 0x0, 0xf, 0xff, 0xf3, 0x0, 0x0, 0x0,
    0x0, 0x4f, 0xff, 0xe0, 0x0, 0x0, 0x0, 0x0,
    0x9f, 0xff, 0xa0, 0x0, 0x0, 0x0, 0x0, 0xdf,
    0xff, 0x60, 0x0, 0x0, 0x0, 0x1, 0xff, 0xff,
    0x10, 0x0, 0x0, 0x0, 0x6, 0xff, 0xfd, 0x0,
    0x0, 0x0, 0x0, 0xa, 0xff, 0xf9, 0x0, 0x0,
    0x0, 0x0, 0xe, 0xff, 0xf4, 0x0, 0x0, 0x0,
    0x0, 0x3f, 0xff, 0xf0, 0x0, 0x0, 0x0, 0x0,
    0x7f, 0xff, 0xc0, 0x0, 0x0, 0x0, 0x0, 0xbf,
    0xff, 0x80, 0x0, 0x0, 0x0, 0x0, 0xff, 0xff,
    0x30, 0x0, 0x0, 0x0, 0x4, 0xff, 0xff, 0x0,
    0x0, 0x0, 0x0, 0x8, 0xff, 0xfb, 0x0, 0x0,
    0x0, 0x0, 0xd, 0xff, 0xf6, 0x0, 0x0, 0x0,
    0x0, 0x1f, 0xff, 0xf2, 0x0, 0x0, 0x0, 0x0,
    0x5f, 0xff, 0xe0, 0x0, 0x0, 0x0, 0x0, 0x9f,
    0xff, 0x90, 0x0, 0x0, 0x0, 0x0, 0xef, 0xff,
    0x50, 0x0, 0x0, 0x0, 0x2, 0xff, 0xff, 0x10,
    0x0, 0x0, 0x0, 0x6, 0xff, 0xfc, 0x0, 0x0,
    0x0, 0x0, 0xb, 0xff, 0xf8, 0x0, 0x0, 0x0,
    0x0, 0xf, 0xff, 0xf4, 0x0, 0x0, 0x0, 0x0,
    0x3f, 0xff, 0xf0, 0x0, 0x0, 0x0, 0x0,

    /* U+0030 "0" */
    0x0, 0x0, 0x0, 0x49, 0xde, 0xfe, 0xc7, 0x20,
    0x0, 0x0, 0x0, 0x0, 0x3, 0xcf, 0xff, 0xff,
    0xff, 0xff, 0x80, 0x0, 0x0, 0x0, 0x4, 0xff,
    0xff, 0xff, 0xff, 0xff, 0xff, 0xc0, 0x0, 0x0,
    0x3, 0xff, 0xff, 0xff, 0xff, 0xff, 0xff, 0xff,
    0xb0, 0x0, 0x0, 0xcf, 0xff, 0xff, 0x83, 0x25,
    0xbf, 0xff, 0xff, 0x60, 0x0, 0x5f, 0xff, 0xfe,
    0x20, 0x0, 0x0, 0x8f, 0xff, 0xfe, 0x0, 0xc,
    0xff, 0xff, 0x50, 0x0, 0x0, 0x0, 0xcf, 0xff,
    0xf5, 0x1, 0xff, 0xff, 0xd0, 0x0, 0x0, 0x0,
    0x4, 0xff, 0xff, 0xb0, 0x6f, 0xff, 0xf8, 0x0,
    0x0, 0x0, 0x0, 0xf, 0xff, 0xff, 0x9, 0xff,
    0xff, 0x40, 0x0, 0x0, 0x0, 0x0, 0xbf, 0xff,
    0xf2, 0xcf, 0xff, 0xf2, 0x0, 0x0, 0x0, 0x0,
    0x8, 0xff, 0xff, 0x5d, 0xff, 0xff, 0x0, 0x0,
    0x0, 0x0, 0x0, 0x6f, 0xff, 0xf6, 0xef, 0xff,
    0xf0, 0x0, 0x0, 0x0, 0x0, 0x5, 0xff, 0xff,
    0x7f, 0xff, 0xfe, 0x0, 0x0, 0x0, 0x0, 0x0,
    0x5f, 0xff, 0xf8, 0xff, 0xff, 0xe0, 0x0, 0x0,
    0x0, 0x0, 0x5, 0xff, 0xff, 0x8e, 0xff, 0xff,
    0x0, 0x0, 0x0, 0x0, 0x0, 0x5f, 0xff, 0xf7,
    0xdf, 0xff, 0xf0, 0x0, 0x0, 0x0, 0x0, 0x6,
    0xff, 0xff, 0x6c, 0xff, 0xff, 0x20, 0x0, 0x0,
    0x0, 0x0, 0x8f, 0xff, 0xf5, 0x9f, 0xff, 0xf4,
    0x0, 0x0, 0x0, 0x0, 0xb, 0xff, 0xff, 0x26,
    0xff, 0xff, 0x80, 0x0, 0x0, 0x0, 0x0, 0xff,
    0xff, 0xf0, 0x2f, 0xff, 0xfe, 0x0, 0x0, 0x0,
    0x0, 0x4f, 0xff, 0xfb, 0x0, 0xcf, 0xff, 0xf5,
    0x0, 0x0, 0x0, 0xc, 0xff, 0xff, 0x50, 0x6,
    0xff, 0xff, 0xe3, 0x0, 0x0, 0x8, 0xff, 0xff,
    0xe0, 0x0, 0xd, 0xff, 0xff, 0xf8, 0x43, 0x5b,
    0xff, 0xff, 0xf6, 0x0, 0x0, 0x3f, 0xff, 0xff,
    0xff, 0xff, 0xff, 0xff, 0xfc, 0x0, 0x0, 0x0,
    0x5f, 0xff, 0xff, 0xff, 0xff, 0xff, 0xfd, 0x10,
    0x0, 0x0, 0x0, 0x3d, 0xff, 0xff, 0xff, 0xff,
    0xf9, 0x0, 0x0, 0x0, 0x0, 0x0, 0x4, 0xad,
    0xef, 0xec, 0x72, 0x0, 0x0, 0x0,

    /* U+0031 "1" */
    0x0, 0x0, 0x0, 0x6f, 0xff, 0xff, 0xd0, 0x0,
    0x0, 0x0, 0x0, 0x1, 0xaf, 0xff, 0xff, 0xfd,
    0x0, 0x0, 0x0, 0x0, 0x3, 0xef, 0xff, 0xff,
    0xff, 0xd0, 0x0, 0x0, 0x0, 0x7, 0xff, 0xff,
    0xff, 0xff, 0xfd, 0x0, 0x0, 0x0, 0x9, 0xff,
    0xff, 0xfb, 0xff, 0xff, 0xd0, 0x0, 0x0, 0x0,
    0xbf, 0xff, 0xf6, 0x1f, 0xff, 0xfd, 0x0, 0x0,
    0x0, 0xb, 0xff, 0xc2, 0x1, 0xff, 0xff, 0xd0,
    0x0, 0x0, 0x0, 0xbf, 0x80, 0x0, 0x1f, 0xff,
    0xfd, 0x0, 0x0, 0x0, 0xa, 0x40, 0x0, 0x1,
    0xff, 0xff, 0xd0, 0x0, 0x0, 0x0, 0x0, 0x0,
    0x0, 0x1f, 0xff, 0xfd, 0x0, 0x0, 0x0, 0x0,
    0x0, 0x0, 0x1, 0xff, 0xff, 0xd0, 0x0, 0x0,
    0x0, 0x0, 0x0, 0x0, 0x1f, 0xff, 0xfd, 0x0,
    0x0, 0x0, 0x0, 0x0, 0x0, 0x1, 0xff, 0xff,
    0xd0, 0x0, 0x0, 0x0, 0x0, 0x0, 0x0, 0x1f,
    0xff, 0xfd, 0x0, 0x0, 0x0, 0x0, 0x0, 0x0,
    0x1, 0xff, 0xff, 0xd0, 0x0, 0x0, 0x0, 0x0,
    0x0, 0x0, 0x1f, 0xff, 0xfd, 0x0, 0x0, 0x0,
    0x0, 0x0, 0x0, 0x1, 0xff, 0xff, 0xd0, 0x0,
    0x0, 0x0, 0x0, 0x0, 0x0, 0x1f, 0xff, 0xfd,
    0x0, 0x0, 0x0, 0x0, 0x0, 0x0, 0x1, 0xff,
    0xff, 0xd0, 0x0, 0x0, 0x0, 0x0, 0x0, 0x0,
    0x1f, 0xff, 0xfd, 0x0, 0x0, 0x0, 0x0, 0x0,
    0x0, 0x1, 0xff, 0xff, 0xd0, 0x0, 0x0, 0x0,
    0x0, 0x0, 0x0, 0x1f, 0xff, 0xfd, 0x0, 0x0,
    0x0, 0x0, 0x0, 0x0, 0x1, 0xff, 0xff, 0xd0,
    0x0, 0x0, 0x0, 0x0, 0x0, 0x0, 0x2f, 0xff,
    0xfd, 0x0, 0x0, 0x0, 0x6f, 0xff, 0xff, 0xff,
    0xff, 0xff, 0xff, 0xff, 0xff, 0xb6, 0xff, 0xff,
    0xff, 0xff, 0xff, 0xff, 0xff, 0xff, 0xfb, 0x6f,
    0xff, 0xff, 0xff, 0xff, 0xff, 0xff, 0xff, 0xff,
    0xb6, 0xff, 0xff, 0xff, 0xff, 0xff, 0xff, 0xff,
    0xff, 0xfb,

    /* U+0032 "2" */
    0x0, 0x0, 0x1, 0x6b, 0xef, 0xfe, 0xc8, 0x20,
    0x0, 0x0, 0x0, 0x0, 0x6f, 0xff, 0xff, 0xff,
    0xff, 0xf9, 0x0, 0x0, 0x0, 0xa, 0xff, 0xff,
    0xff, 0xff, 0xff, 0xff, 0xe2, 0x0, 0x0, 0x8f,
    0xff, 0xff, 0xff, 0xff, 0xff, 0xff, 0xfd, 0x10,
    0x3, 0xff, 0xff, 0xfb, 0x41, 0x13, 0xaf, 0xff,
    0xff, 0x90, 0xb, 0xff, 0xff, 0x90, 0x0, 0x0,
    0x6, 0xff, 0xff, 0xf0, 0xf, 0xff, 0xfe, 0x0,
    0x0, 0x0, 0x0, 0xbf, 0xff, 0xf4, 0x2f, 0xff,
    0xfa, 0x0, 0x0, 0x0, 0x0, 0x6f, 0xff, 0xf6,
    0x2a, 0xaa, 0xa5, 0x0, 0x0, 0x0, 0x0, 0x5f,
    0xff, 0xf6, 0x0, 0x0, 0x0, 0x0, 0x0, 0x0,
    0x0, 0x8f, 0xff, 0xf4, 0x0, 0x0, 0x0, 0x0,
    0x0, 0x0, 0x0, 0xdf, 0xff, 0xf0, 0x0, 0x0,
    0x0, 0x0, 0x0, 0x0, 0x7, 0xff, 0xff, 0x90,
    0x0, 0x0, 0x0, 0x0, 0x0, 0x0, 0x3f, 0xff,
    0xff, 0x20, 0x0, 0x0, 0x0, 0x0, 0x0, 0x2,
    0xef, 0xff, 0xf6, 0x0, 0x0, 0x0, 0x0, 0x0,
    0x0, 0x1e, 0xff, 0xff, 0xa0, 0x0, 0x0, 0x0,
    0x0, 0x0, 0x1, 0xdf, 0xff, 0xfc, 0x0, 0x0,
    0x0, 0x0, 0x0, 0x0, 0x1d, 0xff, 0xff, 0xd1,
    0x0, 0x0, 0x0, 0x0, 0x0, 0x2, 0xef, 0xff,
    0xfd, 0x10, 0x0, 0x0, 0x0, 0x0, 0x0, 0x2e,
    0xff, 0xff, 0xd1, 0x0, 0x0, 0x0, 0x0, 0x0,
    0x2, 0xef, 0xff, 0xfd, 0x10, 0x0, 0x0, 0x0,
    0x0, 0x0, 0x2e, 0xff, 0xff, 0xe1, 0x0, 0x0,
    0x0, 0x0, 0x0, 0x2, 0xef, 0xff, 0xfe, 0x20,
    0x0, 0x0, 0x0, 0x0, 0x0, 0x2e, 0xff, 0xff,
    0xe2, 0x0, 0x0, 0x0, 0x0, 0x0, 0x3, 0xef,
    0xff, 0xff, 0x63, 0x33, 0x33, 0x33, 0x33, 0x33,
    0xe, 0xff, 0xff, 0xff, 0xff, 0xff, 0xff, 0xff,
    0xff, 0xfd, 0x1f, 0xff, 0xff, 0xff, 0xff, 0xff,
    0xff, 0xff, 0xff, 0xfd, 0x1f, 0xff, 0xff, 0xff,
    0xff, 0xff, 0xff, 0xff, 0xff, 0xfd, 0x1f, 0xff,
    0xff, 0xff, 0xff, 0xff, 0xff, 0xff, 0xff, 0xfd,

    /* U+0033 "3" */
    0x0, 0x0, 0x0, 0x5a, 0xde, 0xfe, 0xc8, 0x30,
    0x0, 0x0, 0x0, 0x0, 0x6, 0xff, 0xff, 0xff,
    0xff, 0xff, 0xa1, 0x0, 0x0, 0x0, 0xc, 0xff,
    0xff, 0xff, 0xff, 0xff, 0xff, 0xe2, 0x0, 0x0,
    0xb, 0xff, 0xff, 0xff, 0xff, 0xff, 0xff, 0xff,
    0xe1, 0x0, 0x7, 0xff, 0xff, 0xfc, 0x52, 0x13,
    0x8f, 0xff, 0xff, 0x90, 0x0, 0xef, 0xff, 0xf6,
    0x0, 0x0, 0x0, 0x4f, 0xff, 0xff, 0x0, 0x2f,
    0xff, 0xfb, 0x0, 0x0, 0x0, 0x0, 0xbf, 0xff,
    0xf4, 0x3, 0xdd, 0xdd, 0x60, 0x0, 0x0, 0x0,
    0x7, 0xff, 0xff, 0x50, 0x0, 0x0, 0x0, 0x0,
    0x0, 0x0, 0x0, 0x8f, 0xff, 0xf4, 0x0, 0x0,
    0x0, 0x0, 0x0, 0x0, 0x0, 0xc, 0xff, 0xff,
    0x10, 0x0, 0x0, 0x0, 0x0, 0x0, 0x0, 0x7,
    0xff, 0xff, 0xb0, 0x0, 0x0, 0x0, 0x0, 0x0,
    0x0, 0x4a, 0xff, 0xff, 0xe1, 0x0, 0x0, 0x0,
    0x0, 0xc, 0xff, 0xff, 0xff, 0xff, 0xc2, 0x0,
    0x0, 0x0, 0x0, 0x0, 0xcf, 0xff, 0xff, 0xfc,
    0x40, 0x0, 0x0, 0x0, 0x0, 0x0, 0xc, 0xff,
    0xff, 0xff, 0xfe, 0x91, 0x0, 0x0, 0x0, 0x0,
    0x0, 0xad, 0xde, 0xff, 0xff, 0xff, 0xf5, 0x0,
    0x0, 0x0, 0x0, 0x0, 0x0, 0x0, 0x4c, 0xff,
    0xff, 0xf3, 0x0, 0x0, 0x0, 0x0, 0x0, 0x0,
    0x0, 0xa, 0xff, 0xff, 0xc0, 0x0, 0x0, 0x0,
    0x0, 0x0, 0x0, 0x0, 0xf, 0xff, 0xff, 0x20,
    0x0, 0x0, 0x0, 0x0, 0x0, 0x0, 0x0, 0xcf,
    0xff, 0xf5, 0x9b, 0xbb, 0xb1, 0x0, 0x0, 0x0,
    0x0, 0xc, 0xff, 0xff, 0x5c, 0xff, 0xff, 0x60,
    0x0, 0x0, 0x0, 0x2, 0xff, 0xff, 0xf3, 0x7f,
    0xff, 0xff, 0x40, 0x0, 0x0, 0x1, 0xcf, 0xff,
    0xfe, 0x1, 0xff, 0xff, 0xff, 0xb5, 0x32, 0x48,
    0xff, 0xff, 0xff, 0x80, 0x5, 0xff, 0xff, 0xff,
    0xff, 0xff, 0xff, 0xff, 0xff, 0xb0, 0x0, 0x5,
    0xff, 0xff, 0xff, 0xff, 0xff, 0xff, 0xff, 0xb0,
    0x0, 0x0, 0x2, 0xbf, 0xff, 0xff, 0xff, 0xff,
    0xfe, 0x60, 0x0, 0x0, 0x0, 0x0, 0x27, 0xbd,
    0xff, 0xec, 0x94, 0x0, 0x0, 0x0,

    /* U+0034 "4" */
    0x0, 0x0, 0x0, 0x0, 0x0, 0x1, 0xef, 0xff,
    0xff, 0x70, 0x0, 0x0, 0x0, 0x0, 0x0, 0x0,
    0x0, 0xaf, 0xff, 0xff, 0xf7, 0x0, 0x0, 0x0,
    0x0, 0x0, 0x0, 0x0, 0x3f, 0xff, 0xff, 0xff,
    0x70, 0x0, 0x0, 0x0, 0x0, 0x0, 0x0, 0xd,
    0xff, 0xff, 0xff, 0xf7, 0x0, 0x0, 0x0, 0x0,
    0x0, 0x0, 0x7, 0xff, 0xff, 0xff, 0xff, 0x70,
    0x0, 0x0, 0x0, 0x0, 0x0, 0x2, 0xff, 0xff,
    0xff, 0xff, 0xf7, 0x0, 0x0, 0x0, 0x0, 0x0,
    0x0, 0xbf, 0xff, 0xf5, 0xff, 0xff, 0x70, 0x0,
    0x0, 0x0, 0x0, 0x0, 0x5f, 0xff, 0xf8, 0x3f,
    0xff, 0xf7, 0x0, 0x0, 0x0, 0x0, 0x0, 0xe,
    0xff, 0xfe, 0x3, 0xff, 0xff, 0x70, 0x0, 0x0,
    0x0, 0x0, 0x8, 0xff, 0xff, 0x50, 0x3f, 0xff,
    0xf7, 0x0, 0x0, 0x0, 0x0, 0x2, 0xff, 0xff,
    0xb0, 0x3, 0xff, 0xff, 0x70, 0x0, 0x0, 0x0,
    0x0, 0xcf, 0xff, 0xf2, 0x0, 0x3f, 0xff, 0xf7,
    0x0, 0x0, 0x0, 0x0, 0x6f, 0xff, 0xf8, 0x0,
    0x3, 0xff, 0xff, 0x70, 0x0, 0x0, 0x0, 0x1e,
    0xff, 0xfd, 0x0, 0x0, 0x3f, 0xff, 0xf7, 0x0,
    0x0, 0x0, 0xa, 0xff, 0xff, 0x40, 0x0, 0x3,
    0xff, 0xff, 0x70, 0x0, 0x0, 0x4, 0xff, 0xff,
    0xb0, 0x0, 0x0, 0x3f, 0xff, 0xf7, 0x0, 0x0,
    0x0, 0xdf, 0xff, 0xf2, 0x0, 0x0, 0x3, 0xff,
    0xff, 0x70, 0x0, 0x0, 0x7f, 0xff, 0xf7, 0x0,
    0x0, 0x0, 0x3f, 0xff, 0xf7, 0x0, 0x0, 0x2f,
    0xff, 0xfe, 0x11, 0x11, 0x11, 0x14, 0xff, 0xff,
    0x81, 0x11, 0x6, 0xff, 0xff, 0xff, 0xff, 0xff,
    0xff, 0xff, 0xff, 0xff, 0xff, 0xf0, 0x7f, 0xff,
    0xff, 0xff, 0xff, 0xff, 0xff, 0xff, 0xff, 0xff,
    0xff, 0x7, 0xff, 0xff, 0xff, 0xff, 0xff, 0xff,
    0xff, 0xff, 0xff, 0xff, 0xf0, 0x7f, 0xff, 0xff,
    0xff, 0xff, 0xff, 0xff, 0xff, 0xff, 0xff, 0xff,
    0x0, 0x0, 0x0, 0x0, 0x0, 0x0, 0x0, 0x4f,
    0xff, 0xf7, 0x0, 0x0, 0x0, 0x0, 0x0, 0x0,
    0x0, 0x0, 0x4, 0xff, 0xff, 0x70, 0x0, 0x0,
    0x0, 0x0, 0x0, 0x0, 0x0, 0x0, 0x4f, 0xff,
    0xf7, 0x0, 0x0, 0x0, 0x0, 0x0, 0x0, 0x0,
    0x0, 0x4, 0xff, 0xff, 0x70, 0x0, 0x0, 0x0,
    0x0, 0x0, 0x0, 0x0, 0x0, 0x4f, 0xff, 0xf7,
    0x0, 0x0,

    /* U+0035 "5" */
    0x0, 0x9f, 0xff, 0xff, 0xff, 0xff, 0xff, 0xff,
    0xff, 0x70, 0x0, 0xbf, 0xff, 0xff, 0xff, 0xff,
    0xff, 0xff, 0xff, 0x70, 0x0, 0xcf, 0xff, 0xff,
    0xff, 0xff, 0xff, 0xff, 0xff, 0x70, 0x0, 0xef,
    0xff, 0xff, 0xff, 0xff, 0xff, 0xff, 0xff, 0x70,
    0x0, 0xff, 0xff, 0x92, 0x22, 0x22, 0x22, 0x22,
    0x22, 0x10, 0x1, 0xff, 0xff, 0x60, 0x0, 0x0,
    0x0, 0x0, 0x0, 0x0, 0x3, 0xff, 0xff, 0x50,
    0x0, 0x0, 0x0, 0x0, 0x0, 0x0, 0x4, 0xff,
    0xff, 0x30, 0x0, 0x0, 0x0, 0x0, 0x0, 0x0,
    0x6, 0xff, 0xff, 0x10, 0x0, 0x0, 0x0, 0x0,
    0x0, 0x0, 0x8, 0xff, 0xff, 0x0, 0x5a, 0xcd,
    0xb8, 0x30, 0x0, 0x0, 0x9, 0xff, 0xfe, 0x4e,
    0xff, 0xff, 0xff, 0xfb, 0x10, 0x0, 0xb, 0xff,
    0xff, 0xff, 0xff, 0xff, 0xff, 0xff, 0xe3, 0x0,
    0xd, 0xff, 0xff, 0xff, 0xff, 0xff, 0xff, 0xff,
    0xfe, 0x10, 0xe, 0xff, 0xff, 0xe7, 0x20, 0x4,
    0xbf, 0xff, 0xff, 0xa0, 0x1, 0x36, 0x9a, 0x10,
    0x0, 0x0, 0x7, 0xff, 0xff, 0xf2, 0x0, 0x0,
    0x0, 0x0, 0x0, 0x0, 0x0, 0xbf, 0xff, 0xf8,
    0x0, 0x0, 0x0, 0x0, 0x0, 0x0, 0x0, 0x3f,
    0xff, 0xfb, 0x0, 0x0, 0x0, 0x0, 0x0, 0x0,
    0x0, 0xf, 0xff, 0xfd, 0x0, 0x0, 0x0, 0x0,
    0x0, 0x0, 0x0, 0xe, 0xff, 0xfe, 0x0, 0x0,
    0x0, 0x0, 0x0, 0x0, 0x0, 0xf, 0xff, 0xfd,
    0x7f, 0xff, 0xf6, 0x0, 0x0, 0x0, 0x0, 0x3f,
    0xff, 0xfb, 0x4f, 0xff, 0xfb, 0x0, 0x0, 0x0,
    0x0, 0xaf, 0xff, 0xf7, 0xf, 0xff, 0xff, 0x60,
    0x0, 0x0, 0x6, 0xff, 0xff, 0xf1, 0x8, 0xff,
    0xff, 0xfa, 0x41, 0x13, 0xaf, 0xff, 0xff, 0x80,
    0x0, 0xcf, 0xff, 0xff, 0xff, 0xff, 0xff, 0xff,
    0xfc, 0x0, 0x0, 0x1d, 0xff, 0xff, 0xff, 0xff,
    0xff, 0xff, 0xc1, 0x0, 0x0, 0x0, 0x8f, 0xff,
    0xff, 0xff, 0xff, 0xf8, 0x0, 0x0, 0x0, 0x0,
    0x1, 0x7b, 0xef, 0xfe, 0xb7, 0x10, 0x0, 0x0,

    /* U+0036 "6" */
    0x0, 0x0, 0x0, 0x17, 0xbe, 0xfe, 0xda, 0x50,
    0x0, 0x0, 0x0, 0x0, 0x0, 0x7f, 0xff, 0xff,
    0xff, 0xff, 0xe6, 0x0, 0x0, 0x0, 0x0, 0xbf,
    0xff, 0xff, 0xff, 0xff, 0xff, 0xfa, 0x0, 0x0,
    0x0, 0xaf, 0xff, 0xff, 0xff, 0xff, 0xff, 0xff,
    0xf9, 0x0, 0x0, 0x6f, 0xff, 0xff, 0xc7, 0x55,
    0x8e, 0xff, 0xff, 0xf3, 0x0, 0x1f, 0xff, 0xff,
    0x70, 0x0, 0x0, 0xc, 0xff, 0xff, 0xb0, 0x7,
    0xff, 0xff, 0x80, 0x0, 0x0, 0x0, 0x1f, 0xff,
    0xff, 0x0, 0xdf, 0xff, 0xe0, 0x0, 0x0, 0x0,
    0x0, 0x46, 0x66, 0x61, 0x2f, 0xff, 0xf8, 0x0,
    0x0, 0x0, 0x0, 0x0, 0x0, 0x0, 0x6, 0xff,
    0xff, 0x30, 0x1, 0x6a, 0xcc, 0xa6, 0x10, 0x0,
    0x0, 0x9f, 0xff, 0xf0, 0x7, 0xff, 0xff, 0xff,
    0xff, 0x70, 0x0, 0xc, 0xff, 0xfe, 0xb, 0xff,
    0xff, 0xff, 0xff, 0xff, 0xa0, 0x0, 0xdf, 0xff,
    0xe8, 0xff, 0xff, 0xff, 0xff, 0xff, 0xff, 0x90,
    0xe, 0xff, 0xff, 0xff, 0xf8, 0x20, 0x16, 0xdf,
    0xff, 0xff, 0x40, 0xff, 0xff, 0xff, 0xe2, 0x0,
    0x0, 0x1, 0xcf, 0xff, 0xfc, 0xe, 0xff, 0xff,
    0xf4, 0x0, 0x0, 0x0, 0x2, 0xff, 0xff, 0xf2,
    0xef, 0xff, 0xfc, 0x0, 0x0, 0x0, 0x0, 0xa,
    0xff, 0xff, 0x5c, 0xff, 0xff, 0x80, 0x0, 0x0,
    0x0, 0x0, 0x6f, 0xff, 0xf7, 0xaf, 0xff, 0xf7,
    0x0, 0x0, 0x0, 0x0, 0x4, 0xff, 0xff, 0x87,
    0xff, 0xff, 0x80, 0x0, 0x0, 0x0, 0x0, 0x6f,
    0xff, 0xf7, 0x3f, 0xff, 0xfd, 0x0, 0x0, 0x0,
    0x0, 0xa, 0xff, 0xff, 0x40, 0xef, 0xff, 0xf4,
    0x0, 0x0, 0x0, 0x2, 0xff, 0xff, 0xf1, 0x7,
    0xff, 0xff, 0xe2, 0x0, 0x0, 0x1, 0xdf, 0xff,
    0xfa, 0x0, 0xe, 0xff, 0xff, 0xf8, 0x21, 0x27,
    0xef, 0xff, 0xff, 0x20, 0x0, 0x3f, 0xff, 0xff,
    0xff, 0xff, 0xff, 0xff, 0xff, 0x70, 0x0, 0x0,
    0x4f, 0xff, 0xff, 0xff, 0xff, 0xff, 0xff, 0x80,
    0x0, 0x0, 0x0, 0x2b, 0xff, 0xff, 0xff, 0xff,
    0xfd, 0x40, 0x0, 0x0, 0x0, 0x0, 0x3, 0x8c,
    0xef, 0xfd, 0xa5, 0x0, 0x0, 0x0,

    /* U+0037 "7" */
    0x2f, 0xff, 0xff, 0xff, 0xff, 0xff, 0xff, 0xff,
    0xff, 0xfb, 0x2f, 0xff, 0xff, 0xff, 0xff, 0xff,
    0xff, 0xff, 0xff, 0xfb, 0x2f, 0xff, 0xff, 0xff,
    0xff, 0xff, 0xff, 0xff, 0xff, 0xfb, 0x2f, 0xff,
    0xff, 0xff, 0xff, 0xff, 0xff, 0xff, 0xff, 0xfb,
    0x4, 0x44, 0x44, 0x44, 0x44, 0x44, 0x44, 0xbf,
    0xff, 0xf8, 0x0, 0x0, 0x0, 0x0, 0x0, 0x0,
    0x1, 0xff, 0xff, 0xf1, 0x0, 0x0, 0x0, 0x0,
    0x0, 0x0, 0x9, 0xff, 0xff, 0x90, 0x0, 0x0,
    0x0, 0x0, 0x0, 0x0, 0x1f, 0xff, 0xff, 0x10,
    0x0, 0x0, 0x0, 0x0, 0x0, 0x0, 0x9f, 0xff,
    0xf9, 0x0, 0x0, 0x0, 0x0, 0x0, 0x0, 0x1,
    0xff, 0xff, 0xf1, 0x0, 0x0, 0x0, 0x0, 0x0,
    0x0, 0x9, 0xff, 0xff, 0x90, 0x0, 0x0, 0x0,
    0x0, 0x0, 0x0, 0x1f, 0xff, 0xff, 0x10, 0x0,
    0x0, 0x0, 0x0, 0x0, 0x0, 0x8f, 0xff, 0xf9,
    0x0, 0x0, 0x0, 0x0, 0x0, 0x0, 0x1, 0xff,
    0xff, 0xf2, 0x0, 0x0, 0x0, 0x0, 0x0, 0x0,
    0x8, 0xff, 0xff, 0x90, 0x0, 0x0, 0x0, 0x0,
    0x0, 0x0, 0x1f, 0xff, 0xff, 0x20, 0x0, 0x0,
    0x0, 0x0, 0x0, 0x0, 0x8f, 0xff, 0xf9, 0x0,
    0x0, 0x0, 0x0, 0x0, 0x0, 0x1, 0xff, 0xff,
    0xf2, 0x0, 0x0, 0x0, 0x0, 0x0, 0x0, 0x8,
    0xff, 0xff, 0xa0, 0x0, 0x0, 0x0, 0x0, 0x0,
    0x0, 0x1f, 0xff, 0xff, 0x20, 0x0, 0x0, 0x0,
    0x0, 0x0, 0x0, 0x8f, 0xff, 0xfa, 0x0, 0x0,
    0x0, 0x0, 0x0, 0x0, 0x1, 0xff, 0xff, 0xf2,
    0x0, 0x0, 0x0, 0x0, 0x0, 0x0, 0x8, 0xff,
    0xff, 0xa0, 0x0, 0x0, 0x0, 0x0, 0x0, 0x0,
    0x1f, 0xff, 0xff, 0x20, 0x0, 0x0, 0x0, 0x0,
    0x0, 0x0, 0x8f, 0xff, 0xfa, 0x0, 0x0, 0x0,
    0x0, 0x0, 0x0, 0x0, 0xef, 0xff, 0xf2, 0x0,
    0x0, 0x0, 0x0, 0x0, 0x0, 0x7, 0xff, 0xff,
    0xa0, 0x0, 0x0, 0x0, 0x0, 0x0, 0x0, 0xe,
    0xff, 0xff, 0x20, 0x0, 0x0, 0x0, 0x0, 0x0,

    /* U+0038 "8" */
    0x0, 0x0, 0x1, 0x6a, 0xde, 0xfe, 0xc8, 0x40,
    0x0, 0x0, 0x0, 0x0, 0x7, 0xff, 0xff, 0xff,
    0xff, 0xff, 0xc3, 0x0, 0x0, 0x0, 0xc, 0xff,
    0xff, 0xff, 0xff, 0xff, 0xff, 0xf6, 0x0, 0x0,
    0xc, 0xff, 0xff, 0xff, 0xfe, 0xff, 0xff, 0xff,
    0xf5, 0x0, 0x6, 0xff, 0xff, 0xfa, 0x30, 0x1,
    0x6e, 0xff, 0xff, 0xe0, 0x0, 0xbf, 0xff, 0xf8,
    0x0, 0x0, 0x0, 0x1e, 0xff, 0xff, 0x50, 0xe,
    0xff, 0xff, 0x10, 0x0, 0x0, 0x0, 0x7f, 0xff,
    0xf7, 0x0, 0xef, 0xff, 0xe0, 0x0, 0x0, 0x0,
    0x5, 0xff, 0xff, 0x70, 0xc, 0xff, 0xff, 0x0,
    0x0, 0x0, 0x0, 0x7f, 0xff, 0xf5, 0x0, 0x6f,
    0xff, 0xf8, 0x0, 0x0, 0x0, 0xd, 0xff, 0xfe,
    0x0, 0x0, 0xcf, 0xff, 0xf8, 0x10, 0x0, 0x3d,
    0xff, 0xff, 0x50, 0x0, 0x1, 0xcf, 0xff, 0xff,
    0xcc, 0xef, 0xff, 0xff, 0x70, 0x0, 0x0, 0x0,
    0x6c, 0xff, 0xff, 0xff, 0xff, 0xf9, 0x20, 0x0,
    0x0, 0x0, 0x19, 0xef, 0xff, 0xff, 0xff, 0xff,
    0xc6, 0x0, 0x0, 0x0, 0x5f, 0xff, 0xff, 0xff,
    0xff, 0xff, 0xff, 0xfc, 0x10, 0x0, 0x5f, 0xff,
    0xff, 0xb4, 0x10, 0x27, 0xef, 0xff, 0xfd, 0x0,
    0x1e, 0xff, 0xff, 0x70, 0x0, 0x0, 0x1, 0xdf,
    0xff, 0xf9, 0x7, 0xff, 0xff, 0xa0, 0x0, 0x0,
    0x0, 0x2, 0xff, 0xff, 0xf0, 0xcf, 0xff, 0xf4,
    0x0, 0x0, 0x0, 0x0, 0xc, 0xff, 0xff, 0x5e,
    0xff, 0xff, 0x20, 0x0, 0x0, 0x0, 0x0, 0x9f,
    0xff, 0xf7, 0xef, 0xff, 0xf3, 0x0, 0x0, 0x0,
    0x0, 0xa, 0xff, 0xff, 0x8c, 0xff, 0xff, 0x70,
    0x0, 0x0, 0x0, 0x0, 0xef, 0xff, 0xf6, 0x8f,
    0xff, 0xff, 0x20, 0x0, 0x0, 0x0, 0x9f, 0xff,
    0xff, 0x11, 0xff, 0xff, 0xff, 0x61, 0x0, 0x3,
    0xbf, 0xff, 0xff, 0x90, 0x5, 0xff, 0xff, 0xff,
    0xfe, 0xde, 0xff, 0xff, 0xff, 0xd1, 0x0, 0x5,
    0xff, 0xff, 0xff, 0xff, 0xff, 0xff, 0xff, 0xc1,
    0x0, 0x0, 0x2, 0xbf, 0xff, 0xff, 0xff, 0xff,
    0xff, 0x70, 0x0, 0x0, 0x0, 0x0, 0x28, 0xbe,
    0xff, 0xfd, 0xa5, 0x0, 0x0, 0x0,

    /* U+0039 "9" */
    0x0, 0x0, 0x1, 0x7b, 0xef, 0xfd, 0xb6, 0x10,
    0x0, 0x0, 0x0, 0x0, 0x9, 0xff, 0xff, 0xff,
    0xff, 0xff, 0x70, 0x0, 0x0, 0x0, 0x2d, 0xff,
    0xff, 0xff, 0xff, 0xff, 0xff, 0xb1, 0x0, 0x0,
    0xd, 0xff, 0xff, 0xff, 0xff, 0xff, 0xff, 0xff,
    0xc0, 0x0, 0xa, 0xff, 0xff, 0xfb, 0x41, 0x14,
    0xaf, 0xff, 0xff, 0x70, 0x3, 0xff, 0xff, 0xf7,
    0x0, 0x0, 0x0, 0x6f, 0xff, 0xff, 0x10, 0x8f,
    0xff, 0xf9, 0x0, 0x0, 0x0, 0x0, 0x9f, 0xff,
    0xf7, 0xc, 0xff, 0xff, 0x20, 0x0, 0x0, 0x0,
    0x1, 0xff, 0xff, 0xc0, 0xef, 0xff, 0xf0, 0x0,
    0x0, 0x0, 0x0, 0xe, 0xff, 0xff, 0x1e, 0xff,
    0xfe, 0x0, 0x0, 0x0, 0x0, 0x0, 0xdf, 0xff,
    0xf4, 0xdf, 0xff, 0xf1, 0x0, 0x0, 0x0, 0x0,
    0x1f, 0xff, 0xff, 0x6a, 0xff, 0xff, 0x70, 0x0,
    0x0, 0x0, 0x7, 0xff, 0xff, 0xf7, 0x6f, 0xff,
    0xff, 0x30, 0x0, 0x0, 0x3, 0xff, 0xff, 0xff,
    0x80, 0xef, 0xff, 0xff, 0x60, 0x0, 0x17, 0xff,
    0xff, 0xff, 0xf8, 0x4, 0xff, 0xff, 0xff, 0xfd,
    0xef, 0xff, 0xf9, 0xff, 0xff, 0x70, 0x7, 0xff,
    0xff, 0xff, 0xff, 0xff, 0xf8, 0x5f, 0xff, 0xf6,
    0x0, 0x4, 0xef, 0xff, 0xff, 0xff, 0xf5, 0x6,
    0xff, 0xff, 0x50, 0x0, 0x0, 0x7b, 0xef, 0xfc,
    0x81, 0x0, 0x9f, 0xff, 0xf3, 0x0, 0x0, 0x0,
    0x0, 0x0, 0x0, 0x0, 0xc, 0xff, 0xff, 0x0,
    0x0, 0x0, 0x0, 0x0, 0x0, 0x0, 0x1, 0xff,
    0xff, 0xb0, 0x8f, 0xff, 0xf5, 0x0, 0x0, 0x0,
    0x0, 0x8f, 0xff, 0xf6, 0x5, 0xff, 0xff, 0xc0,
    0x0, 0x0, 0x0, 0x2f, 0xff, 0xff, 0x10, 0x1f,
    0xff, 0xff, 0x90, 0x0, 0x0, 0x2d, 0xff, 0xff,
    0x90, 0x0, 0x8f, 0xff, 0xff, 0xd7, 0x55, 0x9f,
    0xff, 0xff, 0xe1, 0x0, 0x0, 0xcf, 0xff, 0xff,
    0xff, 0xff, 0xff, 0xff, 0xf4, 0x0, 0x0, 0x1,
    0xdf, 0xff, 0xff, 0xff, 0xff, 0xff, 0xf5, 0x0,
    0x0, 0x0, 0x0, 0x9f, 0xff, 0xff, 0xff, 0xff,
    0xd3, 0x0, 0x0, 0x0, 0x0, 0x0, 0x28, 0xce,
    0xff, 0xda, 0x40, 0x0, 0x0, 0x0,

    /* U+003A ":" */
    0x7, 0xee, 0xa1, 0x6, 0xff, 0xff, 0xb0, 0xbf,
    0xff, 0xff, 0xb, 0xff, 0xff, 0xf0, 0x5f, 0xff,
    0xfa, 0x0, 0x6c, 0xd8, 0x0, 0x0, 0x0, 0x0,
    0x0, 0x0, 0x0, 0x0, 0x0, 0x0, 0x0, 0x0,
    0x0, 0x0, 0x0, 0x0, 0x0, 0x0, 0x0, 0x0,
    0x0, 0x0, 0x0, 0x0, 0x0, 0x0, 0x0, 0x0,
    0x0, 0x6, 0xcd, 0x80, 0x5, 0xff, 0xff, 0xa0,
    0xbf, 0xff, 0xff, 0xb, 0xff, 0xff, 0xf0, 0x6f,
    0xff, 0xfb, 0x0, 0x7e, 0xea, 0x10,

    /* U+003B ";" */
    0x0, 0x2a, 0xdb, 0x30, 0x0, 0xef, 0xff, 0xf1,
    0x5, 0xff, 0xff, 0xf6, 0x5, 0xff, 0xff, 0xf7,
    0x1, 0xef, 0xff, 0xf2, 0x0, 0x3c, 0xfc, 0x40,
    0x0, 0x0, 0x0, 0x0, 0x0, 0x0, 0x0, 0x0,
    0x0, 0x0, 0x0, 0x0, 0x0, 0x0, 0x0, 0x0,
    0x0, 0x0, 0x0, 0x0, 0x0, 0x0, 0x0, 0x0,
    0x0, 0x0, 0x0, 0x0, 0x0, 0x0, 0x0, 0x0,
    0x0, 0x0, 0x0, 0x0, 0x0, 0x33, 0x33, 0x20,
    0x1, 0xff, 0xff, 0xc0, 0x3, 0xff, 0xff, 0x70,
    0x6, 0xff, 0xff, 0x30, 0x8, 0xff, 0xfe, 0x0,
    0xa, 0xff, 0xfa, 0x0, 0xd, 0xff, 0xf5, 0x0,
    0xf, 0xff, 0xf1, 0x0, 0x1f, 0xff, 0xc0, 0x0,
    0x4f, 0xff, 0x70, 0x0, 0x6f, 0xff, 0x20, 0x0,
    0x8f, 0xfe, 0x0, 0x0,

    /* U+003C "<" */
    0x0, 0x0, 0x0, 0x0, 0x0, 0x0, 0x0, 0x0,
    0x0, 0x20, 0x0, 0x0, 0x0, 0x0, 0x0, 0x0,
    0x0, 0x18, 0xe8, 0x0, 0x0, 0x0, 0x0, 0x0,
    0x0, 0x2, 0x9f, 0xff, 0x80, 0x0, 0x0, 0x0,
    0x0, 0x0, 0x3a, 0xff, 0xff, 0xf8, 0x0, 0x0,
    0x0, 0x0, 0x4, 0xbf, 0xff, 0xff, 0xff, 0x80,
    0x0, 0x0, 0x0, 0x5c, 0xff, 0xff, 0xff, 0xff,
    0xc3, 0x0, 0x0, 0x6, 0xdf, 0xff, 0xff, 0xff,
    0xfa, 0x30, 0x0, 0x0, 0x7e, 0xff, 0xff, 0xff,
    0xfe, 0x81, 0x0, 0x0, 0x18, 0xff, 0xff, 0xff,
    0xff, 0xc5, 0x0, 0x0, 0x0, 0xe, 0xff, 0xff,
    0xff, 0xfa, 0x30, 0x0, 0x0, 0x0, 0x0, 0xff,
    0xff, 0xfe, 0x81, 0x0, 0x0, 0x0, 0x0, 0x0,
    0xf, 0xff, 0xff, 0xe6, 0x0, 0x0, 0x0, 0x0,
    0x0, 0x0, 0xef, 0xff, 0xff, 0xff, 0x82, 0x0,
    0x0, 0x0, 0x0, 0x2, 0x9f, 0xff, 0xff, 0xff,
    0xfb, 0x40, 0x0, 0x0, 0x0, 0x0, 0x18, 0xff,
    0xff, 0xff, 0xff, 0xd6, 0x0, 0x0, 0x0, 0x0,
    0x0, 0x7e, 0xff, 0xff, 0xff, 0xfe, 0x81, 0x0,
    0x0, 0x0, 0x0, 0x6, 0xdf, 0xff, 0xff, 0xff,
    0xfa, 0x20, 0x0, 0x0, 0x0, 0x0, 0x5c, 0xff,
    0xff, 0xff, 0xf8, 0x0, 0x0, 0x0, 0x0, 0x0,
    0x4, 0xbf, 0xff, 0xff, 0x80, 0x0, 0x0, 0x0,
    0x0, 0x0, 0x0, 0x2a, 0xff, 0xf8, 0x0, 0x0,
    0x0, 0x0, 0x0, 0x0, 0x0, 0x1, 0x9f, 0x80,
    0x0, 0x0, 0x0, 0x0, 0x0, 0x0, 0x0, 0x0,
    0x13,

    /* U+003D "=" */
    0xaf, 0xff, 0xff, 0xff, 0xff, 0xff, 0xff, 0xff,
    0xff, 0x4a, 0xff, 0xff, 0xff, 0xff, 0xff, 0xff,
    0xff, 0xff, 0xf4, 0xaf, 0xff, 0xff, 0xff, 0xff,
    0xff, 0xff, 0xff, 0xff, 0x4a, 0xff, 0xff, 0xff,
    0xff, 0xff, 0xff, 0xff, 0xff, 0xf4, 0x11, 0x11,
    0x11, 0x11, 0x11, 0x11, 0x11, 0x11, 0x11, 0x0,
    0x0, 0x0, 0x0, 0x0, 0x0, 0x0, 0x0, 0x0,
    0x0, 0x0, 0x0, 0x0, 0x0, 0x0, 0x0, 0x0,
    0x0, 0x0, 0x0, 0x0, 0x0, 0x0, 0x0, 0x0,
    0x0, 0x0, 0x0, 0x0, 0x12, 0x22, 0x22, 0x22,
    0x22, 0x22, 0x22, 0x22, 0x22, 0xa, 0xff, 0xff,
    0xff, 0xff, 0xff, 0xff, 0xff, 0xff, 0xf4, 0xaf,
    0xff, 0xff, 0xff, 0xff, 0xff, 0xff, 0xff, 0xff,
    0x4a, 0xff, 0xff, 0xff, 0xff, 0xff, 0xff, 0xff,
    0xff, 0xf4, 0xaf, 0xff, 0xff, 0xff, 0xff, 0xff,
    0xff, 0xff, 0xff, 0x40,

    /* U+003E ">" */
    0x30, 0x0, 0x0, 0x0, 0x0, 0x0, 0x0, 0x0,
    0x0, 0xf, 0xc4, 0x0, 0x0, 0x0, 0x0, 0x0,
    0x0, 0x0, 0x0, 0xff, 0xfd, 0x50, 0x0, 0x0,
    0x0, 0x0, 0x0, 0x0, 0xf, 0xff, 0xff, 0xe7,
    0x0, 0x0, 0x0, 0x0, 0x0, 0x0, 0xff, 0xff,
    0xff, 0xfe, 0x81, 0x0, 0x0, 0x0, 0x0, 0x8,
    0xef, 0xff, 0xff, 0xff, 0xf9, 0x20, 0x0, 0x0,
    0x0, 0x0, 0x6d, 0xff, 0xff, 0xff, 0xff, 0xa3,
    0x0, 0x0, 0x0, 0x0, 0x4, 0xbf, 0xff, 0xff,
    0xff, 0xfb, 0x40, 0x0, 0x0, 0x0, 0x0, 0x28,
    0xef, 0xff, 0xff, 0xff, 0xc5, 0x0, 0x0, 0x0,
    0x0, 0x0, 0x6d, 0xff, 0xff, 0xff, 0xf7, 0x0,
    0x0, 0x0, 0x0, 0x0, 0x4, 0xbf, 0xff, 0xff,
    0x70, 0x0, 0x0, 0x0, 0x0, 0x0, 0x29, 0xff,
    0xff, 0xf7, 0x0, 0x0, 0x0, 0x0, 0x5, 0xbf,
    0xff, 0xff, 0xff, 0x70, 0x0, 0x0, 0x1, 0x7d,
    0xff, 0xff, 0xff, 0xfd, 0x60, 0x0, 0x0, 0x29,
    0xff, 0xff, 0xff, 0xff, 0xc5, 0x0, 0x0, 0x4,
    0xbf, 0xff, 0xff, 0xff, 0xfb, 0x40, 0x0, 0x0,
    0x6d, 0xff, 0xff, 0xff, 0xff, 0xa2, 0x0, 0x0,
    0x0, 0xf, 0xff, 0xff, 0xff, 0xf9, 0x20, 0x0,
    0x0, 0x0, 0x0, 0xff, 0xff, 0xfe, 0x81, 0x0,
    0x0, 0x0, 0x0, 0x0, 0xf, 0xff, 0xe7, 0x0,
    0x0, 0x0, 0x0, 0x0, 0x0, 0x0, 0xfd, 0x50,
    0x0, 0x0, 0x0, 0x0, 0x0, 0x0, 0x0, 0x4,
    0x0, 0x0, 0x0, 0x0, 0x0, 0x0, 0x0, 0x0,
    0x0,

    /* U+003F "?" */
    0x0, 0x0, 0x5, 0xad, 0xff, 0xdc, 0x72, 0x0,
    0x0, 0x0, 0x5, 0xef, 0xff, 0xff, 0xff, 0xff,
    0x91, 0x0, 0x0, 0x7f, 0xff, 0xff, 0xff, 0xff,
    0xff, 0xfd, 0x0, 0x4, 0xff, 0xff, 0xff, 0xff,
    0xff, 0xff, 0xff, 0xb0, 0xd, 0xff, 0xff, 0xd5,
    0x10, 0x3b, 0xff, 0xff, 0xf4, 0x3f, 0xff, 0xfe,
    0x10, 0x0, 0x0, 0xbf, 0xff, 0xf9, 0x6f, 0xff,
    0xf7, 0x0, 0x0, 0x0, 0x4f, 0xff, 0xfc, 0x5a,
    0xaa, 0xa2, 0x0, 0x0, 0x0, 0x2f, 0xff, 0xfc,
    0x0, 0x0, 0x0, 0x0, 0x0, 0x0, 0x5f, 0xff,
    0xfb, 0x0, 0x0, 0x0, 0x0, 0x0, 0x0, 0xcf,
    0xff, 0xf7, 0x0, 0x0, 0x0, 0x0, 0x0, 0xa,
    0xff, 0xff, 0xf2, 0x0, 0x0, 0x0, 0x0, 0x2,
    0xcf, 0xff, 0xff, 0x70, 0x0, 0x0, 0x0, 0x0,
    0x6f, 0xff, 0xff, 0xf8, 0x0, 0x0, 0x0, 0x0,
    0x6, 0xff, 0xff, 0xfe, 0x50, 0x0, 0x0, 0x0,
    0x0, 0x1f, 0xff, 0xff, 0xb1, 0x0, 0x0, 0x0,
    0x0, 0x0, 0x6f, 0xff, 0xfa, 0x0, 0x0, 0x0,
    0x0, 0x0, 0x0, 0xaf, 0xff, 0xf1, 0x0, 0x0,
    0x0, 0x0, 0x0, 0x0, 0xbf, 0xff, 0xc0, 0x0,
    0x0, 0x0, 0x0, 0x0, 0x0, 0xcf, 0xff, 0xa0,
    0x0, 0x0, 0x0, 0x0, 0x0, 0x0, 0x34, 0x44,
    0x30, 0x0, 0x0, 0x0, 0x0, 0x0, 0x0, 0x0,
    0x0, 0x0, 0x0, 0x0, 0x0, 0x0, 0x0, 0x0,
    0x0, 0x0, 0x0, 0x0, 0x0, 0x0, 0x0, 0x0,
    0x0, 0x2a, 0xca, 0x20, 0x0, 0x0, 0x0, 0x0,
    0x0, 0x2, 0xff, 0xff, 0xe1, 0x0, 0x0, 0x0,
    0x0, 0x0, 0x7, 0xff, 0xff, 0xf5, 0x0, 0x0,
    0x0, 0x0, 0x0, 0x8, 0xff, 0xff, 0xf6, 0x0,
    0x0, 0x0, 0x0, 0x0, 0x3, 0xff, 0xff, 0xf1,
    0x0, 0x0, 0x0, 0x0, 0x0, 0x0, 0x4d, 0xfc,
    0x30, 0x0, 0x0, 0x0,

    /* U+0040 "@" */
    0x0, 0x0, 0x0, 0x0, 0x0, 0x0, 0x37, 0xad,
    0xef, 0xff, 0xec, 0x95, 0x10, 0x0, 0x0, 0x0,
    0x0, 0x0, 0x0, 0x0, 0x0, 0x0, 0x1, 0x8e,
    0xff, 0xff, 0xff, 0xff, 0xff, 0xff, 0xfa, 0x20,
    0x0, 0x0, 0x0, 0x0, 0x0, 0x0, 0x0, 0x0,
    0x7f, 0xff, 0xff, 0xff, 0xff, 0xff, 0xff, 0xff,
    0xff, 0xf9, 0x10, 0x0, 0x0, 0x0, 0x0, 0x0,
    0x0, 0x1c, 0xff, 0xff, 0xff, 0xff, 0xec, 0xbc,
    0xdf, 0xff, 0xff, 0xff, 0xe3, 0x0, 0x0, 0x0,
    0x0, 0x0, 0x2, 0xef, 0xff, 0xff, 0xd7, 0x30,
    0x0, 0x0, 0x0, 0x38, 0xef, 0xff, 0xff, 0x50,
    0x0, 0x0, 0x0, 0x0, 0x1e, 0xff, 0xff, 0xd5,
    0x0, 0x0, 0x0, 0x0, 0x0, 0x0, 0x7, 0xff,
    0xff, 0xf4, 0x0, 0x0, 0x0, 0x0, 0xcf, 0xff,
    0xfb, 0x0, 0x0, 0x0, 0x0, 0x0, 0x0, 0x0,
    0x0, 0x2e, 0xff, 0xfe, 0x10, 0x0, 0x0, 0x6,
    0xff, 0xff, 0x90, 0x0, 0x0, 0x0, 0x0, 0x0,
    0x0, 0x0, 0x0, 0x1, 0xef, 0xff, 0xb0, 0x0,
    0x0, 0x1e, 0xff, 0xfd, 0x0, 0x0, 0x0, 0x0,
    0x0, 0x0, 0x0, 0x0, 0x0, 0x0, 0x3f, 0xff,
    0xf4, 0x0, 0x0, 0x7f, 0xff, 0xf2, 0x0, 0x0,
    0x0, 0x38, 0xbb, 0xa6, 0x10, 0x35, 0x54, 0x0,
    0x9, 0xff, 0xfb, 0x0, 0x0, 0xdf, 0xff, 0xa0,
    0x0, 0x0, 0x1b, 0xff, 0xff, 0xff, 0xe5, 0x9f,
    0xff, 0x0, 0x2, 0xff, 0xff, 0x10, 0x2, 0xff,
    0xff, 0x30, 0x0, 0x2, 0xdf, 0xff, 0xff, 0xff,
    0xff, 0xdf, 0xff, 0x0, 0x0, 0xbf, 0xff, 0x60,
    0x7, 0xff, 0xfd, 0x0, 0x0, 0xc, 0xff, 0xff,
    0xff, 0xff, 0xff, 0xff, 0xff, 0x0, 0x0, 0x7f,
    0xff, 0xa0, 0xa, 0xff, 0xf9, 0x0, 0x0, 0x7f,
    0xff, 0xf8, 0x20, 0x14, 0xcf, 0xff, 0xff, 0x0,
    0x0, 0x3f, 0xff, 0xd0, 0xd, 0xff, 0xf6, 0x0,
    0x0, 0xdf, 0xff, 0x50, 0x0, 0x0, 0xb, 0xff,
    0xff, 0x0, 0x0, 0x1f, 0xff, 0xf0, 0xf, 0xff,
    0xf4, 0x0, 0x3, 0xff, 0xfb, 0x0, 0x0, 0x0,
    0x2, 0xff, 0xff, 0x0, 0x0, 0xf, 0xff, 0xf0,
    0xf, 0xff, 0xf3, 0x0, 0x6, 0xff, 0xf5, 0x0,
    0x0, 0x0, 0x0, 0xef, 0xff, 0x0, 0x0, 0xf,
    0xff, 0xf0, 0x1f, 0xff, 0xf2, 0x0, 0x8, 0xff,
    0xf2, 0x0, 0x0, 0x0, 0x0, 0xcf, 0xff, 0x0,
    0x0, 0xf, 0xff, 0xf0, 0x1f, 0xff, 0xf1, 0x0,
    0x9, 0xff, 0xf1, 0x0, 0x0, 0x0, 0x0, 0xbf,
    0xff, 0x0, 0x0, 0xf, 0xff, 0xf0, 0xf, 0xff,
    0xf3, 0x0, 0x8, 0xff, 0xf2, 0x0, 0x0, 0x0,
    0x0, 0xcf, 0xff, 0x0, 0x0, 0xf, 0xff, 0xd0,
    0xf, 0xff, 0xf4, 0x0, 0x7, 0xff, 0xf5, 0x0,
    0x0, 0x0, 0x0, 0xef, 0xff, 0x0, 0x0, 0x2f,
    0xff, 0xb0, 0xd, 0xff, 0xf5, 0x0, 0x4, 0xff,
    0xfa, 0x0, 0x0, 0x0, 0x2, 0xff, 0xff, 0x0,
    0x0, 0x5f, 0xff, 0x80, 0xb, 0xff, 0xf9, 0x0,
    0x0, 0xff, 0xff, 0x20, 0x0, 0x0, 0xa, 0xff,
    0xff, 0x0, 0x0, 0x9f, 0xff, 0x40, 0x8, 0xff,
    0xfd, 0x0, 0x0, 0xaf, 0xff, 0xd2, 0x0, 0x0,
    0x8f, 0xff, 0xff, 0x20, 0x1, 0xef, 0xfe, 0x0,
    0x4, 0xff, 0xff, 0x20, 0x0, 0x1f, 0xff, 0xff,
    0xba, 0xbe, 0xff, 0xff, 0xff, 0xd6, 0x6d, 0xff,
    0xf7, 0x0, 0x0, 0xff, 0xff, 0x90, 0x0, 0x6,
    0xff, 0xff, 0xff, 0xff, 0xff, 0x5f, 0xff, 0xff,
    0xff, 0xff, 0xd0, 0x0, 0x0, 0x9f, 0xff, 0xf1,
    0x0, 0x0, 0x6f, 0xff, 0xff, 0xff, 0xf7, 0x6,
    0xff, 0xff, 0xff, 0xfd, 0x10, 0x0, 0x0, 0x2f,
    0xff, 0xfc, 0x0, 0x0, 0x2, 0x8d, 0xff, 0xda,
    0x30, 0x0, 0x3a, 0xef, 0xec, 0x60, 0x0, 0x0,
    0x0, 0x9, 0xff, 0xff, 0x90, 0x0, 0x0, 0x0,
    0x0, 0x0, 0x0, 0x0, 0x0, 0x0, 0x0, 0x0,
    0x0, 0x0, 0x0, 0x1, 0xef, 0xff, 0xfb, 0x0,
    0x0, 0x0, 0x0, 0x0, 0x0, 0x0, 0x0, 0x0,
    0x0, 0x0, 0x0, 0x0, 0x0, 0x0, 0x3f, 0xff,
    0xff, 0xd5, 0x0, 0x0, 0x0, 0x0, 0x0, 0x0,
    0x0, 0x0, 0x0, 0x0, 0x0, 0x0, 0x0, 0x0,
    0x4, 0xff, 0xff, 0xff, 0xd8, 0x40, 0x0, 0x0,
    0x0, 0x14, 0x9d, 0x60, 0x0, 0x0, 0x0, 0x0,
    0x0, 0x0, 0x0, 0x3e, 0xff, 0xff, 0xff, 0xff,
    0xed, 0xcc, 0xde, 0xff, 0xff, 0xc0, 0x0, 0x0,
    0x0, 0x0, 0x0, 0x0, 0x0, 0x0, 0x9f, 0xff,
    0xff, 0xff, 0xff, 0xff, 0xff, 0xff, 0xff, 0xf2,
    0x0, 0x0, 0x0, 0x0, 0x0, 0x0, 0x0, 0x0,
    0x2, 0x9e, 0xff, 0xff, 0xff, 0xff, 0xff, 0xff,
    0xff, 0xa2, 0x0, 0x0, 0x0, 0x0, 0x0, 0x0,
    0x0, 0x0, 0x0, 0x0, 0x37, 0xac, 0xef, 0xff,
    0xec, 0xa7, 0x30, 0x0, 0x0, 0x0, 0x0, 0x0,

    /* U+0041 "A" */
    0x0, 0x0, 0x0, 0x0, 0x0, 0x9f, 0xff, 0xff,
    0xf1, 0x0, 0x0, 0x0, 0x0, 0x0, 0x0, 0x0,
    0x0, 0x0, 0xe, 0xff, 0xff, 0xff, 0x60, 0x0,
    0x0, 0x0, 0x0, 0x0, 0x0, 0x0, 0x0, 0x4,
    0xff, 0xff, 0xff, 0xfb, 0x0, 0x0, 0x0, 0x0,
    0x0, 0x0, 0x0, 0x0, 0x0, 0xaf, 0xff, 0xff,
    0xff, 0xf1, 0x0, 0x0, 0x0, 0x0, 0x0, 0x0,
    0x0, 0x0, 0xf, 0xff, 0xfb, 0xff, 0xff, 0x70,
    0x0, 0x0, 0x0, 0x0, 0x0, 0x0, 0x0, 0x5,
    0xff, 0xff, 0x4e, 0xff, 0xfc, 0x0, 0x0, 0x0,
    0x0, 0x0, 0x0, 0x0, 0x0, 0xaf, 0xff, 0xf0,
    0xaf, 0xff, 0xf2, 0x0, 0x0, 0x0, 0x0, 0x0,
    0x0, 0x0, 0xf, 0xff, 0xfb, 0x5, 0xff, 0xff,
    0x80, 0x0, 0x0, 0x0, 0x0, 0x0, 0x0, 0x5,
    0xff, 0xff, 0x70, 0x1f, 0xff, 0xfd, 0x0, 0x0,
    0x0, 0x0, 0x0, 0x0, 0x0, 0xbf, 0xff, 0xf3,
    0x0, 0xcf, 0xff, 0xf3, 0x0, 0x0, 0x0, 0x0,
    0x0, 0x0, 0x1f, 0xff, 0xfe, 0x0, 0x8, 0xff,
    0xff, 0x80, 0x0, 0x0, 0x0, 0x0, 0x0, 0x6,
    0xff, 0xff, 0xa0, 0x0, 0x3f, 0xff, 0xfe, 0x0,
    0x0, 0x0, 0x0, 0x0, 0x0, 0xbf, 0xff, 0xf5,
    0x0, 0x0, 0xef, 0xff, 0xf4, 0x0, 0x0, 0x0,
    0x0, 0x0, 0x1f, 0xff, 0xff, 0x10, 0x0, 0x9,
    0xff, 0xff, 0x90, 0x0, 0x0, 0x0, 0x0, 0x6,
    0xff, 0xff, 0xb0, 0x0, 0x0, 0x4f, 0xff, 0xff,
    0x0, 0x0, 0x0, 0x0, 0x0, 0xcf, 0xff, 0xf6,
    0x0, 0x0, 0x0, 0xef, 0xff, 0xf5, 0x0, 0x0,
    0x0, 0x0, 0x1f, 0xff, 0xff, 0x10, 0x0, 0x0,
    0x9, 0xff, 0xff, 0xa0, 0x0, 0x0, 0x0, 0x7,
    0xff, 0xff, 0xff, 0xff, 0xff, 0xff, 0xff, 0xff,
    0xff, 0x0, 0x0, 0x0, 0x0, 0xcf, 0xff, 0xff,
    0xff, 0xff, 0xff, 0xff, 0xff, 0xff, 0xf6, 0x0,
    0x0, 0x0, 0x2f, 0xff, 0xff, 0xff, 0xff, 0xff,
    0xff, 0xff, 0xff, 0xff, 0xb0, 0x0, 0x0, 0x7,
    0xff, 0xff, 0xff, 0xff, 0xff, 0xff, 0xff, 0xff,
    0xff, 0xff, 0x10, 0x0, 0x0, 0xdf, 0xff, 0xf7,
    0x0, 0x0, 0x0, 0x0, 0x0, 0xef, 0xff, 0xf7,
    0x0, 0x0, 0x2f, 0xff, 0xff, 0x20, 0x0, 0x0,
    0x0, 0x0, 0x8, 0xff, 0xff, 0xc0, 0x0, 0x8,
    0xff, 0xff, 0xc0, 0x0, 0x0, 0x0, 0x0, 0x0,
    0x3f, 0xff, 0xff, 0x20, 0x0, 0xdf, 0xff, 0xf7,
    0x0, 0x0, 0x0, 0x0, 0x0, 0x0, 0xef, 0xff,
    0xf7, 0x0, 0x3f, 0xff, 0xff, 0x20, 0x0, 0x0,
    0x0, 0x0, 0x0, 0x8, 0xff, 0xff, 0xd0, 0x9,
    0xff, 0xff, 0xd0, 0x0, 0x0, 0x0, 0x0, 0x0,
    0x0, 0x3f, 0xff, 0xff, 0x30, 0xef, 0xff, 0xf8,
    0x0, 0x0, 0x0, 0x0, 0x0, 0x0, 0x0, 0xdf,
    0xff, 0xf8,

    /* U+0042 "B" */
    0x3f, 0xff, 0xff, 0xff, 0xff, 0xff, 0xfd, 0xa5,
    0x0, 0x0, 0x0, 0x3f, 0xff, 0xff, 0xff, 0xff,
    0xff, 0xff, 0xff, 0xe4, 0x0, 0x0, 0x3f, 0xff,
    0xff, 0xff, 0xff, 0xff, 0xff, 0xff, 0xff, 0x60,
    0x0, 0x3f, 0xff, 0xff, 0xff, 0xff, 0xff, 0xff,
    0xff, 0xff, 0xf3, 0x0, 0x3f, 0xff, 0xfc, 0x11,
    0x11, 0x12, 0x5b, 0xff, 0xff, 0xfa, 0x0, 0x3f,
    0xff, 0xfb, 0x0, 0x0, 0x0, 0x0, 0x8f, 0xff,
    0xff, 0x0, 0x3f, 0xff, 0xfb, 0x0, 0x0, 0x0,
    0x0, 0xe, 0xff, 0xff, 0x20, 0x3f, 0xff, 0xfb,
    0x0, 0x0, 0x0, 0x0, 0xb, 0xff, 0xff, 0x40,
    0x3f, 0xff, 0xfb, 0x0, 0x0, 0x0, 0x0, 0xb,
    0xff, 0xff, 0x20, 0x3f, 0xff, 0xfb, 0x0, 0x0,
    0x0, 0x0, 0xf, 0xff, 0xfe, 0x0, 0x3f, 0xff,
    0xfb, 0x0, 0x0, 0x0, 0x0, 0x9f, 0xff, 0xf7,
    0x0, 0x3f, 0xff, 0xfb, 0x0, 0x0, 0x0, 0x4b,
    0xff, 0xff, 0x90, 0x0, 0x3f, 0xff, 0xff, 0xff,
    0xff, 0xff, 0xff, 0xff, 0xd6, 0x0, 0x0, 0x3f,
    0xff, 0xff, 0xff, 0xff, 0xff, 0xff, 0xfc, 0x40,
    0x0, 0x0, 0x3f, 0xff, 0xff, 0xff, 0xff, 0xff,
    0xff, 0xff, 0xfe, 0x50, 0x0, 0x3f, 0xff, 0xfe,
    0x99, 0x99, 0x99, 0xbe, 0xff, 0xff, 0xf8, 0x0,
    0x3f, 0xff, 0xfb, 0x0, 0x0, 0x0, 0x0, 0x8f,
    0xff, 0xff, 0x40, 0x3f, 0xff, 0xfb, 0x0, 0x0,
    0x0, 0x0, 0x8, 0xff, 0xff, 0xc0, 0x3f, 0xff,
    0xfb, 0x0, 0x0, 0x0, 0x0, 0x0, 0xef, 0xff,
    0xf1, 0x3f, 0xff, 0xfb, 0x0, 0x0, 0x0, 0x0,
    0x0, 0xbf, 0xff, 0xf4, 0x3f, 0xff, 0xfb, 0x0,
    0x0, 0x0, 0x0, 0x0, 0xbf, 0xff, 0xf5, 0x3f,
    0xff, 0xfb, 0x0, 0x0, 0x0, 0x0, 0x0, 0xef,
    0xff, 0xf4, 0x3f, 0xff, 0xfb, 0x0, 0x0, 0x0,
    0x0, 0x9, 0xff, 0xff, 0xf1, 0x3f, 0xff, 0xfc,
    0x22, 0x22, 0x22, 0x36, 0xcf, 0xff, 0xff, 0xb0,
    0x3f, 0xff, 0xff, 0xff, 0xff, 0xff, 0xff, 0xff,
    0xff, 0xff, 0x20, 0x3f, 0xff, 0xff, 0xff, 0xff,
    0xff, 0xff, 0xff, 0xff, 0xf5, 0x0, 0x3f, 0xff,
    0xff, 0xff, 0xff, 0xff, 0xff, 0xff, 0xfd, 0x30,
    0x0, 0x3f, 0xff, 0xff, 0xff, 0xff, 0xff, 0xfe,
    0xc9, 0x40, 0x0, 0x0,

    /* U+0043 "C" */
    0x0, 0x0, 0x0, 0x0, 0x5, 0xad, 0xef, 0xfd,
    0xb7, 0x10, 0x0, 0x0, 0x0, 0x0, 0x0, 0x0,
    0x8, 0xff, 0xff, 0xff, 0xff, 0xff, 0xf9, 0x10,
    0x0, 0x0, 0x0, 0x0, 0x3, 0xdf, 0xff, 0xff,
    0xff, 0xff, 0xff, 0xff, 0xe5, 0x0, 0x0, 0x0,
    0x0, 0x4f, 0xff, 0xff, 0xff, 0xff, 0xff, 0xff,
    0xff, 0xff, 0x50, 0x0, 0x0, 0x2, 0xff, 0xff,
    0xff, 0xfc, 0x87, 0x8a, 0xff, 0xff, 0xff, 0xf3,
    0x0, 0x0, 0xd, 0xff, 0xff, 0xfa, 0x20, 0x0,
    0x0, 0x8, 0xff, 0xff, 0xfd, 0x0, 0x0, 0x6f,
    0xff, 0xff, 0x80, 0x0, 0x0, 0x0, 0x0, 0x4f,
    0xff, 0xff, 0x50, 0x0, 0xef, 0xff, 0xfa, 0x0,
    0x0, 0x0, 0x0, 0x0, 0x8, 0xff, 0xff, 0xb0,
    0x4, 0xff, 0xff, 0xf1, 0x0, 0x0, 0x0, 0x0,
    0x0, 0x1, 0xff, 0xff, 0xf0, 0x8, 0xff, 0xff,
    0x90, 0x0, 0x0, 0x0, 0x0, 0x0, 0x0, 0x67,
    0x77, 0x71, 0xc, 0xff, 0xff, 0x40, 0x0, 0x0,
    0x0, 0x0, 0x0, 0x0, 0x0, 0x0, 0x0, 0xe,
    0xff, 0xff, 0x10, 0x0, 0x0, 0x0, 0x0, 0x0,
    0x0, 0x0, 0x0, 0x0, 0xf, 0xff, 0xff, 0x0,
    0x0, 0x0, 0x0, 0x0, 0x0, 0x0, 0x0, 0x0,
    0x0, 0x1f, 0xff, 0xfe, 0x0, 0x0, 0x0, 0x0,
    0x0, 0x0, 0x0, 0x0, 0x0, 0x0, 0x1f, 0xff,
    0xfe, 0x0, 0x0, 0x0, 0x0, 0x0, 0x0, 0x0,
    0x0, 0x0, 0x0, 0xf, 0xff, 0xff, 0x0, 0x0,
    0x0, 0x0, 0x0, 0x0, 0x0, 0x0, 0x0, 0x0,
    0xe, 0xff, 0xff, 0x10, 0x0, 0x0, 0x0, 0x0,
    0x0, 0x0, 0x0, 0x0, 0x0, 0xc, 0xff, 0xff,
    0x40, 0x0, 0x0, 0x0, 0x0, 0x0, 0x0, 0x0,
    0x0, 0x0, 0x9, 0xff, 0xff, 0x90, 0x0, 0x0,
    0x0, 0x0, 0x0, 0x0, 0x67, 0x77, 0x71, 0x4,
    0xff, 0xff, 0xf1, 0x0, 0x0, 0x0, 0x0, 0x0,
    0x1, 0xff, 0xff, 0xf0, 0x0, 0xef, 0xff, 0xfa,
    0x0, 0x0, 0x0, 0x0, 0x0, 0x8, 0xff, 0xff,
    0xb0, 0x0, 0x7f, 0xff, 0xff, 0x70, 0x0, 0x0,
    0x0, 0x0, 0x4f, 0xff, 0xff, 0x50, 0x0, 0xd,
    0xff, 0xff, 0xfa, 0x10, 0x0, 0x0, 0x7, 0xff,
    0xff, 0xfc, 0x0, 0x0, 0x2, 0xff, 0xff, 0xff,
    0xfc, 0x87, 0x7a, 0xff, 0xff, 0xff, 0xf2, 0x0,
    0x0, 0x0, 0x4f, 0xff, 0xff, 0xff, 0xff, 0xff,
    0xff, 0xff, 0xff, 0x40, 0x0, 0x0, 0x0, 0x3,
    0xef, 0xff, 0xff, 0xff, 0xff, 0xff, 0xff, 0xe4,
    0x0, 0x0, 0x0, 0x0, 0x0, 0x18, 0xff, 0xff,
    0xff, 0xff, 0xff, 0xf9, 0x0, 0x0, 0x0, 0x0,
    0x0, 0x0, 0x0, 0x16, 0xad, 0xff, 0xfd, 0xb7,
    0x10, 0x0, 0x0, 0x0,

    /* U+0044 "D" */
    0x3f, 0xff, 0xff, 0xff, 0xff, 0xfe, 0xdb, 0x72,
    0x0, 0x0, 0x0, 0x0, 0x3f, 0xff, 0xff, 0xff,
    0xff, 0xff, 0xff, 0xff, 0xb3, 0x0, 0x0, 0x0,
    0x3f, 0xff, 0xff, 0xff, 0xff, 0xff, 0xff, 0xff,
    0xff, 0x90, 0x0, 0x0, 0x3f, 0xff, 0xff, 0xff,
    0xff, 0xff, 0xff, 0xff, 0xff, 0xfb, 0x0, 0x0,
    0x3f, 0xff, 0xfc, 0x44, 0x44, 0x56, 0x8d, 0xff,
    0xff, 0xff, 0xa0, 0x0, 0x3f, 0xff, 0xfb, 0x0,
    0x0, 0x0, 0x0, 0x3c, 0xff, 0xff, 0xf5, 0x0,
    0x3f, 0xff, 0xfb, 0x0, 0x0, 0x0, 0x0, 0x0,
    0xbf, 0xff, 0xfe, 0x0, 0x3f, 0xff, 0xfb, 0x0,
    0x0, 0x0, 0x0, 0x0, 0x1e, 0xff, 0xff, 0x50,
    0x3f, 0xff, 0xfb, 0x0, 0x0, 0x0, 0x0, 0x0,
    0x6, 0xff, 0xff, 0xb0, 0x3f, 0xff, 0xfb, 0x0,
    0x0, 0x0, 0x0, 0x0, 0x0, 0xff, 0xff, 0xf0,
    0x3f, 0xff, 0xfb, 0x0, 0x0, 0x0, 0x0, 0x0,
    0x0, 0xbf, 0xff, 0xf3, 0x3f, 0xff, 0xfb, 0x0,
    0x0, 0x0, 0x0, 0x0, 0x0, 0x8f, 0xff, 0xf5,
    0x3f, 0xff, 0xfb, 0x0, 0x0, 0x0, 0x0, 0x0,
    0x0, 0x7f, 0xff, 0xf7, 0x3f, 0xff, 0xfb, 0x0,
    0x0, 0x0, 0x0, 0x0, 0x0, 0x6f, 0xff, 0xf7,
    0x3f, 0xff, 0xfb, 0x0, 0x0, 0x0, 0x0, 0x0,
    0x0, 0x6f, 0xff, 0xf7, 0x3f, 0xff, 0xfb, 0x0,
    0x0, 0x0, 0x0, 0x0, 0x0, 0x7f, 0xff, 0xf7,
    0x3f, 0xff, 0xfb, 0x0, 0x0, 0x0, 0x0, 0x0,
    0x0, 0x8f, 0xff, 0xf5, 0x3f, 0xff, 0xfb, 0x0,
    0x0, 0x0, 0x0, 0x0, 0x0, 0xcf, 0xff, 0xf3,
    0x3f, 0xff, 0xfb, 0x0, 0x0, 0x0, 0x0, 0x0,
    0x0, 0xff, 0xff, 0xf0, 0x3f, 0xff, 0xfb, 0x0,
    0x0, 0x0, 0x0, 0x0, 0x6, 0xff, 0xff, 0xb0,
    0x3f, 0xff, 0xfb, 0x0, 0x0, 0x0, 0x0, 0x0,
    0x1e, 0xff, 0xff, 0x50, 0x3f, 0xff, 0xfb, 0x0,
    0x0, 0x0, 0x0, 0x0, 0xcf, 0xff, 0xfd, 0x0,
    0x3f, 0xff, 0xfb, 0x0, 0x0, 0x0, 0x0, 0x4d,
    0xff, 0xff, 0xf5, 0x0, 0x3f, 0xff, 0xfc, 0x44,
    0x44, 0x56, 0x9d, 0xff, 0xff, 0xff, 0x90, 0x0,
    0x3f, 0xff, 0xff, 0xff, 0xff, 0xff, 0xff, 0xff,
    0xff, 0xfb, 0x0, 0x0, 0x3f, 0xff, 0xff, 0xff,
    0xff, 0xff, 0xff, 0xff, 0xff, 0x80, 0x0, 0x0,
    0x3f, 0xff, 0xff, 0xff, 0xff, 0xff, 0xff, 0xff,
    0xb3, 0x0, 0x0, 0x0, 0x3f, 0xff, 0xff, 0xff,
    0xff, 0xfe, 0xda, 0x72, 0x0, 0x0, 0x0, 0x0,

    /* U+0045 "E" */
    0x3f, 0xff, 0xff, 0xff, 0xff, 0xff, 0xff, 0xff,
    0xff, 0xc3, 0xff, 0xff, 0xff, 0xff, 0xff, 0xff,
    0xff, 0xff, 0xfc, 0x3f, 0xff, 0xff, 0xff, 0xff,
    0xff, 0xff, 0xff, 0xff, 0xc3, 0xff, 0xff, 0xff,
    0xff, 0xff, 0xff, 0xff, 0xff, 0xfc, 0x3f, 0xff,
    0xfc, 0x22, 0x22, 0x22, 0x22, 0x22, 0x22, 0x23,
    0xff, 0xff, 0xb0, 0x0, 0x0, 0x0, 0x0, 0x0,
    0x0, 0x3f, 0xff, 0xfb, 0x0, 0x0, 0x0, 0x0,
    0x0, 0x0, 0x3, 0xff, 0xff, 0xb0, 0x0, 0x0,
    0x0, 0x0, 0x0, 0x0, 0x3f, 0xff, 0xfb, 0x0,
    0x0, 0x0, 0x0, 0x0, 0x0, 0x3, 0xff, 0xff,
    0xb0, 0x0, 0x0, 0x0, 0x0, 0x0, 0x0, 0x3f,
    0xff, 0xfb, 0x0, 0x0, 0x0, 0x0, 0x0, 0x0,
    0x3, 0xff, 0xff, 0xb0, 0x0, 0x0, 0x0, 0x0,
    0x0, 0x0, 0x3f, 0xff, 0xff, 0xff, 0xff, 0xff,
    0xff, 0xff, 0xfc, 0x3, 0xff, 0xff, 0xff, 0xff,
    0xff, 0xff, 0xff, 0xff, 0xc0, 0x3f, 0xff, 0xff,
    0xff, 0xff, 0xff, 0xff, 0xff, 0xfc, 0x3, 0xff,
    0xff, 0xff, 0xff, 0xff, 0xff, 0xff, 0xff, 0xc0,
    0x3f, 0xff, 0xfc, 0x22, 0x22, 0x22, 0x22, 0x22,
    0x21, 0x3, 0xff, 0xff, 0xb0, 0x0, 0x0, 0x0,
    0x0, 0x0, 0x0, 0x3f, 0xff, 0xfb, 0x0, 0x0,
    0x0, 0x0, 0x0, 0x0, 0x3, 0xff, 0xff, 0xb0,
    0x0, 0x0, 0x0, 0x0, 0x0, 0x0, 0x3f, 0xff,
    0xfb, 0x0, 0x0, 0x0, 0x0, 0x0, 0x0, 0x3,
    0xff, 0xff, 0xb0, 0x0, 0x0, 0x0, 0x0, 0x0,
    0x0, 0x3f, 0xff, 0xfb, 0x0, 0x0, 0x0, 0x0,
    0x0, 0x0, 0x3, 0xff, 0xff, 0xc2, 0x22, 0x22,
    0x22, 0x22, 0x22, 0x22, 0x3f, 0xff, 0xff, 0xff,
    0xff, 0xff, 0xff, 0xff, 0xff, 0xd3, 0xff, 0xff,
    0xff, 0xff, 0xff, 0xff, 0xff, 0xff, 0xfd, 0x3f,
    0xff, 0xff, 0xff, 0xff, 0xff, 0xff, 0xff, 0xff,
    0xd3, 0xff, 0xff, 0xff, 0xff, 0xff, 0xff, 0xff,
    0xff, 0xfd,

    /* U+0046 "F" */
    0x3f, 0xff, 0xff, 0xff, 0xff, 0xff, 0xff, 0xff,
    0xff, 0x73, 0xff, 0xff, 0xff, 0xff, 0xff, 0xff,
    0xff, 0xff, 0xf7, 0x3f, 0xff, 0xff, 0xff, 0xff,
    0xff, 0xff, 0xff, 0xff, 0x73, 0xff, 0xff, 0xff,
    0xff, 0xff, 0xff, 0xff, 0xff, 0xf7, 0x3f, 0xff,
    0xfc, 0x22, 0x22, 0x22, 0x22, 0x22, 0x22, 0x13,
    0xff, 0xff, 0xb0, 0x0, 0x0, 0x0, 0x0, 0x0,
    0x0, 0x3f, 0xff, 0xfb, 0x0, 0x0, 0x0, 0x0,
    0x0, 0x0, 0x3, 0xff, 0xff, 0xb0, 0x0, 0x0,
    0x0, 0x0, 0x0, 0x0, 0x3f, 0xff, 0xfb, 0x0,
    0x0, 0x0, 0x0, 0x0, 0x0, 0x3, 0xff, 0xff,
    0xb0, 0x0, 0x0, 0x0, 0x0, 0x0, 0x0, 0x3f,
    0xff, 0xfb, 0x0, 0x0, 0x0, 0x0, 0x0, 0x0,
    0x3, 0xff, 0xff, 0xb0, 0x0, 0x0, 0x0, 0x0,
    0x0, 0x0, 0x3f, 0xff, 0xfc, 0x11, 0x11, 0x11,
    0x11, 0x11, 0x10, 0x3, 0xff, 0xff, 0xff, 0xff,
    0xff, 0xff, 0xff, 0xff, 0x30, 0x3f, 0xff, 0xff,
    0xff, 0xff, 0xff, 0xff, 0xff, 0xf3, 0x3, 0xff,
    0xff, 0xff, 0xff, 0xff, 0xff, 0xff, 0xff, 0x30,
    0x3f, 0xff, 0xff, 0xff, 0xff, 0xff, 0xff, 0xff,
    0xf3, 0x3, 0xff, 0xff, 0xb0, 0x0, 0x0, 0x0,
    0x0, 0x0, 0x0, 0x3f, 0xff, 0xfb, 0x0, 0x0,
    0x0, 0x0, 0x0, 0x0, 0x3, 0xff, 0xff, 0xb0,
    0x0, 0x0, 0x0, 0x0, 0x0, 0x0, 0x3f, 0xff,
    0xfb, 0x0, 0x0, 0x0, 0x0, 0x0, 0x0, 0x3,
    0xff, 0xff, 0xb0, 0x0, 0x0, 0x0, 0x0, 0x0,
    0x0, 0x3f, 0xff, 0xfb, 0x0, 0x0, 0x0, 0x0,
    0x0, 0x0, 0x3, 0xff, 0xff, 0xb0, 0x0, 0x0,
    0x0, 0x0, 0x0, 0x0, 0x3f, 0xff, 0xfb, 0x0,
    0x0, 0x0, 0x0, 0x0, 0x0, 0x3, 0xff, 0xff,
    0xb0, 0x0, 0x0, 0x0, 0x0, 0x0, 0x0, 0x3f,
    0xff, 0xfb, 0x0, 0x0, 0x0, 0x0, 0x0, 0x0,
    0x3, 0xff, 0xff, 0xb0, 0x0, 0x0, 0x0, 0x0,
    0x0, 0x0,

    /* U+0047 "G" */
    0x0, 0x0, 0x0, 0x0, 0x5, 0xad, 0xef, 0xfd,
    0xb6, 0x10, 0x0, 0x0, 0x0, 0x0, 0x0, 0x0,
    0x8, 0xff, 0xff, 0xff, 0xff, 0xff, 0xf9, 0x10,
    0x0, 0x0, 0x0, 0x0, 0x3, 0xdf, 0xff, 0xff,
    0xff, 0xff, 0xff, 0xff, 0xe5, 0x0, 0x0, 0x0,
    0x0, 0x4f, 0xff, 0xff, 0xff, 0xff, 0xff, 0xff,
    0xff, 0xff, 0x50, 0x0, 0x0, 0x2, 0xff, 0xff,
    0xff, 0xfb, 0x87, 0x7a, 0xef, 0xff, 0xff, 0xf4,
    0x0, 0x0, 0xc, 0xff, 0xff, 0xfa, 0x10, 0x0,
    0x0, 0x7, 0xff, 0xff, 0xfe, 0x0, 0x0, 0x6f,
    0xff, 0xff, 0x70, 0x0, 0x0, 0x0, 0x0, 0x6f,
    0xff, 0xff, 0x70, 0x0, 0xdf, 0xff, 0xfa, 0x0,
    0x0, 0x0, 0x0, 0x0, 0x9, 0xff, 0xff, 0xd0,
    0x4, 0xff, 0xff, 0xf1, 0x0, 0x0, 0x0, 0x0,
    0x0, 0x1, 0xff, 0xff, 0xf1, 0x8, 0xff, 0xff,
    0xa0, 0x0, 0x0, 0x0, 0x0, 0x0, 0x0, 0x0,
    0x0, 0x0, 0xc, 0xff, 0xff, 0x50, 0x0, 0x0,
    0x0, 0x0, 0x0, 0x0, 0x0, 0x0, 0x0, 0xe,
    0xff, 0xff, 0x10, 0x0, 0x0, 0x0, 0x0, 0x0,
    0x0, 0x0, 0x0, 0x0, 0xf, 0xff, 0xff, 0x0,
    0x0, 0x0, 0x0, 0x0, 0x0, 0x0, 0x0, 0x0,
    0x0, 0x1f, 0xff, 0xfe, 0x0, 0x0, 0x0, 0x0,
    0xae, 0xee, 0xee, 0xee, 0xee, 0xe6, 0x1f, 0xff,
    0xfe, 0x0, 0x0, 0x0, 0x0, 0xcf, 0xff, 0xff,
    0xff, 0xff, 0xf7, 0xf, 0xff, 0xff, 0x0, 0x0,
    0x0, 0x0, 0xcf, 0xff, 0xff, 0xff, 0xff, 0xf7,
    0xe, 0xff, 0xff, 0x10, 0x0, 0x0, 0x0, 0xcf,
    0xff, 0xff, 0xff, 0xff, 0xf6, 0xc, 0xff, 0xff,
    0x40, 0x0, 0x0, 0x0, 0x0, 0x0, 0x0, 0x6f,
    0xff, 0xf6, 0x9, 0xff, 0xff, 0x90, 0x0, 0x0,
    0x0, 0x0, 0x0, 0x0, 0x8f, 0xff, 0xf4, 0x4,
    0xff, 0xff, 0xf1, 0x0, 0x0, 0x0, 0x0, 0x0,
    0x0, 0xdf, 0xff, 0xf1, 0x0, 0xef, 0xff, 0xfa,
    0x0, 0x0, 0x0, 0x0, 0x0, 0x4, 0xff, 0xff,
    0xd0, 0x0, 0x7f, 0xff, 0xff, 0x80, 0x0, 0x0,
    0x0, 0x0, 0x2e, 0xff, 0xff, 0x70, 0x0, 0xd,
    0xff, 0xff, 0xfa, 0x20, 0x0, 0x0, 0x5, 0xef,
    0xff, 0xfe, 0x0, 0x0, 0x3, 0xff, 0xff, 0xff,
    0xfc, 0x87, 0x79, 0xef, 0xff, 0xff, 0xf5, 0x0,
    0x0, 0x0, 0x4f, 0xff, 0xff, 0xff, 0xff, 0xff,
    0xff, 0xff, 0xff, 0x70, 0x0, 0x0, 0x0, 0x3,
    0xef, 0xff, 0xff, 0xff, 0xff, 0xff, 0xff, 0xf6,
    0x0, 0x0, 0x0, 0x0, 0x0, 0x18, 0xff, 0xff,
    0xff, 0xff, 0xff, 0xfb, 0x20, 0x0, 0x0, 0x0,
    0x0, 0x0, 0x0, 0x16, 0xad, 0xef, 0xfe, 0xb7,
    0x20, 0x0, 0x0, 0x0,

    /* U+0048 "H" */
    0x3f, 0xff, 0xfb, 0x0, 0x0, 0x0, 0x0, 0x0,
    0x0, 0x6f, 0xff, 0xf8, 0x3f, 0xff, 0xfb, 0x0,
    0x0, 0x0, 0x0, 0x0, 0x0, 0x6f, 0xff, 0xf8,
    0x3f, 0xff, 0xfb, 0x0, 0x0, 0x0, 0x0, 0x0,
    0x0, 0x6f, 0xff, 0xf8, 0x3f, 0xff, 0xfb, 0x0,
    0x0, 0x0, 0x0, 0x0, 0x0, 0x6f, 0xff, 0xf8,
    0x3f, 0xff, 0xfb, 0x0, 0x0, 0x0, 0x0, 0x0,
    0x0, 0x6f, 0xff, 0xf8, 0x3f, 0xff, 0xfb, 0x0,
    0x0, 0x0, 0x0, 0x0, 0x0, 0x6f, 0xff, 0xf8,
    0x3f, 0xff, 0xfb, 0x0, 0x0, 0x0, 0x0, 0x0,
    0x0, 0x6f, 0xff, 0xf8, 0x3f, 0xff, 0xfb, 0x0,
    0x0, 0x0, 0x0, 0x0, 0x0, 0x6f, 0xff, 0xf8,
    0x3f, 0xff, 0xfb, 0x0, 0x0, 0x0, 0x0, 0x0,
    0x0, 0x6f, 0xff, 0xf8, 0x3f, 0xff, 0xfb, 0x0,
    0x0, 0x0, 0x0, 0x0, 0x0, 0x6f, 0xff, 0xf8,
    0x3f, 0xff, 0xfb, 0x0, 0x0, 0x0, 0x0, 0x0,
    0x0, 0x6f, 0xff, 0xf8, 0x3f, 0xff, 0xfc, 0x22,
    0x22, 0x22, 0x22, 0x22, 0x22, 0x8f, 0xff, 0xf8,
    0x3f, 0xff, 0xff, 0xff, 0xff, 0xff, 0xff, 0xff,
    0xff, 0xff, 0xff, 0xf8, 0x3f, 0xff, 0xff, 0xff,
    0xff, 0xff, 0xff, 0xff, 0xff, 0xff, 0xff, 0xf8,
    0x3f, 0xff, 0xff, 0xff, 0xff, 0xff, 0xff, 0xff,
    0xff, 0xff, 0xff, 0xf8, 0x3f, 0xff, 0xff, 0xff,
    0xff, 0xff, 0xff, 0xff, 0xff, 0xff, 0xff, 0xf8,
    0x3f, 0xff, 0xfb, 0x0, 0x0, 0x0, 0x0, 0x0,
    0x0, 0x6f, 0xff, 0xf8, 0x3f, 0xff, 0xfb, 0x0,
    0x0, 0x0, 0x0, 0x0, 0x0, 0x6f, 0xff, 0xf8,
    0x3f, 0xff, 0xfb, 0x0, 0x0, 0x0, 0x0, 0x0,
    0x0, 0x6f, 0xff, 0xf8, 0x3f, 0xff, 0xfb, 0x0,
    0x0, 0x0, 0x0, 0x0, 0x0, 0x6f, 0xff, 0xf8,
    0x3f, 0xff, 0xfb, 0x0, 0x0, 0x0, 0x0, 0x0,
    0x0, 0x6f, 0xff, 0xf8, 0x3f, 0xff, 0xfb, 0x0,
    0x0, 0x0, 0x0, 0x0, 0x0, 0x6f, 0xff, 0xf8,
    0x3f, 0xff, 0xfb, 0x0, 0x0, 0x0, 0x0, 0x0,
    0x0, 0x6f, 0xff, 0xf8, 0x3f, 0xff, 0xfb, 0x0,
    0x0, 0x0, 0x0, 0x0, 0x0, 0x6f, 0xff, 0xf8,
    0x3f, 0xff, 0xfb, 0x0, 0x0, 0x0, 0x0, 0x0,
    0x0, 0x6f, 0xff, 0xf8, 0x3f, 0xff, 0xfb, 0x0,
    0x0, 0x0, 0x0, 0x0, 0x0, 0x6f, 0xff, 0xf8,
    0x3f, 0xff, 0xfb, 0x0, 0x0, 0x0, 0x0, 0x0,
    0x0, 0x6f, 0xff, 0xf8, 0x3f, 0xff, 0xfb, 0x0,
    0x0, 0x0, 0x0, 0x0, 0x0, 0x6f, 0xff, 0xf8,

    /* U+0049 "I" */
    0x3f, 0xff, 0xfb, 0x3f, 0xff, 0xfb, 0x3f, 0xff,
    0xfb, 0x3f, 0xff, 0xfb, 0x3f, 0xff, 0xfb, 0x3f,
    0xff, 0xfb, 0x3f, 0xff, 0xfb, 0x3f, 0xff, 0xfb,
    0x3f, 0xff, 0xfb, 0x3f, 0xff, 0xfb, 0x3f, 0xff,
    0xfb, 0x3f, 0xff, 0xfb, 0x3f, 0xff, 0xfb, 0x3f,
    0xff, 0xfb, 0x3f, 0xff, 0xfb, 0x3f, 0xff, 0xfb,
    0x3f, 0xff, 0xfb, 0x3f, 0xff, 0xfb, 0x3f, 0xff,
    0xfb, 0x3f, 0xff, 0xfb, 0x3f, 0xff, 0xfb, 0x3f,
    0xff, 0xfb, 0x3f, 0xff, 0xfb, 0x3f, 0xff, 0xfb,
    0x3f, 0xff, 0xfb, 0x3f, 0xff, 0xfb, 0x3f, 0xff,
    0xfb, 0x3f, 0xff, 0xfb,

    /* U+004A "J" */
    0x0, 0x0, 0x0, 0x0, 0x0, 0x0, 0xa, 0xff,
    0xff, 0x40, 0x0, 0x0, 0x0, 0x0, 0x0, 0x0,
    0xaf, 0xff, 0xf4, 0x0, 0x0, 0x0, 0x0, 0x0,
    0x0, 0xa, 0xff, 0xff, 0x40, 0x0, 0x0, 0x0,
    0x0, 0x0, 0x0, 0xaf, 0xff, 0xf4, 0x0, 0x0,
    0x0, 0x0, 0x0, 0x0, 0xa, 0xff, 0xff, 0x40,
    0x0, 0x0, 0x0, 0x0, 0x0, 0x0, 0xaf, 0xff,
    0xf4, 0x0, 0x0, 0x0, 0x0, 0x0, 0x0, 0xa,
    0xff, 0xff, 0x40, 0x0, 0x0, 0x0, 0x0, 0x0,
    0x0, 0xaf, 0xff, 0xf4, 0x0, 0x0, 0x0, 0x0,
    0x0, 0x0, 0xa, 0xff, 0xff, 0x40, 0x0, 0x0,
    0x0, 0x0, 0x0, 0x0, 0xaf, 0xff, 0xf4, 0x0,
    0x0, 0x0, 0x0, 0x0, 0x0, 0xa, 0xff, 0xff,
    0x40, 0x0, 0x0, 0x0, 0x0, 0x0, 0x0, 0xaf,
    0xff, 0xf4, 0x0, 0x0, 0x0, 0x0, 0x0, 0x0,
    0xa, 0xff, 0xff, 0x40, 0x0, 0x0, 0x0, 0x0,
    0x0, 0x0, 0xaf, 0xff, 0xf4, 0x0, 0x0, 0x0,
    0x0, 0x0, 0x0, 0xa, 0xff, 0xff, 0x40, 0x0,
    0x0, 0x0, 0x0, 0x0, 0x0, 0xaf, 0xff, 0xf4,
    0x0, 0x0, 0x0, 0x0, 0x0, 0x0, 0xa, 0xff,
    0xff, 0x40, 0x11, 0x11, 0x0, 0x0, 0x0, 0x0,
    0xaf, 0xff, 0xf4, 0x8f, 0xff, 0xf6, 0x0, 0x0,
    0x0, 0xa, 0xff, 0xff, 0x48, 0xff, 0xff, 0x60,
    0x0, 0x0, 0x0, 0xaf, 0xff, 0xf4, 0x7f, 0xff,
    0xf7, 0x0, 0x0, 0x0, 0xb, 0xff, 0xff, 0x25,
    0xff, 0xff, 0xb0, 0x0, 0x0, 0x0, 0xff, 0xff,
    0xf1, 0x1f, 0xff, 0xff, 0x40, 0x0, 0x0, 0x8f,
    0xff, 0xfd, 0x0, 0xbf, 0xff, 0xff, 0x83, 0x13,
    0xaf, 0xff, 0xff, 0x70, 0x3, 0xff, 0xff, 0xff,
    0xff, 0xff, 0xff, 0xff, 0xd0, 0x0, 0x5, 0xff,
    0xff, 0xff, 0xff, 0xff, 0xff, 0xe2, 0x0, 0x0,
    0x4, 0xdf, 0xff, 0xff, 0xff, 0xff, 0xb1, 0x0,
    0x0, 0x0, 0x0, 0x5a, 0xdf, 0xfe, 0xc9, 0x30,
    0x0, 0x0,

    /* U+004B "K" */
    0x3f, 0xff, 0xfb, 0x0, 0x0, 0x0, 0x0, 0x0,
    0x2e, 0xff, 0xff, 0xf2, 0x3f, 0xff, 0xfb, 0x0,
    0x0, 0x0, 0x0, 0x1, 0xdf, 0xff, 0xff, 0x40,
    0x3f, 0xff, 0xfb, 0x0, 0x0, 0x0, 0x0, 0xc,
    0xff, 0xff, 0xf5, 0x0, 0x3f, 0xff, 0xfb, 0x0,
    0x0, 0x0, 0x0, 0xaf, 0xff, 0xff, 0x70, 0x0,
    0x3f, 0xff, 0xfb, 0x0, 0x0, 0x0, 0x8, 0xff,
    0xff, 0xf9, 0x0, 0x0, 0x3f, 0xff, 0xfb, 0x0,
    0x0, 0x0, 0x5f, 0xff, 0xff, 0xb0, 0x0, 0x0,
    0x3f, 0xff, 0xfb, 0x0, 0x0, 0x4, 0xff, 0xff,
    0xfc, 0x0, 0x0, 0x0, 0x3f, 0xff, 0xfb, 0x0,
    0x0, 0x2e, 0xff, 0xff, 0xe1, 0x0, 0x0, 0x0,
    0x3f, 0xff, 0xfb, 0x0, 0x1, 0xdf, 0xff, 0xff,
    0x20, 0x0, 0x0, 0x0, 0x3f, 0xff, 0xfb, 0x0,
    0xc, 0xff, 0xff, 0xf4, 0x0, 0x0, 0x0, 0x0,
    0x3f, 0xff, 0xfb, 0x0, 0x9f, 0xff, 0xff, 0x50,
    0x0, 0x0, 0x0, 0x0, 0x3f, 0xff, 0xfb, 0x5,
    0xff, 0xff, 0xf7, 0x0, 0x0, 0x0, 0x0, 0x0,
    0x3f, 0xff, 0xfa, 0x2f, 0xff, 0xff, 0xf3, 0x0,
    0x0, 0x0, 0x0, 0x0, 0x3f, 0xff, 0xfa, 0xcf,
    0xff, 0xff, 0xfd, 0x0, 0x0, 0x0, 0x0, 0x0,
    0x3f, 0xff, 0xff, 0xff, 0xff, 0xff, 0xff, 0x80,
    0x0, 0x0, 0x0, 0x0, 0x3f, 0xff, 0xff, 0xff,
    0xfc, 0xff, 0xff, 0xf3, 0x0, 0x0, 0x0, 0x0,
    0x3f, 0xff, 0xff, 0xff, 0x80, 0xcf, 0xff, 0xfd,
    0x0, 0x0, 0x0, 0x0, 0x3f, 0xff, 0xff, 0xfa,
    0x0, 0x2f, 0xff, 0xff, 0x90, 0x0, 0x0, 0x0,
    0x3f, 0xff, 0xff, 0xb0, 0x0, 0x7, 0xff, 0xff,
    0xf4, 0x0, 0x0, 0x0, 0x3f, 0xff, 0xfd, 0x0,
    0x0, 0x0, 0xcf, 0xff, 0xfe, 0x10, 0x0, 0x0,
    0x3f, 0xff, 0xfb, 0x0, 0x0, 0x0, 0x2f, 0xff,
    0xff, 0xa0, 0x0, 0x0, 0x3f, 0xff, 0xfb, 0x0,
    0x0, 0x0, 0x7, 0xff, 0xff, 0xf5, 0x0, 0x0,
    0x3f, 0xff, 0xfb, 0x0, 0x0, 0x0, 0x0, 0xcf,
    0xff, 0xfe, 0x10, 0x0, 0x3f, 0xff, 0xfb, 0x0,
    0x0, 0x0, 0x0, 0x2f, 0xff, 0xff, 0xa0, 0x0,
    0x3f, 0xff, 0xfb, 0x0, 0x0, 0x0, 0x0, 0x7,
    0xff, 0xff, 0xf5, 0x0, 0x3f, 0xff, 0xfb, 0x0,
    0x0, 0x0, 0x0, 0x0, 0xcf, 0xff, 0xfe, 0x10,
    0x3f, 0xff, 0xfb, 0x0, 0x0, 0x0, 0x0, 0x0,
    0x2f, 0xff, 0xff, 0xb0, 0x3f, 0xff, 0xfb, 0x0,
    0x0, 0x0, 0x0, 0x0, 0x7, 0xff, 0xff, 0xf6,

    /* U+004C "L" */
    0x3f, 0xff, 0xfb, 0x0, 0x0, 0x0, 0x0, 0x0,
    0x0, 0x3f, 0xff, 0xfb, 0x0, 0x0, 0x0, 0x0,
    0x0, 0x0, 0x3f, 0xff, 0xfb, 0x0, 0x0, 0x0,
    0x0, 0x0, 0x0, 0x3f, 0xff, 0xfb, 0x0, 0x0,
    0x0, 0x0, 0x0, 0x0, 0x3f, 0xff, 0xfb, 0x0,
    0x0, 0x0, 0x0, 0x0, 0x0, 0x3f, 0xff, 0xfb,
    0x0, 0x0, 0x0, 0x0, 0x0, 0x0, 0x3f, 0xff,
    0xfb, 0x0, 0x0, 0x0, 0x0, 0x0, 0x0, 0x3f,
    0xff, 0xfb, 0x0, 0x0, 0x0, 0x0, 0x0, 0x0,
    0x3f, 0xff, 0xfb, 0x0, 0x0, 0x0, 0x0, 0x0,
    0x0, 0x3f, 0xff, 0xfb, 0x0, 0x0, 0x0, 0x0,
    0x0, 0x0, 0x3f, 0xff, 0xfb, 0x0, 0x0, 0x0,
    0x0, 0x0, 0x0, 0x3f, 0xff, 0xfb, 0x0, 0x0,
    0x0, 0x0, 0x0, 0x0, 0x3f, 0xff, 0xfb, 0x0,
    0x0, 0x0, 0x0, 0x0, 0x0, 0x3f, 0xff, 0xfb,
    0x0, 0x0, 0x0, 0x0, 0x0, 0x0, 0x3f, 0xff,
    0xfb, 0x0, 0x0, 0x0, 0x0, 0x0, 0x0, 0x3f,
    0xff, 0xfb, 0x0, 0x0, 0x0, 0x0, 0x0, 0x0,
    0x3f, 0xff, 0xfb, 0x0, 0x0, 0x0, 0x0, 0x0,
    0x0, 0x3f, 0xff, 0xfb, 0x0, 0x0, 0x0, 0x0,
    0x0, 0x0, 0x3f, 0xff, 0xfb, 0x0, 0x0, 0x0,
    0x0, 0x0, 0x0, 0x3f, 0xff, 0xfb, 0x0, 0x0,
    0x0, 0x0, 0x0, 0x0, 0x3f, 0xff, 0xfb, 0x0,
    0x0, 0x0, 0x0, 0x0, 0x0, 0x3f, 0xff, 0xfb,
    0x0, 0x0, 0x0, 0x0, 0x0, 0x0, 0x3f, 0xff,
    0xfb, 0x0, 0x0, 0x0, 0x0, 0x0, 0x0, 0x3f,
    0xff, 0xfc, 0x22, 0x22, 0x22, 0x22, 0x22, 0x22,
    0x3f, 0xff, 0xff, 0xff, 0xff, 0xff, 0xff, 0xff,
    0xff, 0x3f, 0xff, 0xff, 0xff, 0xff, 0xff, 0xff,
    0xff, 0xff, 0x3f, 0xff, 0xff, 0xff, 0xff, 0xff,
    0xff, 0xff, 0xff, 0x3f, 0xff, 0xff, 0xff, 0xff,
    0xff, 0xff, 0xff, 0xff,

    /* U+004D "M" */
    0x3f, 0xff, 0xff, 0xff, 0x60, 0x0, 0x0, 0x0,
    0x0, 0x0, 0x0, 0x6f, 0xff, 0xff, 0xff, 0x43,
    0xff, 0xff, 0xff, 0xfc, 0x0, 0x0, 0x0, 0x0,
    0x0, 0x0, 0xb, 0xff, 0xff, 0xff, 0xf4, 0x3f,
    0xff, 0xff, 0xff, 0xf2, 0x0, 0x0, 0x0, 0x0,
    0x0, 0x1, 0xff, 0xff, 0xff, 0xff, 0x43, 0xff,
    0xff, 0xff, 0xff, 0x80, 0x0, 0x0, 0x0, 0x0,
    0x0, 0x7f, 0xff, 0xff, 0xff, 0xf4, 0x3f, 0xff,
    0xff, 0xff, 0xfe, 0x0, 0x0, 0x0, 0x0, 0x0,
    0xd, 0xff, 0xff, 0xff, 0xff, 0x43, 0xff, 0xff,
    0xcf, 0xff, 0xf3, 0x0, 0x0, 0x0, 0x0, 0x2,
    0xff, 0xff, 0xcf, 0xff, 0xf4, 0x3f, 0xff, 0xf8,
    0xff, 0xff, 0x90, 0x0, 0x0, 0x0, 0x0, 0x8f,
    0xff, 0xf8, 0xff, 0xff, 0x43, 0xff, 0xff, 0x8b,
    0xff, 0xff, 0x0, 0x0, 0x0, 0x0, 0xe, 0xff,
    0xfb, 0x8f, 0xff, 0xf4, 0x3f, 0xff, 0xf8, 0x7f,
    0xff, 0xf5, 0x0, 0x0, 0x0, 0x4, 0xff, 0xff,
    0x69, 0xff, 0xff, 0x43, 0xff, 0xff, 0x92, 0xff,
    0xff, 0xb0, 0x0, 0x0, 0x0, 0xaf, 0xff, 0xf1,
    0x9f, 0xff, 0xf4, 0x3f, 0xff, 0xf9, 0xd, 0xff,
    0xff, 0x10, 0x0, 0x0, 0xf, 0xff, 0xfd, 0xa,
    0xff, 0xff, 0x43, 0xff, 0xff, 0x90, 0x8f, 0xff,
    0xf6, 0x0, 0x0, 0x5, 0xff, 0xff, 0x80, 0xaf,
    0xff, 0xf4, 0x3f, 0xff, 0xfa, 0x3, 0xff, 0xff,
    0xc0, 0x0, 0x0, 0xbf, 0xff, 0xf3, 0xa, 0xff,
    0xff, 0x43, 0xff, 0xff, 0xa0, 0xe, 0xff, 0xff,
    0x20, 0x0, 0x1f, 0xff, 0xfd, 0x0, 0xaf, 0xff,
    0xf4, 0x3f, 0xff, 0xfa, 0x0, 0x8f, 0xff, 0xf8,
    0x0, 0x6, 0xff, 0xff, 0x80, 0xa, 0xff, 0xff,
    0x43, 0xff, 0xff, 0xa0, 0x2, 0xff, 0xff, 0xd0,
    0x0, 0xbf, 0xff, 0xf2, 0x0, 0xaf, 0xff, 0xf4,
    0x3f, 0xff, 0xfa, 0x0, 0xc, 0xff, 0xff, 0x10,
    0xf, 0xff, 0xfc, 0x0, 0xa, 0xff, 0xff, 0x43,
    0xff, 0xff, 0xa0, 0x0, 0x6f, 0xff, 0xf5, 0x4,
    0xff, 0xff, 0x60, 0x0, 0xaf, 0xff, 0xf4, 0x3f,
    0xff, 0xfa, 0x0, 0x1, 0xff, 0xff, 0x90, 0x8f,
    0xff, 0xf1, 0x0, 0xa, 0xff, 0xff, 0x43, 0xff,
    0xff, 0xa0, 0x0, 0xb, 0xff, 0xfd, 0xc, 0xff,
    0xfb, 0x0, 0x0, 0xaf, 0xff, 0xf4, 0x3f, 0xff,
    0xfa, 0x0, 0x0, 0x5f, 0xff, 0xf2, 0xff, 0xff,
    0x50, 0x0, 0xa, 0xff, 0xff, 0x43, 0xff, 0xff,
    0xa0, 0x0, 0x0, 0xef, 0xff, 0x9f, 0xff, 0xf0,
    0x0, 0x0, 0xaf, 0xff, 0xf4, 0x3f, 0xff, 0xfa,
    0x0, 0x0, 0x9, 0xff, 0xff, 0xff, 0xf9, 0x0,
    0x0, 0xa, 0xff, 0xff, 0x43, 0xff, 0xff, 0xa0,
    0x0, 0x0, 0x3f, 0xff, 0xff, 0xff, 0x40, 0x0,
    0x0, 0xaf, 0xff, 0xf4, 0x3f, 0xff, 0xfa, 0x0,
    0x0, 0x0, 0xdf, 0xff, 0xff, 0xe0, 0x0, 0x0,
    0xa, 0xff, 0xff, 0x43, 0xff, 0xff, 0xa0, 0x0,
    0x0, 0x7, 0xff, 0xff, 0xf8, 0x0, 0x0, 0x0,
    0xaf, 0xff, 0xf4, 0x3f, 0xff, 0xfa, 0x0, 0x0,
    0x0, 0x2f, 0xff, 0xff, 0x20, 0x0, 0x0, 0xa,
    0xff, 0xff, 0x43, 0xff, 0xff, 0xa0, 0x0, 0x0,
    0x0, 0xcf, 0xff, 0xc0, 0x0, 0x0, 0x0, 0xaf,
    0xff, 0xf4,

    /* U+004E "N" */
    0x3f, 0xff, 0xff, 0xb0, 0x0, 0x0, 0x0, 0x0,
    0x0, 0xf, 0xff, 0xff, 0x13, 0xff, 0xff, 0xff,
    0x50, 0x0, 0x0, 0x0, 0x0, 0x0, 0xff, 0xff,
    0xf1, 0x3f, 0xff, 0xff, 0xfe, 0x0, 0x0, 0x0,
    0x0, 0x0, 0xf, 0xff, 0xff, 0x13, 0xff, 0xff,
    0xff, 0xf8, 0x0, 0x0, 0x0, 0x0, 0x0, 0xff,
    0xff, 0xf1, 0x3f, 0xff, 0xff, 0xff, 0xf2, 0x0,
    0x0, 0x0, 0x0, 0xf, 0xff, 0xff, 0x13, 0xff,
    0xff, 0xff, 0xff, 0xc0, 0x0, 0x0, 0x0, 0x0,
    0xff, 0xff, 0xf1, 0x3f, 0xff, 0xfd, 0xff, 0xff,
    0x60, 0x0, 0x0, 0x0, 0xf, 0xff, 0xff, 0x13,
    0xff, 0xff, 0x8c, 0xff, 0xfe, 0x10, 0x0, 0x0,
    0x0, 0xff, 0xff, 0xf1, 0x3f, 0xff, 0xf9, 0x4f,
    0xff, 0xfa, 0x0, 0x0, 0x0, 0xf, 0xff, 0xff,
    0x13, 0xff, 0xff, 0xa0, 0xcf, 0xff, 0xf4, 0x0,
    0x0, 0x0, 0xff, 0xff, 0xf1, 0x3f, 0xff, 0xfb,
    0x3, 0xff, 0xff, 0xd0, 0x0, 0x0, 0xf, 0xff,
    0xff, 0x13, 0xff, 0xff, 0xb0, 0xb, 0xff, 0xff,
    0x80, 0x0, 0x0, 0xff, 0xff, 0xf1, 0x3f, 0xff,
    0xfc, 0x0, 0x2f, 0xff, 0xff, 0x20, 0x0, 0xf,
    0xff, 0xff, 0x13, 0xff, 0xff, 0xd0, 0x0, 0x8f,
    0xff, 0xfb, 0x0, 0x0, 0xff, 0xff, 0xf1, 0x3f,
    0xff, 0xfd, 0x0, 0x0, 0xef, 0xff, 0xf5, 0x0,
    0xf, 0xff, 0xff, 0x13, 0xff, 0xff, 0xd0, 0x0,
    0x5, 0xff, 0xff, 0xe0, 0x0, 0xff, 0xff, 0xf1,
    0x3f, 0xff, 0xfd, 0x0, 0x0, 0xb, 0xff, 0xff,
    0x90, 0xe, 0xff, 0xff, 0x13, 0xff, 0xff, 0xd0,
    0x0, 0x0, 0x1f, 0xff, 0xff, 0x20, 0xef, 0xff,
    0xf1, 0x3f, 0xff, 0xfd, 0x0, 0x0, 0x0, 0x7f,
    0xff, 0xfa, 0xd, 0xff, 0xff, 0x13, 0xff, 0xff,
    0xd0, 0x0, 0x0, 0x0, 0xdf, 0xff, 0xf3, 0xcf,
    0xff, 0xf1, 0x3f, 0xff, 0xfd, 0x0, 0x0, 0x0,
    0x3, 0xff, 0xff, 0xab, 0xff, 0xff, 0x13, 0xff,
    0xff, 0xd0, 0x0, 0x0, 0x0, 0x9, 0xff, 0xff,
    0xdf, 0xff, 0xf1, 0x3f, 0xff, 0xfd, 0x0, 0x0,
    0x0, 0x0, 0x1e, 0xff, 0xff, 0xff, 0xff, 0x13,
    0xff, 0xff, 0xd0, 0x0, 0x0, 0x0, 0x0, 0x5f,
    0xff, 0xff, 0xff, 0xf1, 0x3f, 0xff, 0xfd, 0x0,
    0x0, 0x0, 0x0, 0x0, 0xbf, 0xff, 0xff, 0xff,
    0x13, 0xff, 0xff, 0xd0, 0x0, 0x0, 0x0, 0x0,
    0x2, 0xff, 0xff, 0xff, 0xf1, 0x3f, 0xff, 0xfd,
    0x0, 0x0, 0x0, 0x0, 0x0, 0x7, 0xff, 0xff,
    0xff, 0x13, 0xff, 0xff, 0xd0, 0x0, 0x0, 0x0,
    0x0, 0x0, 0xd, 0xff, 0xff, 0xf1,

    /* U+004F "O" */
    0x0, 0x0, 0x0, 0x0, 0x5, 0xad, 0xef, 0xfd,
    0xa6, 0x10, 0x0, 0x0, 0x0, 0x0, 0x0, 0x0,
    0x0, 0x8f, 0xff, 0xff, 0xff, 0xff, 0xff, 0x91,
    0x0, 0x0, 0x0, 0x0, 0x0, 0x3, 0xdf, 0xff,
    0xff, 0xff, 0xff, 0xff, 0xff, 0xf5, 0x0, 0x0,
    0x0, 0x0, 0x4, 0xff, 0xff, 0xff, 0xff, 0xff,
    0xff, 0xff, 0xff, 0xf6, 0x0, 0x0, 0x0, 0x2,
    0xff, 0xff, 0xff, 0xfc, 0x87, 0x8a, 0xff, 0xff,
    0xff, 0xf5, 0x0, 0x0, 0x0, 0xcf, 0xff, 0xff,
    0xa1, 0x0, 0x0, 0x0, 0x8f, 0xff, 0xff, 0xe1,
    0x0, 0x0, 0x6f, 0xff, 0xff, 0x70, 0x0, 0x0,
    0x0, 0x0, 0x5f, 0xff, 0xff, 0x90, 0x0, 0xd,
    0xff, 0xff, 0xa0, 0x0, 0x0, 0x0, 0x0, 0x0,
    0x7f, 0xff, 0xff, 0x10, 0x4, 0xff, 0xff, 0xf1,
    0x0, 0x0, 0x0, 0x0, 0x0, 0x0, 0xdf, 0xff,
    0xf7, 0x0, 0x8f, 0xff, 0xf9, 0x0, 0x0, 0x0,
    0x0, 0x0, 0x0, 0x6, 0xff, 0xff, 0xc0, 0xc,
    0xff, 0xff, 0x40, 0x0, 0x0, 0x0, 0x0, 0x0,
    0x0, 0x1f, 0xff, 0xff, 0x0, 0xef, 0xff, 0xf1,
    0x0, 0x0, 0x0, 0x0, 0x0, 0x0, 0x0, 0xef,
    0xff, 0xf2, 0xf, 0xff, 0xff, 0x0, 0x0, 0x0,
    0x0, 0x0, 0x0, 0x0, 0xc, 0xff, 0xff, 0x31,
    0xff, 0xff, 0xe0, 0x0, 0x0, 0x0, 0x0, 0x0,
    0x0, 0x0, 0xbf, 0xff, 0xf4, 0x1f, 0xff, 0xfe,
    0x0, 0x0, 0x0, 0x0, 0x0, 0x0, 0x0, 0xb,
    0xff, 0xff, 0x40, 0xff, 0xff, 0xf0, 0x0, 0x0,
    0x0, 0x0, 0x0, 0x0, 0x0, 0xcf, 0xff, 0xf3,
    0xe, 0xff, 0xff, 0x10, 0x0, 0x0, 0x0, 0x0,
    0x0, 0x0, 0xe, 0xff, 0xff, 0x20, 0xcf, 0xff,
    0xf4, 0x0, 0x0, 0x0, 0x0, 0x0, 0x0, 0x1,
    0xff, 0xff, 0xf0, 0x8, 0xff, 0xff, 0x90, 0x0,
    0x0, 0x0, 0x0, 0x0, 0x0, 0x6f, 0xff, 0xfc,
    0x0, 0x4f, 0xff, 0xff, 0x10, 0x0, 0x0, 0x0,
    0x0, 0x0, 0xd, 0xff, 0xff, 0x70, 0x0, 0xef,
    0xff, 0xfa, 0x0, 0x0, 0x0, 0x0, 0x0, 0x7,
    0xff, 0xff, 0xf1, 0x0, 0x6, 0xff, 0xff, 0xf7,
    0x0, 0x0, 0x0, 0x0, 0x4, 0xff, 0xff, 0xfa,
    0x0, 0x0, 0xd, 0xff, 0xff, 0xfa, 0x10, 0x0,
    0x0, 0x8, 0xff, 0xff, 0xff, 0x10, 0x0, 0x0,
    0x2f, 0xff, 0xff, 0xff, 0xb8, 0x78, 0xaf, 0xff,
    0xff, 0xff, 0x50, 0x0, 0x0, 0x0, 0x4f, 0xff,
    0xff, 0xff, 0xff, 0xff, 0xff, 0xff, 0xff, 0x70,
    0x0, 0x0, 0x0, 0x0, 0x3e, 0xff, 0xff, 0xff,
    0xff, 0xff, 0xff, 0xff, 0x50, 0x0, 0x0, 0x0,
    0x0, 0x0, 0x8, 0xff, 0xff, 0xff, 0xff, 0xff,
    0xfa, 0x10, 0x0, 0x0, 0x0, 0x0, 0x0, 0x0,
    0x0, 0x5a, 0xdf, 0xff, 0xdb, 0x61, 0x0, 0x0,
    0x0, 0x0,

    /* U+0050 "P" */
    0x3f, 0xff, 0xff, 0xff, 0xff, 0xff, 0xec, 0x83,
    0x0, 0x0, 0x3, 0xff, 0xff, 0xff, 0xff, 0xff,
    0xff, 0xff, 0xfb, 0x20, 0x0, 0x3f, 0xff, 0xff,
    0xff, 0xff, 0xff, 0xff, 0xff, 0xfe, 0x30, 0x3,
    0xff, 0xff, 0xff, 0xff, 0xff, 0xff, 0xff, 0xff,
    0xfe, 0x10, 0x3f, 0xff, 0xfc, 0x22, 0x22, 0x23,
    0x7d, 0xff, 0xff, 0xfa, 0x3, 0xff, 0xff, 0xb0,
    0x0, 0x0, 0x0, 0xa, 0xff, 0xff, 0xf2, 0x3f,
    0xff, 0xfb, 0x0, 0x0, 0x0, 0x0, 0xe, 0xff,
    0xff, 0x73, 0xff, 0xff, 0xb0, 0x0, 0x0, 0x0,
    0x0, 0x8f, 0xff, 0xfa, 0x3f, 0xff, 0xfb, 0x0,
    0x0, 0x0, 0x0, 0x4, 0xff, 0xff, 0xc3, 0xff,
    0xff, 0xb0, 0x0, 0x0, 0x0, 0x0, 0x3f, 0xff,
    0xfd, 0x3f, 0xff, 0xfb, 0x0, 0x0, 0x0, 0x0,
    0x4, 0xff, 0xff, 0xc3, 0xff, 0xff, 0xb0, 0x0,
    0x0, 0x0, 0x0, 0x8f, 0xff, 0xfa, 0x3f, 0xff,
    0xfb, 0x0, 0x0, 0x0, 0x0, 0xe, 0xff, 0xff,
    0x73, 0xff, 0xff, 0xb0, 0x0, 0x0, 0x0, 0xa,
    0xff, 0xff, 0xf2, 0x3f, 0xff, 0xfc, 0x11, 0x11,
    0x12, 0x6c, 0xff, 0xff, 0xfa, 0x3, 0xff, 0xff,
    0xff, 0xff, 0xff, 0xff, 0xff, 0xff, 0xfe, 0x10,
    0x3f, 0xff, 0xff, 0xff, 0xff, 0xff, 0xff, 0xff,
    0xfe, 0x30, 0x3, 0xff, 0xff, 0xff, 0xff, 0xff,
    0xff, 0xff, 0xfb, 0x20, 0x0, 0x3f, 0xff, 0xff,
    0xff, 0xff, 0xff, 0xec, 0x83, 0x0, 0x0, 0x3,
    0xff, 0xff, 0xb0, 0x0, 0x0, 0x0, 0x0, 0x0,
    0x0, 0x0, 0x3f, 0xff, 0xfb, 0x0, 0x0, 0x0,
    0x0, 0x0, 0x0, 0x0, 0x3, 0xff, 0xff, 0xb0,
    0x0, 0x0, 0x0, 0x0, 0x0, 0x0, 0x0, 0x3f,
    0xff, 0xfb, 0x0, 0x0, 0x0, 0x0, 0x0, 0x0,
    0x0, 0x3, 0xff, 0xff, 0xb0, 0x0, 0x0, 0x0,
    0x0, 0x0, 0x0, 0x0, 0x3f, 0xff, 0xfb, 0x0,
    0x0, 0x0, 0x0, 0x0, 0x0, 0x0, 0x3, 0xff,
    0xff, 0xb0, 0x0, 0x0, 0x0, 0x0, 0x0, 0x0,
    0x0, 0x3f, 0xff, 0xfb, 0x0, 0x0, 0x0, 0x0,
    0x0, 0x0, 0x0, 0x3, 0xff, 0xff, 0xb0, 0x0,
    0x0, 0x0, 0x0, 0x0, 0x0, 0x0,

    /* U+0051 "Q" */
    0x0, 0x0, 0x0, 0x0, 0x5, 0xad, 0xef, 0xfd,
    0xa6, 0x10, 0x0, 0x0, 0x0, 0x0, 0x0, 0x0,
    0x0, 0x8f, 0xff, 0xff, 0xff, 0xff, 0xff, 0x91,
    0x0, 0x0, 0x0, 0x0, 0x0, 0x3, 0xdf, 0xff,
    0xff, 0xff, 0xff, 0xff, 0xff, 0xf5, 0x0, 0x0,
    0x0, 0x0, 0x4, 0xff, 0xff, 0xff, 0xff, 0xff,
    0xff, 0xff, 0xff, 0xf7, 0x0, 0x0, 0x0, 0x2,
    0xff, 0xff, 0xff, 0xfc, 0x87, 0x8a, 0xff, 0xff,
    0xff, 0xf5, 0x0, 0x0, 0x0, 0xcf, 0xff, 0xff,
    0xa1, 0x0, 0x0, 0x0, 0x8f, 0xff, 0xff, 0xf1,
    0x0, 0x0, 0x6f, 0xff, 0xff, 0x70, 0x0, 0x0,
    0x0, 0x0, 0x5f, 0xff, 0xff, 0xa0, 0x0, 0xd,
    0xff, 0xff, 0xa0, 0x0, 0x0, 0x0, 0x0, 0x0,
    0x7f, 0xff, 0xff, 0x10, 0x4, 0xff, 0xff, 0xf1,
    0x0, 0x0, 0x0, 0x0, 0x0, 0x0, 0xdf, 0xff,
    0xf7, 0x0, 0x8f, 0xff, 0xf9, 0x0, 0x0, 0x0,
    0x0, 0x0, 0x0, 0x6, 0xff, 0xff, 0xc0, 0xc,
    0xff, 0xff, 0x40, 0x0, 0x0, 0x0, 0x0, 0x0,
    0x0, 0x1f, 0xff, 0xff, 0x0, 0xef, 0xff, 0xf1,
    0x0, 0x0, 0x0, 0x0, 0x0, 0x0, 0x0, 0xef,
    0xff, 0xf2, 0xf, 0xff, 0xff, 0x0, 0x0, 0x0,
    0x0, 0x0, 0x0, 0x0, 0xc, 0xff, 0xff, 0x31,
    0xff, 0xff, 0xe0, 0x0, 0x0, 0x0, 0x0, 0x0,
    0x0, 0x0, 0xbf, 0xff, 0xf4, 0x1f, 0xff, 0xfe,
    0x0, 0x0, 0x0, 0x0, 0x0, 0x0, 0x0, 0xb,
    0xff, 0xff, 0x40, 0xff, 0xff, 0xf0, 0x0, 0x0,
    0x0, 0x0, 0x0, 0x0, 0x0, 0xcf, 0xff, 0xf3,
    0xe, 0xff, 0xff, 0x10, 0x0, 0x0, 0x0, 0x0,
    0x0, 0x0, 0xe, 0xff, 0xff, 0x10, 0xcf, 0xff,
    0xf4, 0x0, 0x0, 0x0, 0x0, 0x0, 0x0, 0x2,
    0xff, 0xff, 0xf0, 0x8, 0xff, 0xff, 0x90, 0x0,
    0x0, 0x57, 0x77, 0x50, 0x0, 0x6f, 0xff, 0xfb,
    0x0, 0x4f, 0xff, 0xff, 0x10, 0x0, 0x3, 0xff,
    0xff, 0x40, 0xd, 0xff, 0xff, 0x70, 0x0, 0xef,
    0xff, 0xfa, 0x0, 0x0, 0x6, 0xff, 0xfe, 0x27,
    0xff, 0xff, 0xf1, 0x0, 0x6, 0xff, 0xff, 0xf7,
    0x0, 0x0, 0x9, 0xff, 0xfd, 0xff, 0xff, 0xf9,
    0x0, 0x0, 0xd, 0xff, 0xff, 0xfa, 0x10, 0x0,
    0xc, 0xff, 0xff, 0xff, 0xfe, 0x10, 0x0, 0x0,
    0x2f, 0xff, 0xff, 0xff, 0xb8, 0x78, 0xcf, 0xff,
    0xff, 0xff, 0x40, 0x0, 0x0, 0x0, 0x4f, 0xff,
    0xff, 0xff, 0xff, 0xff, 0xff, 0xff, 0xff, 0x60,
    0x0, 0x0, 0x0, 0x0, 0x3e, 0xff, 0xff, 0xff,
    0xff, 0xff, 0xff, 0xff, 0xf2, 0x0, 0x0, 0x0,
    0x0, 0x0, 0x8, 0xff, 0xff, 0xff, 0xff, 0xff,
    0xff, 0xff, 0xd0, 0x0, 0x0, 0x0, 0x0, 0x0,
    0x0, 0x5a, 0xdf, 0xfe, 0xda, 0x63, 0xff, 0xff,
    0xa0, 0x0, 0x0, 0x0, 0x0, 0x0, 0x0, 0x0,
    0x0, 0x0, 0x0, 0x4, 0xff, 0xff, 0x70, 0x0,
    0x0, 0x0, 0x0, 0x0, 0x0, 0x0, 0x0, 0x0,
    0x0, 0x8, 0xff, 0xff, 0x40,

    /* U+0052 "R" */
    0x3f, 0xff, 0xff, 0xff, 0xff, 0xff, 0xec, 0x94,
    0x0, 0x0, 0x0, 0x3f, 0xff, 0xff, 0xff, 0xff,
    0xff, 0xff, 0xff, 0xc3, 0x0, 0x0, 0x3f, 0xff,
    0xff, 0xff, 0xff, 0xff, 0xff, 0xff, 0xff, 0x50,
    0x0, 0x3f, 0xff, 0xff, 0xff, 0xff, 0xff, 0xff,
    0xff, 0xff, 0xf3, 0x0, 0x3f, 0xff, 0xfc, 0x22,
    0x22, 0x23, 0x6c, 0xff, 0xff, 0xfc, 0x0, 0x3f,
    0xff, 0xfb, 0x0, 0x0, 0x0, 0x0, 0x8f, 0xff,
    0xff, 0x30, 0x3f, 0xff, 0xfb, 0x0, 0x0, 0x0,
    0x0, 0xc, 0xff, 0xff, 0x80, 0x3f, 0xff, 0xfb,
    0x0, 0x0, 0x0, 0x0, 0x6, 0xff, 0xff, 0xb0,
    0x3f, 0xff, 0xfb, 0x0, 0x0, 0x0, 0x0, 0x4,
    0xff, 0xff, 0xc0, 0x3f, 0xff, 0xfb, 0x0, 0x0,
    0x0, 0x0, 0x3, 0xff, 0xff, 0xd0, 0x3f, 0xff,
    0xfb, 0x0, 0x0, 0x0, 0x0, 0x5, 0xff, 0xff,
    0xc0, 0x3f, 0xff, 0xfb, 0x0, 0x0, 0x0, 0x0,
    0xb, 0xff, 0xff, 0x90, 0x3f, 0xff, 0xfb, 0x0,
    0x0, 0x0, 0x0, 0x6f, 0xff, 0xff, 0x40, 0x3f,
    0xff, 0xfc, 0x11, 0x11, 0x12, 0x5b, 0xff, 0xff,
    0xfd, 0x0, 0x3f, 0xff, 0xff, 0xff, 0xff, 0xff,
    0xff, 0xff, 0xff, 0xf4, 0x0, 0x3f, 0xff, 0xff,
    0xff, 0xff, 0xff, 0xff, 0xff, 0xff, 0x70, 0x0,
    0x3f, 0xff, 0xff, 0xff, 0xff, 0xff, 0xff, 0xff,
    0xd4, 0x0, 0x0, 0x3f, 0xff, 0xff, 0xff, 0xff,
    0xff, 0xff, 0xff, 0x10, 0x0, 0x0, 0x3f, 0xff,
    0xfb, 0x0, 0x0, 0xd, 0xff, 0xff, 0x90, 0x0,
    0x0, 0x3f, 0xff, 0xfb, 0x0, 0x0, 0x4, 0xff,
    0xff, 0xf2, 0x0, 0x0, 0x3f, 0xff, 0xfb, 0x0,
    0x0, 0x0, 0xcf, 0xff, 0xfb, 0x0, 0x0, 0x3f,
    0xff, 0xfb, 0x0, 0x0, 0x0, 0x3f, 0xff, 0xff,
    0x40, 0x0, 0x3f, 0xff, 0xfb, 0x0, 0x0, 0x0,
    0xa, 0xff, 0xff, 0xd0, 0x0, 0x3f, 0xff, 0xfb,
    0x0, 0x0, 0x0, 0x2, 0xff, 0xff, 0xf6, 0x0,
    0x3f, 0xff, 0xfb, 0x0, 0x0, 0x0, 0x0, 0x9f,
    0xff, 0xfe, 0x0, 0x3f, 0xff, 0xfb, 0x0, 0x0,
    0x0, 0x0, 0x1f, 0xff, 0xff, 0x70, 0x3f, 0xff,
    0xfb, 0x0, 0x0, 0x0, 0x0, 0x7, 0xff, 0xff,
    0xf1, 0x3f, 0xff, 0xfb, 0x0, 0x0, 0x0, 0x0,
    0x0, 0xef, 0xff, 0xf9,

    /* U+0053 "S" */
    0x0, 0x0, 0x0, 0x5, 0xac, 0xef, 0xfd, 0xb7,
    0x10, 0x0, 0x0, 0x0, 0x0, 0x7, 0xff, 0xff,
    0xff, 0xff, 0xff, 0xf8, 0x0, 0x0, 0x0, 0x1,
    0xcf, 0xff, 0xff, 0xff, 0xff, 0xff, 0xff, 0xe2,
    0x0, 0x0, 0xc, 0xff, 0xff, 0xff, 0xff, 0xff,
    0xff, 0xff, 0xfd, 0x10, 0x0, 0x9f, 0xff, 0xff,
    0xd7, 0x43, 0x57, 0xdf, 0xff, 0xff, 0xa0, 0x1,
    0xff, 0xff, 0xf9, 0x0, 0x0, 0x0, 0x7, 0xff,
    0xff, 0xf2, 0x4, 0xff, 0xff, 0xd0, 0x0, 0x0,
    0x0, 0x0, 0xaf, 0xff, 0xf6, 0x6, 0xff, 0xff,
    0x90, 0x0, 0x0, 0x0, 0x0, 0x4d, 0xdd, 0xd7,
    0x6, 0xff, 0xff, 0xa0, 0x0, 0x0, 0x0, 0x0,
    0x0, 0x0, 0x0, 0x4, 0xff, 0xff, 0xf3, 0x0,
    0x0, 0x0, 0x0, 0x0, 0x0, 0x0, 0x0, 0xff,
    0xff, 0xff, 0x71, 0x0, 0x0, 0x0, 0x0, 0x0,
    0x0, 0x0, 0x7f, 0xff, 0xff, 0xff, 0xb6, 0x20,
    0x0, 0x0, 0x0, 0x0, 0x0, 0xa, 0xff, 0xff,
    0xff, 0xff, 0xfe, 0xa5, 0x0, 0x0, 0x0, 0x0,
    0x0, 0x6f, 0xff, 0xff, 0xff, 0xff, 0xff, 0xe8,
    0x0, 0x0, 0x0, 0x0, 0x1, 0x7d, 0xff, 0xff,
    0xff, 0xff, 0xff, 0xe4, 0x0, 0x0, 0x0, 0x0,
    0x0, 0x27, 0xbf, 0xff, 0xff, 0xff, 0xff, 0x40,
    0x0, 0x0, 0x0, 0x0, 0x0, 0x0, 0x38, 0xef,
    0xff, 0xff, 0xf1, 0x0, 0x0, 0x0, 0x0, 0x0,
    0x0, 0x0, 0x6, 0xff, 0xff, 0xf8, 0x0, 0x0,
    0x0, 0x0, 0x0, 0x0, 0x0, 0x0, 0x5f, 0xff,
    0xfc, 0x17, 0x77, 0x74, 0x0, 0x0, 0x0, 0x0,
    0x0, 0xf, 0xff, 0xfe, 0x1f, 0xff, 0xfd, 0x0,
    0x0, 0x0, 0x0, 0x0, 0x1f, 0xff, 0xfe, 0xe,
    0xff, 0xff, 0x40, 0x0, 0x0, 0x0, 0x0, 0x7f,
    0xff, 0xfc, 0x9, 0xff, 0xff, 0xe4, 0x0, 0x0,
    0x0, 0x5, 0xff, 0xff, 0xf8, 0x2, 0xff, 0xff,
    0xff, 0xc7, 0x43, 0x47, 0xcf, 0xff, 0xff, 0xf1,
    0x0, 0x7f, 0xff, 0xff, 0xff, 0xff, 0xff, 0xff,
    0xff, 0xff, 0x60, 0x0, 0x8, 0xff, 0xff, 0xff,
    0xff, 0xff, 0xff, 0xff, 0xf7, 0x0, 0x0, 0x0,
    0x3c, 0xff, 0xff, 0xff, 0xff, 0xff, 0xfc, 0x30,
    0x0, 0x0, 0x0, 0x0, 0x38, 0xbe, 0xff, 0xfe,
    0xb8, 0x30, 0x0, 0x0,

    /* U+0054 "T" */
    0x7f, 0xff, 0xff, 0xff, 0xff, 0xff, 0xff, 0xff,
    0xff, 0xff, 0xff, 0x87, 0xff, 0xff, 0xff, 0xff,
    0xff, 0xff, 0xff, 0xff, 0xff, 0xff, 0xf8, 0x7f,
    0xff, 0xff, 0xff, 0xff, 0xff, 0xff, 0xff, 0xff,
    0xff, 0xff, 0x87, 0xff, 0xff, 0xff, 0xff, 0xff,
    0xff, 0xff, 0xff, 0xff, 0xff, 0xf8, 0x12, 0x22,
    0x22, 0x22, 0x2e, 0xff, 0xff, 0x32, 0x22, 0x22,
    0x22, 0x10, 0x0, 0x0, 0x0, 0x0, 0xef, 0xff,
    0xf0, 0x0, 0x0, 0x0, 0x0, 0x0, 0x0, 0x0,
    0x0, 0xe, 0xff, 0xff, 0x0, 0x0, 0x0, 0x0,
    0x0, 0x0, 0x0, 0x0, 0x0, 0xef, 0xff, 0xf0,
    0x0, 0x0, 0x0, 0x0, 0x0, 0x0, 0x0, 0x0,
    0xe, 0xff, 0xff, 0x0, 0x0, 0x0, 0x0, 0x0,
    0x0, 0x0, 0x0, 0x0, 0xef, 0xff, 0xf0, 0x0,
    0x0, 0x0, 0x0, 0x0, 0x0, 0x0, 0x0, 0xe,
    0xff, 0xff, 0x0, 0x0, 0x0, 0x0, 0x0, 0x0,
    0x0, 0x0, 0x0, 0xef, 0xff, 0xf0, 0x0, 0x0,
    0x0, 0x0, 0x0, 0x0, 0x0, 0x0, 0xe, 0xff,
    0xff, 0x0, 0x0, 0x0, 0x0, 0x0, 0x0, 0x0,
    0x0, 0x0, 0xef, 0xff, 0xf0, 0x0, 0x0, 0x0,
    0x0, 0x0, 0x0, 0x0, 0x0, 0xe, 0xff, 0xff,
    0x0, 0x0, 0x0, 0x0, 0x0, 0x0, 0x0, 0x0,
    0x0, 0xef, 0xff, 0xf0, 0x0, 0x0, 0x0, 0x0,
    0x0, 0x0, 0x0, 0x0, 0xe, 0xff, 0xff, 0x0,
    0x0, 0x0, 0x0, 0x0, 0x0, 0x0, 0x0, 0x0,
    0xef, 0xff, 0xf0, 0x0, 0x0, 0x0, 0x0, 0x0,
    0x0, 0x0, 0x0, 0xe, 0xff, 0xff, 0x0, 0x0,
    0x0, 0x0, 0x0, 0x0, 0x0, 0x0, 0x0, 0xef,
    0xff, 0xf0, 0x0, 0x0, 0x0, 0x0, 0x0, 0x0,
    0x0, 0x0, 0xe, 0xff, 0xff, 0x0, 0x0, 0x0,
    0x0, 0x0, 0x0, 0x0, 0x0, 0x0, 0xef, 0xff,
    0xf0, 0x0, 0x0, 0x0, 0x0, 0x0, 0x0, 0x0,
    0x0, 0xe, 0xff, 0xff, 0x0, 0x0, 0x0, 0x0,
    0x0, 0x0, 0x0, 0x0, 0x0, 0xef, 0xff, 0xf0,
    0x0, 0x0, 0x0, 0x0, 0x0, 0x0, 0x0, 0x0,
    0xe, 0xff, 0xff, 0x0, 0x0, 0x0, 0x0, 0x0,
    0x0, 0x0, 0x0, 0x0, 0xef, 0xff, 0xf0, 0x0,
    0x0, 0x0, 0x0, 0x0, 0x0, 0x0, 0x0, 0xe,
    0xff, 0xff, 0x0, 0x0, 0x0, 0x0, 0x0, 0x0,
    0x0, 0x0, 0x0, 0xef, 0xff, 0xf0, 0x0, 0x0,
    0x0, 0x0,

    /* U+0055 "U" */
    0x3f, 0xff, 0xfb, 0x0, 0x0, 0x0, 0x0, 0x0,
    0x0, 0xcf, 0xff, 0xf3, 0x3f, 0xff, 0xfb, 0x0,
    0x0, 0x0, 0x0, 0x0, 0x0, 0xcf, 0xff, 0xf3,
    0x3f, 0xff, 0xfb, 0x0, 0x0, 0x0, 0x0, 0x0,
    0x0, 0xcf, 0xff, 0xf3, 0x3f, 0xff, 0xfb, 0x0,
    0x0, 0x0, 0x0, 0x0, 0x0, 0xcf, 0xff, 0xf3,
    0x3f, 0xff, 0xfb, 0x0, 0x0, 0x0, 0x0, 0x0,
    0x0, 0xcf, 0xff, 0xf3, 0x3f, 0xff, 0xfb, 0x0,
    0x0, 0x0, 0x0, 0x0, 0x0, 0xcf, 0xff, 0xf3,
    0x3f, 0xff, 0xfb, 0x0, 0x0, 0x0, 0x0, 0x0,
    0x0, 0xcf, 0xff, 0xf3, 0x3f, 0xff, 0xfb, 0x0,
    0x0, 0x0, 0x0, 0x0, 0x0, 0xcf, 0xff, 0xf3,
    0x3f, 0xff, 0xfb, 0x0, 0x0, 0x0, 0x0, 0x0,
    0x0, 0xcf, 0xff, 0xf3, 0x3f, 0xff, 0xfb, 0x0,
    0x0, 0x0, 0x0, 0x0, 0x0, 0xcf, 0xff, 0xf3,
    0x3f, 0xff, 0xfb, 0x0, 0x0, 0x0, 0x0, 0x0,
    0x0, 0xcf, 0xff, 0xf3, 0x3f, 0xff, 0xfb, 0x0,
    0x0, 0x0, 0x0, 0x0, 0x0, 0xcf, 0xff, 0xf3,
    0x3f, 0xff, 0xfb, 0x0, 0x0, 0x0, 0x0, 0x0,
    0x0, 0xcf, 0xff, 0xf3, 0x3f, 0xff, 0xfb, 0x0,
    0x0, 0x0, 0x0, 0x0, 0x0, 0xcf, 0xff, 0xf3,
    0x3f, 0xff, 0xfb, 0x0, 0x0, 0x0, 0x0, 0x0,
    0x0, 0xcf, 0xff, 0xf3, 0x3f, 0xff, 0xfb, 0x0,
    0x0, 0x0, 0x0, 0x0, 0x0, 0xcf, 0xff, 0xf3,
    0x3f, 0xff, 0xfb, 0x0, 0x0, 0x0, 0x0, 0x0,
    0x0, 0xcf, 0xff, 0xf3, 0x3f, 0xff, 0xfb, 0x0,
    0x0, 0x0, 0x0, 0x0, 0x0, 0xcf, 0xff, 0xf3,
    0x3f, 0xff, 0xfc, 0x0, 0x0, 0x0, 0x0, 0x0,
    0x0, 0xdf, 0xff, 0xf2, 0x1f, 0xff, 0xff, 0x0,
    0x0, 0x0, 0x0, 0x0, 0x0, 0xff, 0xff, 0xf1,
    0xe, 0xff, 0xff, 0x70, 0x0, 0x0, 0x0, 0x0,
    0x7, 0xff, 0xff, 0xe0, 0xa, 0xff, 0xff, 0xf2,
    0x0, 0x0, 0x0, 0x0, 0x3f, 0xff, 0xff, 0x90,
    0x3, 0xff, 0xff, 0xfe, 0x50, 0x0, 0x0, 0x5,
    0xff, 0xff, 0xff, 0x20, 0x0, 0x9f, 0xff, 0xff,
    0xfd, 0x97, 0x79, 0xdf, 0xff, 0xff, 0xf9, 0x0,
    0x0, 0xc, 0xff, 0xff, 0xff, 0xff, 0xff, 0xff,
    0xff, 0xff, 0xc0, 0x0, 0x0, 0x1, 0xbf, 0xff,
    0xff, 0xff, 0xff, 0xff, 0xff, 0xfa, 0x0, 0x0,
    0x0, 0x0, 0x6, 0xef, 0xff, 0xff, 0xff, 0xff,
    0xfd, 0x50, 0x0, 0x0, 0x0, 0x0, 0x0, 0x4,
    0x9c, 0xef, 0xfe, 0xc9, 0x40, 0x0, 0x0, 0x0,

    /* U+0056 "V" */
    0xe, 0xff, 0xff, 0x80, 0x0, 0x0, 0x0, 0x0,
    0x0, 0x0, 0xd, 0xff, 0xff, 0x80, 0x8f, 0xff,
    0xfd, 0x0, 0x0, 0x0, 0x0, 0x0, 0x0, 0x2,
    0xff, 0xff, 0xf3, 0x3, 0xff, 0xff, 0xf3, 0x0,
    0x0, 0x0, 0x0, 0x0, 0x0, 0x8f, 0xff, 0xfd,
    0x0, 0xd, 0xff, 0xff, 0x80, 0x0, 0x0, 0x0,
    0x0, 0x0, 0xd, 0xff, 0xff, 0x80, 0x0, 0x7f,
    0xff, 0xfd, 0x0, 0x0, 0x0, 0x0, 0x0, 0x2,
    0xff, 0xff, 0xf2, 0x0, 0x2, 0xff, 0xff, 0xf3,
    0x0, 0x0, 0x0, 0x0, 0x0, 0x7f, 0xff, 0xfd,
    0x0, 0x0, 0xc, 0xff, 0xff, 0x80, 0x0, 0x0,
    0x0, 0x0, 0xd, 0xff, 0xff, 0x70, 0x0, 0x0,
    0x7f, 0xff, 0xfe, 0x0, 0x0, 0x0, 0x0, 0x2,
    0xff, 0xff, 0xf2, 0x0, 0x0, 0x1, 0xff, 0xff,
    0xf3, 0x0, 0x0, 0x0, 0x0, 0x7f, 0xff, 0xfc,
    0x0, 0x0, 0x0, 0xb, 0xff, 0xff, 0x90, 0x0,
    0x0, 0x0, 0xc, 0xff, 0xff, 0x70, 0x0, 0x0,
    0x0, 0x6f, 0xff, 0xfe, 0x0, 0x0, 0x0, 0x1,
    0xff, 0xff, 0xf1, 0x0, 0x0, 0x0, 0x0, 0xff,
    0xff, 0xf3, 0x0, 0x0, 0x0, 0x7f, 0xff, 0xfc,
    0x0, 0x0, 0x0, 0x0, 0xa, 0xff, 0xff, 0x90,
    0x0, 0x0, 0xc, 0xff, 0xff, 0x60, 0x0, 0x0,
    0x0, 0x0, 0x5f, 0xff, 0xfe, 0x0, 0x0, 0x1,
    0xff, 0xff, 0xf1, 0x0, 0x0, 0x0, 0x0, 0x0,
    0xff, 0xff, 0xf3, 0x0, 0x0, 0x6f, 0xff, 0xfb,
    0x0, 0x0, 0x0, 0x0, 0x0, 0x9, 0xff, 0xff,
    0x80, 0x0, 0xb, 0xff, 0xff, 0x50, 0x0, 0x0,
    0x0, 0x0, 0x0, 0x4f, 0xff, 0xfd, 0x0, 0x0,
    0xff, 0xff, 0xf0, 0x0, 0x0, 0x0, 0x0, 0x0,
    0x0, 0xef, 0xff, 0xf2, 0x0, 0x4f, 0xff, 0xfa,
    0x0, 0x0, 0x0, 0x0, 0x0, 0x0, 0x9, 0xff,
    0xff, 0x70, 0x9, 0xff, 0xff, 0x50, 0x0, 0x0,
    0x0, 0x0, 0x0, 0x0, 0x3f, 0xff, 0xfb, 0x0,
    0xdf, 0xff, 0xf0, 0x0, 0x0, 0x0, 0x0, 0x0,
    0x0, 0x0, 0xdf, 0xff, 0xf0, 0x2f, 0xff, 0xfa,
    0x0, 0x0, 0x0, 0x0, 0x0, 0x0, 0x0, 0x8,
    0xff, 0xff, 0x46, 0xff, 0xff, 0x40, 0x0, 0x0,
    0x0, 0x0, 0x0, 0x0, 0x0, 0x2f, 0xff, 0xf8,
    0xaf, 0xff, 0xe0, 0x0, 0x0, 0x0, 0x0, 0x0,
    0x0, 0x0, 0x0, 0xcf, 0xff, 0xde, 0xff, 0xf9,
    0x0, 0x0, 0x0, 0x0, 0x0, 0x0, 0x0, 0x0,
    0x7, 0xff, 0xff, 0xff, 0xff, 0x40, 0x0, 0x0,
    0x0, 0x0, 0x0, 0x0, 0x0, 0x0, 0x1f, 0xff,
    0xff, 0xff, 0xe0, 0x0, 0x0, 0x0, 0x0, 0x0,
    0x0, 0x0, 0x0, 0x0, 0xcf, 0xff, 0xff, 0xf9,
    0x0, 0x0, 0x0, 0x0, 0x0, 0x0, 0x0, 0x0,
    0x0, 0x6, 0xff, 0xff, 0xff, 0x30, 0x0, 0x0,
    0x0, 0x0,

    /* U+0057 "W" */
    0xe, 0xff, 0xff, 0x50, 0x0, 0x0, 0x0, 0x0,
    0x6f, 0xff, 0xff, 0x20, 0x0, 0x0, 0x0, 0x0,
    0xaf, 0xff, 0xfb, 0xa, 0xff, 0xff, 0x90, 0x0,
    0x0, 0x0, 0x0, 0xaf, 0xff, 0xff, 0x60, 0x0,
    0x0, 0x0, 0x0, 0xef, 0xff, 0xf6, 0x6, 0xff,
    0xff, 0xd0, 0x0, 0x0, 0x0, 0x0, 0xef, 0xff,
    0xff, 0xa0, 0x0, 0x0, 0x0, 0x1, 0xff, 0xff,
    0xf2, 0x2, 0xff, 0xff, 0xf1, 0x0, 0x0, 0x0,
    0x2, 0xff, 0xff, 0xff, 0xe0, 0x0, 0x0, 0x0,
    0x5, 0xff, 0xff, 0xe0, 0x0, 0xef, 0xff, 0xf5,
    0x0, 0x0, 0x0, 0x6, 0xff, 0xff, 0xff, 0xf2,
    0x0, 0x0, 0x0, 0x9, 0xff, 0xff, 0xa0, 0x0,
    0x9f, 0xff, 0xf9, 0x0, 0x0, 0x0, 0xa, 0xff,
    0xff, 0xff, 0xf6, 0x0, 0x0, 0x0, 0xd, 0xff,
    0xff, 0x50, 0x0, 0x5f, 0xff, 0xfd, 0x0, 0x0,
    0x0, 0xe, 0xff, 0xfc, 0xff, 0xfa, 0x0, 0x0,
    0x0, 0x1f, 0xff, 0xff, 0x10, 0x0, 0x1f, 0xff,
    0xff, 0x10, 0x0, 0x0, 0x2f, 0xff, 0xf7, 0xff,
    0xfe, 0x0, 0x0, 0x0, 0x5f, 0xff, 0xfd, 0x0,
    0x0, 0xd, 0xff, 0xff, 0x40, 0x0, 0x0, 0x6f,
    0xff, 0xe3, 0xff, 0xff, 0x20, 0x0, 0x0, 0x8f,
    0xff, 0xf8, 0x0, 0x0, 0x8, 0xff, 0xff, 0x80,
    0x0, 0x0, 0xaf, 0xff, 0xb0, 0xff, 0xff, 0x60,
    0x0, 0x0, 0xcf, 0xff, 0xf4, 0x0, 0x0, 0x4,
    0xff, 0xff, 0xc0, 0x0, 0x0, 0xef, 0xff, 0x80,
    0xcf, 0xff, 0xa0, 0x0, 0x0, 0xff, 0xff, 0xf0,
    0x0, 0x0, 0x0, 0xff, 0xff, 0xf0, 0x0, 0x2,
    0xff, 0xff, 0x50, 0x9f, 0xff, 0xe0, 0x0, 0x4,
    0xff, 0xff, 0xc0, 0x0, 0x0, 0x0, 0xbf, 0xff,
    0xf4, 0x0, 0x6, 0xff, 0xff, 0x10, 0x5f, 0xff,
    0xf2, 0x0, 0x8, 0xff, 0xff, 0x70, 0x0, 0x0,
    0x0, 0x7f, 0xff, 0xf8, 0x0, 0xa, 0xff, 0xfd,
    0x0, 0x1f, 0xff, 0xf6, 0x0, 0xc, 0xff, 0xff,
    0x30, 0x0, 0x0, 0x0, 0x3f, 0xff, 0xfc, 0x0,
    0xe, 0xff, 0xf9, 0x0, 0xd, 0xff, 0xfa, 0x0,
    0xf, 0xff, 0xff, 0x0, 0x0, 0x0, 0x0, 0xe,
    0xff, 0xff, 0x0, 0x2f, 0xff, 0xf5, 0x0, 0x9,
    0xff, 0xfd, 0x0, 0x3f, 0xff, 0xfb, 0x0, 0x0,
    0x0, 0x0, 0xa, 0xff, 0xff, 0x20, 0x5f, 0xff,
    0xf1, 0x0, 0x5, 0xff, 0xff, 0x10, 0x6f, 0xff,
    0xf6, 0x0, 0x0, 0x0, 0x0, 0x6, 0xff, 0xff,
    0x50, 0x8f, 0xff, 0xc0, 0x0, 0x1, 0xff, 0xff,
    0x40, 0xaf, 0xff, 0xf2, 0x0, 0x0, 0x0, 0x0,
    0x2, 0xff, 0xff, 0x80, 0xcf, 0xff, 0x80, 0x0,
    0x0, 0xcf, 0xff, 0x80, 0xdf, 0xff, 0xe0, 0x0,
    0x0, 0x0, 0x0, 0x0, 0xef, 0xff, 0xb0, 0xff,
    0xff, 0x40, 0x0, 0x0, 0x8f, 0xff, 0xb0, 0xff,
    0xff, 0xa0, 0x0, 0x0, 0x0, 0x0, 0x0, 0x9f,
    0xff, 0xe2, 0xff, 0xff, 0x0, 0x0, 0x0, 0x4f,
    0xff, 0xe3, 0xff, 0xff, 0x50, 0x0, 0x0, 0x0,
    0x0, 0x0, 0x5f, 0xff, 0xf6, 0xff, 0xfc, 0x0,
    0x0, 0x0, 0xf, 0xff, 0xf7, 0xff, 0xff, 0x10,
    0x0, 0x0, 0x0, 0x0, 0x0, 0x1f, 0xff, 0xfc,
    0xff, 0xf7, 0x0, 0x0, 0x0, 0xc, 0xff, 0xfd,
    0xff, 0xfd, 0x0, 0x0, 0x0, 0x0, 0x0, 0x0,
    0xd, 0xff, 0xff, 0xff, 0xf3, 0x0, 0x0, 0x0,
    0x7, 0xff, 0xff, 0xff, 0xf8, 0x0, 0x0, 0x0,
    0x0, 0x0, 0x0, 0x8, 0xff, 0xff, 0xff, 0xf0,
    0x0, 0x0, 0x0, 0x3, 0xff, 0xff, 0xff, 0xf4,
    0x0, 0x0, 0x0, 0x0, 0x0, 0x0, 0x4, 0xff,
    0xff, 0xff, 0xb0, 0x0, 0x0, 0x0, 0x0, 0xff,
    0xff, 0xff, 0xf0, 0x0, 0x0, 0x0, 0x0, 0x0,
    0x0, 0x0, 0xff, 0xff, 0xff, 0x70, 0x0, 0x0,
    0x0, 0x0, 0xbf, 0xff, 0xff, 0xc0, 0x0, 0x0,
    0x0, 0x0, 0x0, 0x0, 0x0, 0xbf, 0xff, 0xff,
    0x30, 0x0, 0x0, 0x0, 0x0, 0x7f, 0xff, 0xff,
    0x70, 0x0, 0x0, 0x0,

    /* U+0058 "X" */
    0x0, 0xdf, 0xff, 0xfd, 0x0, 0x0, 0x0, 0x0,
    0x0, 0x4, 0xff, 0xff, 0xf4, 0x0, 0x3, 0xff,
    0xff, 0xf8, 0x0, 0x0, 0x0, 0x0, 0x1, 0xef,
    0xff, 0xfa, 0x0, 0x0, 0x8, 0xff, 0xff, 0xf2,
    0x0, 0x0, 0x0, 0x0, 0xaf, 0xff, 0xfe, 0x10,
    0x0, 0x0, 0xd, 0xff, 0xff, 0xc0, 0x0, 0x0,
    0x0, 0x4f, 0xff, 0xff, 0x40, 0x0, 0x0, 0x0,
    0x3f, 0xff, 0xff, 0x70, 0x0, 0x0, 0x1e, 0xff,
    0xff, 0x90, 0x0, 0x0, 0x0, 0x0, 0x8f, 0xff,
    0xff, 0x20, 0x0, 0x9, 0xff, 0xff, 0xe0, 0x0,
    0x0, 0x0, 0x0, 0x0, 0xdf, 0xff, 0xfb, 0x0,
    0x3, 0xff, 0xff, 0xf4, 0x0, 0x0, 0x0, 0x0,
    0x0, 0x3, 0xff, 0xff, 0xf4, 0x0, 0xcf, 0xff,
    0xf9, 0x0, 0x0, 0x0, 0x0, 0x0, 0x0, 0x8,
    0xff, 0xff, 0xd0, 0x5f, 0xff, 0xfe, 0x0, 0x0,
    0x0, 0x0, 0x0, 0x0, 0x0, 0xd, 0xff, 0xff,
    0x5d, 0xff, 0xff, 0x40, 0x0, 0x0, 0x0, 0x0,
    0x0, 0x0, 0x0, 0x3f, 0xff, 0xff, 0xff, 0xff,
    0x90, 0x0, 0x0, 0x0, 0x0, 0x0, 0x0, 0x0,
    0x0, 0x8f, 0xff, 0xff, 0xff, 0xd0, 0x0, 0x0,
    0x0, 0x0, 0x0, 0x0, 0x0, 0x0, 0x0, 0xdf,
    0xff, 0xff, 0xf4, 0x0, 0x0, 0x0, 0x0, 0x0,
    0x0, 0x0, 0x0, 0x0, 0x4, 0xff, 0xff, 0xfb,
    0x0, 0x0, 0x0, 0x0, 0x0, 0x0, 0x0, 0x0,
    0x0, 0x0, 0xaf, 0xff, 0xff, 0xf3, 0x0, 0x0,
    0x0, 0x0, 0x0, 0x0, 0x0, 0x0, 0x0, 0x5f,
    0xff, 0xff, 0xff, 0xd0, 0x0, 0x0, 0x0, 0x0,
    0x0, 0x0, 0x0, 0x0, 0x1e, 0xff, 0xff, 0xff,
    0xff, 0x90, 0x0, 0x0, 0x0, 0x0, 0x0, 0x0,
    0x0, 0xb, 0xff, 0xff, 0x9f, 0xff, 0xff, 0x40,
    0x0, 0x0, 0x0, 0x0, 0x0, 0x0, 0x6, 0xff,
    0xff, 0xe0, 0x9f, 0xff, 0xfe, 0x0, 0x0, 0x0,
    0x0, 0x0, 0x0, 0x2, 0xff, 0xff, 0xf5, 0x1,
    0xff, 0xff, 0xf9, 0x0, 0x0, 0x0, 0x0, 0x0,
    0x0, 0xcf, 0xff, 0xfb, 0x0, 0x6, 0xff, 0xff,
    0xf4, 0x0, 0x0, 0x0, 0x0, 0x0, 0x8f, 0xff,
    0xff, 0x20, 0x0, 0xc, 0xff, 0xff, 0xe1, 0x0,
    0x0, 0x0, 0x0, 0x3f, 0xff, 0xff, 0x60, 0x0,
    0x0, 0x2f, 0xff, 0xff, 0xa0, 0x0, 0x0, 0x0,
    0xd, 0xff, 0xff, 0xb0, 0x0, 0x0, 0x0, 0x7f,
    0xff, 0xff, 0x50, 0x0, 0x0, 0x9, 0xff, 0xff,
    0xf1, 0x0, 0x0, 0x0, 0x0, 0xcf, 0xff, 0xfe,
    0x10, 0x0, 0x4, 0xff, 0xff, 0xf6, 0x0, 0x0,
    0x0, 0x0, 0x2, 0xff, 0xff, 0xfa, 0x0, 0x1,
    0xef, 0xff, 0xfb, 0x0, 0x0, 0x0, 0x0, 0x0,
    0x7, 0xff, 0xff, 0xf5, 0x0, 0xaf, 0xff, 0xfe,
    0x10, 0x0, 0x0, 0x0, 0x0, 0x0, 0xc, 0xff,
    0xff, 0xe1,

    /* U+0059 "Y" */
    0xc, 0xff, 0xff, 0xe1, 0x0, 0x0, 0x0, 0x0,
    0x0, 0x0, 0xdf, 0xff, 0xfd, 0x0, 0x3f, 0xff,
    0xff, 0x80, 0x0, 0x0, 0x0, 0x0, 0x0, 0x6f,
    0xff, 0xff, 0x40, 0x0, 0x9f, 0xff, 0xff, 0x20,
    0x0, 0x0, 0x0, 0x0, 0xe, 0xff, 0xff, 0xb0,
    0x0, 0x1, 0xef, 0xff, 0xfa, 0x0, 0x0, 0x0,
    0x0, 0x7, 0xff, 0xff, 0xf2, 0x0, 0x0, 0x6,
    0xff, 0xff, 0xf3, 0x0, 0x0, 0x0, 0x1, 0xff,
    0xff, 0xf8, 0x0, 0x0, 0x0, 0xc, 0xff, 0xff,
    0xc0, 0x0, 0x0, 0x0, 0x9f, 0xff, 0xfe, 0x0,
    0x0, 0x0, 0x0, 0x3f, 0xff, 0xff, 0x50, 0x0,
    0x0, 0x2f, 0xff, 0xff, 0x50, 0x0, 0x0, 0x0,
    0x0, 0x9f, 0xff, 0xfe, 0x0, 0x0, 0xa, 0xff,
    0xff, 0xc0, 0x0, 0x0, 0x0, 0x0, 0x1, 0xef,
    0xff, 0xf7, 0x0, 0x3, 0xff, 0xff, 0xf3, 0x0,
    0x0, 0x0, 0x0, 0x0, 0x6, 0xff, 0xff, 0xf1,
    0x0, 0xcf, 0xff, 0xf9, 0x0, 0x0, 0x0, 0x0,
    0x0, 0x0, 0xd, 0xff, 0xff, 0x80, 0x4f, 0xff,
    0xfe, 0x10, 0x0, 0x0, 0x0, 0x0, 0x0, 0x0,
    0x3f, 0xff, 0xff, 0xb, 0xff, 0xff, 0x60, 0x0,
    0x0, 0x0, 0x0, 0x0, 0x0, 0x0, 0xaf, 0xff,
    0xf9, 0xff, 0xff, 0xd0, 0x0, 0x0, 0x0, 0x0,
    0x0, 0x0, 0x0, 0x1, 0xff, 0xff, 0xff, 0xff,
    0xf3, 0x0, 0x0, 0x0, 0x0, 0x0, 0x0, 0x0,
    0x0, 0x7, 0xff, 0xff, 0xff, 0xfa, 0x0, 0x0,
    0x0, 0x0, 0x0, 0x0, 0x0, 0x0, 0x0, 0xd,
    0xff, 0xff, 0xff, 0x10, 0x0, 0x0, 0x0, 0x0,
    0x0, 0x0, 0x0, 0x0, 0x0, 0x4f, 0xff, 0xff,
    0x70, 0x0, 0x0, 0x0, 0x0, 0x0, 0x0, 0x0,
    0x0, 0x0, 0x0, 0xdf, 0xff, 0xf1, 0x0, 0x0,
    0x0, 0x0, 0x0, 0x0, 0x0, 0x0, 0x0, 0x0,
    0xd, 0xff, 0xff, 0x10, 0x0, 0x0, 0x0, 0x0,
    0x0, 0x0, 0x0, 0x0, 0x0, 0x0, 0xdf, 0xff,
    0xf1, 0x0, 0x0, 0x0, 0x0, 0x0, 0x0, 0x0,
    0x0, 0x0, 0x0, 0xd, 0xff, 0xff, 0x10, 0x0,
    0x0, 0x0, 0x0, 0x0, 0x0, 0x0, 0x0, 0x0,
    0x0, 0xdf, 0xff, 0xf1, 0x0, 0x0, 0x0, 0x0,
    0x0, 0x0, 0x0, 0x0, 0x0, 0x0, 0xd, 0xff,
    0xff, 0x10, 0x0, 0x0, 0x0, 0x0, 0x0, 0x0,
    0x0, 0x0, 0x0, 0x0, 0xdf, 0xff, 0xf1, 0x0,
    0x0, 0x0, 0x0, 0x0, 0x0, 0x0, 0x0, 0x0,
    0x0, 0xd, 0xff, 0xff, 0x10, 0x0, 0x0, 0x0,
    0x0, 0x0, 0x0, 0x0, 0x0, 0x0, 0x0, 0xdf,
    0xff, 0xf1, 0x0, 0x0, 0x0, 0x0, 0x0, 0x0,
    0x0, 0x0, 0x0, 0x0, 0xd, 0xff, 0xff, 0x10,
    0x0, 0x0, 0x0, 0x0, 0x0, 0x0, 0x0, 0x0,
    0x0, 0x0, 0xdf, 0xff, 0xf1, 0x0, 0x0, 0x0,
    0x0, 0x0,

    /* U+005A "Z" */
    0xdf, 0xff, 0xff, 0xff, 0xff, 0xff, 0xff, 0xff,
    0xff, 0xff, 0x9d, 0xff, 0xff, 0xff, 0xff, 0xff,
    0xff, 0xff, 0xff, 0xff, 0xf9, 0xdf, 0xff, 0xff,
    0xff, 0xff, 0xff, 0xff, 0xff, 0xff, 0xff, 0x9d,
    0xff, 0xff, 0xff, 0xff, 0xff, 0xff, 0xff, 0xff,
    0xff, 0xf4, 0x12, 0x22, 0x22, 0x22, 0x22, 0x22,
    0x22, 0xaf, 0xff, 0xf9, 0x0, 0x0, 0x0, 0x0,
    0x0, 0x0, 0x0, 0x5f, 0xff, 0xfd, 0x0, 0x0,
    0x0, 0x0, 0x0, 0x0, 0x0, 0x2f, 0xff, 0xff,
    0x40, 0x0, 0x0, 0x0, 0x0, 0x0, 0x0, 0xc,
    0xff, 0xff, 0x80, 0x0, 0x0, 0x0, 0x0, 0x0,
    0x0, 0x8, 0xff, 0xff, 0xd0, 0x0, 0x0, 0x0,
    0x0, 0x0, 0x0, 0x3, 0xff, 0xff, 0xf3, 0x0,
    0x0, 0x0, 0x0, 0x0, 0x0, 0x0, 0xdf, 0xff,
    0xf8, 0x0, 0x0, 0x0, 0x0, 0x0, 0x0, 0x0,
    0x9f, 0xff, 0xfc, 0x0, 0x0, 0x0, 0x0, 0x0,
    0x0, 0x0, 0x4f, 0xff, 0xff, 0x20, 0x0, 0x0,
    0x0, 0x0, 0x0, 0x0, 0x1e, 0xff, 0xff, 0x70,
    0x0, 0x0, 0x0, 0x0, 0x0, 0x0, 0xa, 0xff,
    0xff, 0xc0, 0x0, 0x0, 0x0, 0x0, 0x0, 0x0,
    0x5, 0xff, 0xff, 0xf2, 0x0, 0x0, 0x0, 0x0,
    0x0, 0x0, 0x1, 0xef, 0xff, 0xf6, 0x0, 0x0,
    0x0, 0x0, 0x0, 0x0, 0x0, 0xbf, 0xff, 0xfb,
    0x0, 0x0, 0x0, 0x0, 0x0, 0x0, 0x0, 0x6f,
    0xff, 0xfe, 0x10, 0x0, 0x0, 0x0, 0x0, 0x0,
    0x0, 0x1f, 0xff, 0xff, 0x50, 0x0, 0x0, 0x0,
    0x0, 0x0, 0x0, 0xb, 0xff, 0xff, 0xa0, 0x0,
    0x0, 0x0, 0x0, 0x0, 0x0, 0x6, 0xff, 0xff,
    0xd0, 0x0, 0x0, 0x0, 0x0, 0x0, 0x0, 0x2,
    0xff, 0xff, 0xf2, 0x0, 0x0, 0x0, 0x0, 0x0,
    0x0, 0x0, 0xcf, 0xff, 0xf7, 0x22, 0x22, 0x22,
    0x22, 0x22, 0x22, 0x21, 0x7f, 0xff, 0xff, 0xff,
    0xff, 0xff, 0xff, 0xff, 0xff, 0xff, 0xac, 0xff,
    0xff, 0xff, 0xff, 0xff, 0xff, 0xff, 0xff, 0xff,
    0xfa, 0xcf, 0xff, 0xff, 0xff, 0xff, 0xff, 0xff,
    0xff, 0xff, 0xff, 0xac, 0xff, 0xff, 0xff, 0xff,
    0xff, 0xff, 0xff, 0xff, 0xff, 0xfa,

    /* U+005B "[" */
    0x6c, 0xcc, 0xcc, 0xcc, 0xb9, 0xff, 0xff, 0xff,
    0xff, 0x9f, 0xff, 0xff, 0xff, 0xf9, 0xff, 0xff,
    0xff, 0xff, 0x9f, 0xff, 0xf1, 0x0, 0x9, 0xff,
    0xff, 0x10, 0x0, 0x9f, 0xff, 0xf1, 0x0, 0x9,
    0xff, 0xff, 0x10, 0x0, 0x9f, 0xff, 0xf1, 0x0,
    0x9, 0xff, 0xff, 0x10, 0x0, 0x9f, 0xff, 0xf1,
    0x0, 0x9, 0xff, 0xff, 0x10, 0x0, 0x9f, 0xff,
    0xf1, 0x0, 0x9, 0xff, 0xff, 0x10, 0x0, 0x9f,
    0xff, 0xf1, 0x0, 0x9, 0xff, 0xff, 0x10, 0x0,
    0x9f, 0xff, 0xf1, 0x0, 0x9, 0xff, 0xff, 0x10,
    0x0, 0x9f, 0xff, 0xf1, 0x0, 0x9, 0xff, 0xff,
    0x10, 0x0, 0x9f, 0xff, 0xf1, 0x0, 0x9, 0xff,
    0xff, 0x10, 0x0, 0x9f, 0xff, 0xf1, 0x0, 0x9,
    0xff, 0xff, 0x10, 0x0, 0x9f, 0xff, 0xf1, 0x0,
    0x9, 0xff, 0xff, 0x10, 0x0, 0x9f, 0xff, 0xf1,
    0x0, 0x9, 0xff, 0xff, 0x10, 0x0, 0x9f, 0xff,
    0xf1, 0x0, 0x9, 0xff, 0xff, 0x10, 0x0, 0x9f,
    0xff, 0xf1, 0x0, 0x9, 0xff, 0xff, 0xcc, 0xcb,
    0x9f, 0xff, 0xff, 0xff, 0xf9, 0xff, 0xff, 0xff,
    0xff, 0x9f, 0xff, 0xff, 0xff, 0xf0,

    /* U+005C "\\" */
    0x3f, 0xff, 0xf0, 0x0, 0x0, 0x0, 0x0, 0xf,
    0xff, 0xf4, 0x0, 0x0, 0x0, 0x0, 0xb, 0xff,
    0xf8, 0x0, 0x0, 0x0, 0x0, 0x6, 0xff, 0xfc,
    0x0, 0x0, 0x0, 0x0, 0x2, 0xff, 0xff, 0x10,
    0x0, 0x0, 0x0, 0x0, 0xef, 0xff, 0x50, 0x0,
    0x0, 0x0, 0x0, 0x9f, 0xff, 0x90, 0x0, 0x0,
    0x0, 0x0, 0x5f, 0xff, 0xe0, 0x0, 0x0, 0x0,
    0x0, 0x1f, 0xff, 0xf2, 0x0, 0x0, 0x0, 0x0,
    0xd, 0xff, 0xf6, 0x0, 0x0, 0x0, 0x0, 0x8,
    0xff, 0xfb, 0x0, 0x0, 0x0, 0x0, 0x4, 0xff,
    0xff, 0x0, 0x0, 0x0, 0x0, 0x0, 0xff, 0xff,
    0x30, 0x0, 0x0, 0x0, 0x0, 0xbf, 0xff, 0x80,
    0x0, 0x0, 0x0, 0x0, 0x7f, 0xff, 0xc0, 0x0,
    0x0, 0x0, 0x0, 0x3f, 0xff, 0xf0, 0x0, 0x0,
    0x0, 0x0, 0xe, 0xff, 0xf4, 0x0, 0x0, 0x0,
    0x0, 0xa, 0xff, 0xf9, 0x0, 0x0, 0x0, 0x0,
    0x6, 0xff, 0xfd, 0x0, 0x0, 0x0, 0x0, 0x1,
    0xff, 0xff, 0x10, 0x0, 0x0, 0x0, 0x0, 0xdf,
    0xff, 0x60, 0x0, 0x0, 0x0, 0x0, 0x9f, 0xff,
    0xa0, 0x0, 0x0, 0x0, 0x0, 0x4f, 0xff, 0xe0,
    0x0, 0x0, 0x0, 0x0, 0xf, 0xff, 0xf3, 0x0,
    0x0, 0x0, 0x0, 0xc, 0xff, 0xf7, 0x0, 0x0,
    0x0, 0x0, 0x7, 0xff, 0xfb, 0x0, 0x0, 0x0,
    0x0, 0x3, 0xff, 0xff, 0x0, 0x0, 0x0, 0x0,
    0x0, 0xff, 0xff, 0x40, 0x0, 0x0, 0x0, 0x0,
    0xaf, 0xff, 0x80, 0x0, 0x0, 0x0, 0x0, 0x6f,
    0xff, 0xd0, 0x0, 0x0, 0x0, 0x0, 0x2f, 0xff,
    0xf1, 0x0, 0x0, 0x0, 0x0, 0xe, 0xff, 0xf5,
    0x0, 0x0, 0x0, 0x0, 0x9, 0xff, 0xfa,

    /* U+005D "]" */
    0x1c, 0xcc, 0xcc, 0xcc, 0xc4, 0x1f, 0xff, 0xff,
    0xff, 0xf6, 0x1f, 0xff, 0xff, 0xff, 0xf6, 0x1f,
    0xff, 0xff, 0xff, 0xf6, 0x0, 0x0, 0x4f, 0xff,
    0xf6, 0x0, 0x0, 0x4f, 0xff, 0xf6, 0x0, 0x0,
    0x4f, 0xff, 0xf6, 0x0, 0x0, 0x4f, 0xff, 0xf6,
    0x0, 0x0, 0x4f, 0xff, 0xf6, 0x0, 0x0, 0x4f,
    0xff, 0xf6, 0x0, 0x0, 0x4f, 0xff, 0xf6, 0x0,
    0x0, 0x4f, 0xff, 0xf6, 0x0, 0x0, 0x4f, 0xff,
    0xf6, 0x0, 0x0, 0x4f, 0xff, 0xf6, 0x0, 0x0,
    0x4f, 0xff, 0xf6, 0x0, 0x0, 0x4f, 0xff, 0xf6,
    0x0, 0x0, 0x4f, 0xff, 0xf6, 0x0, 0x0, 0x4f,
    0xff, 0xf6, 0x0, 0x0, 0x4f, 0xff, 0xf6, 0x0,
    0x0, 0x4f, 0xff, 0xf6, 0x0, 0x0, 0x4f, 0xff,
    0xf6, 0x0, 0x0, 0x4f, 0xff, 0xf6, 0x0, 0x0,
    0x4f, 0xff, 0xf6, 0x0, 0x0, 0x4f, 0xff, 0xf6,
    0x0, 0x0, 0x4f, 0xff, 0xf6, 0x0, 0x0, 0x4f,
    0xff, 0xf6, 0x0, 0x0, 0x4f, 0xff, 0xf6, 0x0,
    0x0, 0x4f, 0xff, 0xf6, 0x0, 0x0, 0x4f, 0xff,
    0xf6, 0x0, 0x0, 0x4f, 0xff, 0xf6, 0x0, 0x0,
    0x4f, 0xff, 0xf6, 0x1c, 0xcc, 0xdf, 0xff, 0xf6,
    0x1f, 0xff, 0xff, 0xff, 0xf6, 0x1f, 0xff, 0xff,
    0xff, 0xf6, 0x1f, 0xff, 0xff, 0xff, 0xf6,

    /* U+005E "^" */
    0x0, 0x0, 0x3, 0xff, 0xff, 0x80, 0x0, 0x0,
    0x0, 0x0, 0xb, 0xff, 0xff, 0xe0, 0x0, 0x0,
    0x0, 0x0, 0x2f, 0xff, 0xff, 0xf7, 0x0, 0x0,
    0x0, 0x0, 0xaf, 0xff, 0xdf, 0xfe, 0x0, 0x0,
    0x0, 0x1, 0xff, 0xf9, 0x5f, 0xff, 0x60, 0x0,
    0x0, 0x9, 0xff, 0xf2, 0xd, 0xff, 0xd0, 0x0,
    0x0, 0x1f, 0xff, 0xb0, 0x7, 0xff, 0xf5, 0x0,
    0x0, 0x8f, 0xff, 0x40, 0x0, 0xff, 0xfc, 0x0,
    0x0, 0xef, 0xfd, 0x0, 0x0, 0x8f, 0xff, 0x40,
    0x7, 0xff, 0xf6, 0x0, 0x0, 0x2f, 0xff, 0xc0,
    0xe, 0xff, 0xf0, 0x0, 0x0, 0xa, 0xff, 0xf3,
    0x6f, 0xff, 0x80, 0x0, 0x0, 0x3, 0xff, 0xfb,

    /* U+005F "_" */
    0xee, 0xee, 0xee, 0xee, 0xee, 0xee, 0xee, 0xee,
    0xeb, 0xff, 0xff, 0xff, 0xff, 0xff, 0xff, 0xff,
    0xff, 0xfd, 0xff, 0xff, 0xff, 0xff, 0xff, 0xff,
    0xff, 0xff, 0xfd, 0xff, 0xff, 0xff, 0xff, 0xff,
    0xff, 0xff, 0xff, 0xfd,

    /* U+0060 "`" */
    0x9, 0xbb, 0xb8, 0x0, 0x0, 0x4f, 0xff, 0xf2,
    0x0, 0x0, 0xaf, 0xff, 0x90, 0x0, 0x1, 0xef,
    0xff, 0x10, 0x0, 0x5, 0xff, 0xf8, 0x0, 0x0,
    0xa, 0xff, 0xe0,

    /* U+0061 "a" */
    0x0, 0x0, 0x3, 0x8c, 0xef, 0xfd, 0xb6, 0x10,
    0x0, 0x0, 0x0, 0x2c, 0xff, 0xff, 0xff, 0xff,
    0xff, 0x70, 0x0, 0x0, 0x4f, 0xff, 0xff, 0xff,
    0xff, 0xff, 0xff, 0x90, 0x0, 0x1f, 0xff, 0xff,
    0xfd, 0xbc, 0xff, 0xff, 0xff, 0x50, 0xa, 0xff,
    0xff, 0xc3, 0x0, 0x0, 0x9f, 0xff, 0xfc, 0x0,
    0x6a, 0xdf, 0xd0, 0x0, 0x0, 0x0, 0xdf, 0xff,
    0xf1, 0x0, 0x0, 0x1, 0x0, 0x0, 0x0, 0xa,
    0xff, 0xff, 0x30, 0x0, 0x0, 0x0, 0x0, 0x0,
    0x0, 0xbf, 0xff, 0xf4, 0x0, 0x0, 0x0, 0x1,
    0x45, 0x7a, 0xdf, 0xff, 0xff, 0x40, 0x0, 0x17,
    0xbf, 0xff, 0xff, 0xff, 0xff, 0xff, 0xf4, 0x0,
    0x6f, 0xff, 0xff, 0xff, 0xff, 0xff, 0xff, 0xff,
    0x40, 0x8f, 0xff, 0xff, 0xff, 0xca, 0x74, 0x8f,
    0xff, 0xf4, 0x2f, 0xff, 0xff, 0x93, 0x0, 0x0,
    0x8, 0xff, 0xff, 0x47, 0xff, 0xff, 0x70, 0x0,
    0x0, 0x0, 0x8f, 0xff, 0xf4, 0x9f, 0xff, 0xf2,
    0x0, 0x0, 0x0, 0xc, 0xff, 0xff, 0x48, 0xff,
    0xff, 0x30, 0x0, 0x0, 0x4, 0xff, 0xff, 0xf4,
    0x6f, 0xff, 0xfc, 0x10, 0x0, 0x5, 0xff, 0xff,
    0xff, 0x41, 0xff, 0xff, 0xff, 0xb9, 0xae, 0xff,
    0xef, 0xff, 0xf4, 0x7, 0xff, 0xff, 0xff, 0xff,
    0xff, 0xd6, 0xff, 0xff, 0x40, 0x7, 0xff, 0xff,
    0xff, 0xff, 0xd2, 0x5f, 0xff, 0xf4, 0x0, 0x2,
    0x8c, 0xef, 0xeb, 0x50, 0x5, 0xff, 0xff, 0x40,

    /* U+0062 "b" */
    0x7f, 0xff, 0xf6, 0x0, 0x0, 0x0, 0x0, 0x0,
    0x0, 0x0, 0x7, 0xff, 0xff, 0x60, 0x0, 0x0,
    0x0, 0x0, 0x0, 0x0, 0x0, 0x7f, 0xff, 0xf6,
    0x0, 0x0, 0x0, 0x0, 0x0, 0x0, 0x0, 0x7,
    0xff, 0xff, 0x60, 0x0, 0x0, 0x0, 0x0, 0x0,
    0x0, 0x0, 0x7f, 0xff, 0xf6, 0x0, 0x0, 0x0,
    0x0, 0x0, 0x0, 0x0, 0x7, 0xff, 0xff, 0x60,
    0x0, 0x0, 0x0, 0x0, 0x0, 0x0, 0x0, 0x7f,
    0xff, 0xf6, 0x0, 0x0, 0x0, 0x0, 0x0, 0x0,
    0x0, 0x7, 0xff, 0xff, 0x60, 0x5, 0xbe, 0xfe,
    0xc7, 0x0, 0x0, 0x0, 0x7f, 0xff, 0xf6, 0xb,
    0xff, 0xff, 0xff, 0xfe, 0x50, 0x0, 0x7, 0xff,
    0xff, 0x6a, 0xff, 0xff, 0xff, 0xff, 0xff, 0x60,
    0x0, 0x7f, 0xff, 0xfb, 0xff, 0xff, 0xff, 0xff,
    0xff, 0xff, 0x30, 0x7, 0xff, 0xff, 0xff, 0xc4,
    0x0, 0x28, 0xff, 0xff, 0xfc, 0x0, 0x7f, 0xff,
    0xff, 0xc0, 0x0, 0x0, 0x6, 0xff, 0xff, 0xf3,
    0x7, 0xff, 0xff, 0xf2, 0x0, 0x0, 0x0, 0xb,
    0xff, 0xff, 0x90, 0x7f, 0xff, 0xfb, 0x0, 0x0,
    0x0, 0x0, 0x5f, 0xff, 0xfc, 0x7, 0xff, 0xff,
    0x70, 0x0, 0x0, 0x0, 0x1, 0xff, 0xff, 0xf0,
    0x7f, 0xff, 0xf5, 0x0, 0x0, 0x0, 0x0, 0xe,
    0xff, 0xff, 0x7, 0xff, 0xff, 0x40, 0x0, 0x0,
    0x0, 0x0, 0xef, 0xff, 0xf1, 0x7f, 0xff, 0xf5,
    0x0, 0x0, 0x0, 0x0, 0xf, 0xff, 0xff, 0x7,
    0xff, 0xff, 0x70, 0x0, 0x0, 0x0, 0x1, 0xff,
    0xff, 0xf0, 0x7f, 0xff, 0xfc, 0x0, 0x0, 0x0,
    0x0, 0x5f, 0xff, 0xfc, 0x7, 0xff, 0xff, 0xf2,
    0x0, 0x0, 0x0, 0xc, 0xff, 0xff, 0x80, 0x7f,
    0xff, 0xff, 0xc0, 0x0, 0x0, 0x6, 0xff, 0xff,
    0xf3, 0x7, 0xff, 0xff, 0xff, 0xd4, 0x0, 0x29,
    0xff, 0xff, 0xfc, 0x0, 0x7f, 0xff, 0xfb, 0xff,
    0xff, 0xff, 0xff, 0xff, 0xff, 0x30, 0x7, 0xff,
    0xff, 0x4b, 0xff, 0xff, 0xff, 0xff, 0xff, 0x60,
    0x0, 0x7f, 0xff, 0xf4, 0xb, 0xff, 0xff, 0xff,
    0xfe, 0x50, 0x0, 0x7, 0xff, 0xff, 0x40, 0x5,
    0xbe, 0xfe, 0xc7, 0x0, 0x0, 0x0,

    /* U+0063 "c" */
    0x0, 0x0, 0x0, 0x49, 0xcf, 0xfe, 0xd9, 0x40,
    0x0, 0x0, 0x0, 0x0, 0x2c, 0xff, 0xff, 0xff,
    0xff, 0xfd, 0x30, 0x0, 0x0, 0x4, 0xff, 0xff,
    0xff, 0xff, 0xff, 0xff, 0xf5, 0x0, 0x0, 0x3f,
    0xff, 0xff, 0xff, 0xff, 0xff, 0xff, 0xff, 0x30,
    0x0, 0xdf, 0xff, 0xfe, 0x50, 0x0, 0x5d, 0xff,
    0xff, 0xc0, 0x5, 0xff, 0xff, 0xe2, 0x0, 0x0,
    0x1, 0xdf, 0xff, 0xf3, 0xb, 0xff, 0xff, 0x60,
    0x0, 0x0, 0x0, 0x5f, 0xfd, 0xa3, 0xf, 0xff,
    0xff, 0x0, 0x0, 0x0, 0x0, 0x3, 0x0, 0x0,
    0x3f, 0xff, 0xfc, 0x0, 0x0, 0x0, 0x0, 0x0,
    0x0, 0x0, 0x4f, 0xff, 0xf9, 0x0, 0x0, 0x0,
    0x0, 0x0, 0x0, 0x0, 0x5f, 0xff, 0xf9, 0x0,
    0x0, 0x0, 0x0, 0x0, 0x0, 0x0, 0x4f, 0xff,
    0xfa, 0x0, 0x0, 0x0, 0x0, 0x0, 0x0, 0x0,
    0x3f, 0xff, 0xfc, 0x0, 0x0, 0x0, 0x0, 0x0,
    0x0, 0x0, 0xf, 0xff, 0xff, 0x0, 0x0, 0x0,
    0x0, 0x6, 0x20, 0x0, 0xb, 0xff, 0xff, 0x70,
    0x0, 0x0, 0x0, 0x5f, 0xff, 0xc4, 0x5, 0xff,
    0xff, 0xe2, 0x0, 0x0, 0x1, 0xef, 0xff, 0xf3,
    0x0, 0xdf, 0xff, 0xfe, 0x60, 0x0, 0x5d, 0xff,
    0xff, 0xc0, 0x0, 0x3f, 0xff, 0xff, 0xff, 0xff,
    0xff, 0xff, 0xff, 0x30, 0x0, 0x4, 0xff, 0xff,
    0xff, 0xff, 0xff, 0xff, 0xf5, 0x0, 0x0, 0x0,
    0x2c, 0xff, 0xff, 0xff, 0xff, 0xfd, 0x30, 0x0,
    0x0, 0x0, 0x0, 0x49, 0xdf, 0xff, 0xd9, 0x40,
    0x0, 0x0,

    /* U+0064 "d" */
    0x0, 0x0, 0x0, 0x0, 0x0, 0x0, 0x0, 0xa,
    0xff, 0xff, 0x20, 0x0, 0x0, 0x0, 0x0, 0x0,
    0x0, 0x0, 0xaf, 0xff, 0xf2, 0x0, 0x0, 0x0,
    0x0, 0x0, 0x0, 0x0, 0xa, 0xff, 0xff, 0x20,
    0x0, 0x0, 0x0, 0x0, 0x0, 0x0, 0x0, 0xaf,
    0xff, 0xf2, 0x0, 0x0, 0x0, 0x0, 0x0, 0x0,
    0x0, 0xa, 0xff, 0xff, 0x20, 0x0, 0x0, 0x0,
    0x0, 0x0, 0x0, 0x0, 0xaf, 0xff, 0xf2, 0x0,
    0x0, 0x0, 0x0, 0x0, 0x0, 0x0, 0xa, 0xff,
    0xff, 0x20, 0x0, 0x0, 0x28, 0xdf, 0xfe, 0x93,
    0x0, 0xaf, 0xff, 0xf2, 0x0, 0x0, 0x8f, 0xff,
    0xff, 0xff, 0xf7, 0xa, 0xff, 0xff, 0x20, 0x0,
    0xaf, 0xff, 0xff, 0xff, 0xff, 0xf5, 0xaf, 0xff,
    0xf2, 0x0, 0x7f, 0xff, 0xff, 0xff, 0xff, 0xff,
    0xfc, 0xff, 0xff, 0x20, 0x1f, 0xff, 0xff, 0xe6,
    0x10, 0x16, 0xef, 0xff, 0xff, 0xf2, 0x8, 0xff,
    0xff, 0xf2, 0x0, 0x0, 0x2, 0xef, 0xff, 0xff,
    0x20, 0xdf, 0xff, 0xf7, 0x0, 0x0, 0x0, 0x6,
    0xff, 0xff, 0xf2, 0x1f, 0xff, 0xff, 0x10, 0x0,
    0x0, 0x0, 0xf, 0xff, 0xff, 0x23, 0xff, 0xff,
    0xc0, 0x0, 0x0, 0x0, 0x0, 0xcf, 0xff, 0xf2,
    0x4f, 0xff, 0xfa, 0x0, 0x0, 0x0, 0x0, 0x9,
    0xff, 0xff, 0x25, 0xff, 0xff, 0x90, 0x0, 0x0,
    0x0, 0x0, 0x9f, 0xff, 0xf2, 0x4f, 0xff, 0xfa,
    0x0, 0x0, 0x0, 0x0, 0xa, 0xff, 0xff, 0x23,
    0xff, 0xff, 0xc0, 0x0, 0x0, 0x0, 0x0, 0xcf,
    0xff, 0xf2, 0x1f, 0xff, 0xff, 0x10, 0x0, 0x0,
    0x0, 0xf, 0xff, 0xff, 0x20, 0xdf, 0xff, 0xf7,
    0x0, 0x0, 0x0, 0x7, 0xff, 0xff, 0xf2, 0x8,
    0xff, 0xff, 0xf2, 0x0, 0x0, 0x2, 0xff, 0xff,
    0xff, 0x20, 0x1f, 0xff, 0xff, 0xe6, 0x10, 0x16,
    0xef, 0xff, 0xff, 0xf2, 0x0, 0x7f, 0xff, 0xff,
    0xff, 0xff, 0xff, 0xfb, 0xff, 0xff, 0x20, 0x0,
    0xaf, 0xff, 0xff, 0xff, 0xff, 0xf6, 0x9f, 0xff,
    0xf2, 0x0, 0x0, 0x8f, 0xff, 0xff, 0xff, 0xf7,
    0x9, 0xff, 0xff, 0x20, 0x0, 0x0, 0x28, 0xdf,
    0xfe, 0xa3, 0x0, 0x9f, 0xff, 0xf2,

    /* U+0065 "e" */
    0x0, 0x0, 0x0, 0x49, 0xdf, 0xfe, 0xc8, 0x30,
    0x0, 0x0, 0x0, 0x0, 0x2c, 0xff, 0xff, 0xff,
    0xff, 0xfb, 0x20, 0x0, 0x0, 0x4, 0xff, 0xff,
    0xff, 0xff, 0xff, 0xff, 0xe3, 0x0, 0x0, 0x3f,
    0xff, 0xff, 0xfd, 0xce, 0xff, 0xff, 0xfe, 0x10,
    0x0, 0xdf, 0xff, 0xf9, 0x10, 0x0, 0x2b, 0xff,
    0xff, 0xb0, 0x5, 0xff, 0xff, 0x70, 0x0, 0x0,
    0x0, 0xcf, 0xff, 0xf2, 0xb, 0xff, 0xfd, 0x0,
    0x0, 0x0, 0x0, 0x3f, 0xff, 0xf7, 0xf, 0xff,
    0xf8, 0x0, 0x0, 0x0, 0x0, 0xe, 0xff, 0xfb,
    0x3f, 0xff, 0xff, 0xff, 0xff, 0xff, 0xff, 0xff,
    0xff, 0xfd, 0x4f, 0xff, 0xff, 0xff, 0xff, 0xff,
    0xff, 0xff, 0xff, 0xfd, 0x5f, 0xff, 0xff, 0xff,
    0xff, 0xff, 0xff, 0xff, 0xff, 0xfe, 0x4f, 0xff,
    0xfa, 0x44, 0x44, 0x44, 0x44, 0x44, 0x44, 0x44,
    0x3f, 0xff, 0xf9, 0x0, 0x0, 0x0, 0x0, 0x0,
    0x0, 0x0, 0xf, 0xff, 0xfc, 0x0, 0x0, 0x0,
    0x0, 0x0, 0x0, 0x0, 0xc, 0xff, 0xff, 0x30,
    0x0, 0x0, 0x0, 0x8, 0x51, 0x0, 0x6, 0xff,
    0xff, 0xc0, 0x0, 0x0, 0x0, 0x7f, 0xff, 0xe5,
    0x0, 0xdf, 0xff, 0xfd, 0x40, 0x0, 0x18, 0xff,
    0xff, 0xf2, 0x0, 0x3f, 0xff, 0xff, 0xfe, 0xcd,
    0xff, 0xff, 0xff, 0x80, 0x0, 0x5, 0xff, 0xff,
    0xff, 0xff, 0xff, 0xff, 0xfa, 0x0, 0x0, 0x0,
    0x2c, 0xff, 0xff, 0xff, 0xff, 0xfe, 0x60, 0x0,
    0x0, 0x0, 0x0, 0x49, 0xce, 0xff, 0xdb, 0x61,
    0x0, 0x0,

    /* U+0066 "f" */
    0x0, 0x0, 0x0, 0x5, 0xbe, 0xff, 0xda, 0x20,
    0x0, 0x0, 0x1b, 0xff, 0xff, 0xff, 0xf1, 0x0,
    0x0, 0xb, 0xff, 0xff, 0xff, 0xfd, 0x0, 0x0,
    0x4, 0xff, 0xff, 0xff, 0xff, 0x80, 0x0, 0x0,
    0xaf, 0xff, 0xfc, 0x30, 0x21, 0x0, 0x0, 0xc,
    0xff, 0xff, 0x20, 0x0, 0x0, 0x0, 0x0, 0xdf,
    0xff, 0xf0, 0x0, 0x0, 0x0, 0x0, 0xd, 0xff,
    0xff, 0x0, 0x0, 0x0, 0xaf, 0xff, 0xff, 0xff,
    0xff, 0xff, 0xf7, 0xa, 0xff, 0xff, 0xff, 0xff,
    0xff, 0xff, 0x70, 0xaf, 0xff, 0xff, 0xff, 0xff,
    0xff, 0xf7, 0x7, 0xcc, 0xcf, 0xff, 0xff, 0xcc,
    0xcc, 0x50, 0x0, 0x0, 0xdf, 0xff, 0xf0, 0x0,
    0x0, 0x0, 0x0, 0xd, 0xff, 0xff, 0x0, 0x0,
    0x0, 0x0, 0x0, 0xdf, 0xff, 0xf0, 0x0, 0x0,
    0x0, 0x0, 0xd, 0xff, 0xff, 0x0, 0x0, 0x0,
    0x0, 0x0, 0xdf, 0xff, 0xf0, 0x0, 0x0, 0x0,
    0x0, 0xd, 0xff, 0xff, 0x0, 0x0, 0x0, 0x0,
    0x0, 0xdf, 0xff, 0xf0, 0x0, 0x0, 0x0, 0x0,
    0xd, 0xff, 0xff, 0x0, 0x0, 0x0, 0x0, 0x0,
    0xdf, 0xff, 0xf0, 0x0, 0x0, 0x0, 0x0, 0xd,
    0xff, 0xff, 0x0, 0x0, 0x0, 0x0, 0x0, 0xdf,
    0xff, 0xf0, 0x0, 0x0, 0x0, 0x0, 0xd, 0xff,
    0xff, 0x0, 0x0, 0x0, 0x0, 0x0, 0xdf, 0xff,
    0xf0, 0x0, 0x0, 0x0, 0x0, 0xd, 0xff, 0xff,
    0x0, 0x0, 0x0, 0x0, 0x0, 0xdf, 0xff, 0xf0,
    0x0, 0x0, 0x0, 0x0, 0xd, 0xff, 0xff, 0x0,
    0x0, 0x0, 0x0, 0x0, 0xdf, 0xff, 0xf0, 0x0,
    0x0, 0x0,

    /* U+0067 "g" */
    0x0, 0x0, 0x2, 0x8c, 0xff, 0xea, 0x30, 0x8,
    0xff, 0xff, 0x30, 0x0, 0x7, 0xff, 0xff, 0xff,
    0xff, 0x80, 0x8f, 0xff, 0xf3, 0x0, 0x9, 0xff,
    0xff, 0xff, 0xff, 0xff, 0x78, 0xff, 0xff, 0x30,
    0x6, 0xff, 0xff, 0xff, 0xff, 0xff, 0xff, 0xbf,
    0xff, 0xf3, 0x1, 0xef, 0xff, 0xff, 0x71, 0x1,
    0x6e, 0xff, 0xff, 0xff, 0x30, 0x7f, 0xff, 0xff,
    0x30, 0x0, 0x0, 0x2f, 0xff, 0xff, 0xf3, 0xc,
    0xff, 0xff, 0x80, 0x0, 0x0, 0x0, 0x7f, 0xff,
    0xff, 0x30, 0xff, 0xff, 0xf1, 0x0, 0x0, 0x0,
    0x0, 0xff, 0xff, 0xf3, 0x3f, 0xff, 0xfd, 0x0,
    0x0, 0x0, 0x0, 0xc, 0xff, 0xff, 0x34, 0xff,
    0xff, 0xa0, 0x0, 0x0, 0x0, 0x0, 0x9f, 0xff,
    0xf3, 0x5f, 0xff, 0xf9, 0x0, 0x0, 0x0, 0x0,
    0x9, 0xff, 0xff, 0x35, 0xff, 0xff, 0xa0, 0x0,
    0x0, 0x0, 0x0, 0x9f, 0xff, 0xf3, 0x4f, 0xff,
    0xfb, 0x0, 0x0, 0x0, 0x0, 0xb, 0xff, 0xff,
    0x31, 0xff, 0xff, 0xf0, 0x0, 0x0, 0x0, 0x0,
    0xef, 0xff, 0xf3, 0xe, 0xff, 0xff, 0x50, 0x0,
    0x0, 0x0, 0x4f, 0xff, 0xff, 0x30, 0x9f, 0xff,
    0xfd, 0x10, 0x0, 0x0, 0xd, 0xff, 0xff, 0xf3,
    0x2, 0xff, 0xff, 0xfd, 0x30, 0x0, 0x3c, 0xff,
    0xff, 0xff, 0x30, 0x9, 0xff, 0xff, 0xff, 0xed,
    0xef, 0xff, 0xdf, 0xff, 0xf3, 0x0, 0xb, 0xff,
    0xff, 0xff, 0xff, 0xff, 0x79, 0xff, 0xff, 0x30,
    0x0, 0x9, 0xff, 0xff, 0xff, 0xff, 0x80, 0x9f,
    0xff, 0xf3, 0x0, 0x0, 0x2, 0x9d, 0xff, 0xea,
    0x40, 0x9, 0xff, 0xff, 0x30, 0x0, 0x0, 0x0,
    0x0, 0x0, 0x0, 0x0, 0x9f, 0xff, 0xf2, 0x0,
    0x0, 0x0, 0x0, 0x0, 0x0, 0x0, 0xb, 0xff,
    0xff, 0x0, 0x0, 0x5a, 0xd1, 0x0, 0x0, 0x0,
    0x2, 0xff, 0xff, 0xd0, 0x4, 0xff, 0xff, 0xd3,
    0x0, 0x0, 0x6, 0xef, 0xff, 0xf7, 0x0, 0xd,
    0xff, 0xff, 0xfe, 0xbb, 0xce, 0xff, 0xff, 0xfc,
    0x0, 0x0, 0x2e, 0xff, 0xff, 0xff, 0xff, 0xff,
    0xff, 0xfd, 0x10, 0x0, 0x0, 0x1a, 0xff, 0xff,
    0xff, 0xff, 0xff, 0xf8, 0x10, 0x0, 0x0, 0x0,
    0x2, 0x7b, 0xef, 0xfe, 0xda, 0x61, 0x0, 0x0,
    0x0,

    /* U+0068 "h" */
    0x7f, 0xff, 0xf5, 0x0, 0x0, 0x0, 0x0, 0x0,
    0x0, 0x7, 0xff, 0xff, 0x50, 0x0, 0x0, 0x0,
    0x0, 0x0, 0x0, 0x7f, 0xff, 0xf5, 0x0, 0x0,
    0x0, 0x0, 0x0, 0x0, 0x7, 0xff, 0xff, 0x50,
    0x0, 0x0, 0x0, 0x0, 0x0, 0x0, 0x7f, 0xff,
    0xf5, 0x0, 0x0, 0x0, 0x0, 0x0, 0x0, 0x7,
    0xff, 0xff, 0x50, 0x0, 0x0, 0x0, 0x0, 0x0,
    0x0, 0x7f, 0xff, 0xf5, 0x0, 0x0, 0x0, 0x0,
    0x0, 0x0, 0x7, 0xff, 0xff, 0x50, 0x5, 0xbe,
    0xfe, 0xc7, 0x0, 0x0, 0x7f, 0xff, 0xf5, 0xb,
    0xff, 0xff, 0xff, 0xfe, 0x30, 0x7, 0xff, 0xff,
    0x5b, 0xff, 0xff, 0xff, 0xff, 0xff, 0x20, 0x7f,
    0xff, 0xfa, 0xff, 0xff, 0xff, 0xff, 0xff, 0xfb,
    0x7, 0xff, 0xff, 0xff, 0xb4, 0x12, 0x6e, 0xff,
    0xff, 0xf2, 0x7f, 0xff, 0xff, 0x80, 0x0, 0x0,
    0x2f, 0xff, 0xff, 0x77, 0xff, 0xff, 0xd0, 0x0,
    0x0, 0x0, 0x8f, 0xff, 0xf9, 0x7f, 0xff, 0xf8,
    0x0, 0x0, 0x0, 0x3, 0xff, 0xff, 0xa7, 0xff,
    0xff, 0x60, 0x0, 0x0, 0x0, 0x2f, 0xff, 0xfb,
    0x7f, 0xff, 0xf6, 0x0, 0x0, 0x0, 0x2, 0xff,
    0xff, 0xb7, 0xff, 0xff, 0x60, 0x0, 0x0, 0x0,
    0x2f, 0xff, 0xfb, 0x7f, 0xff, 0xf6, 0x0, 0x0,
    0x0, 0x2, 0xff, 0xff, 0xb7, 0xff, 0xff, 0x60,
    0x0, 0x0, 0x0, 0x2f, 0xff, 0xfb, 0x7f, 0xff,
    0xf6, 0x0, 0x0, 0x0, 0x2, 0xff, 0xff, 0xb7,
    0xff, 0xff, 0x60, 0x0, 0x0, 0x0, 0x2f, 0xff,
    0xfb, 0x7f, 0xff, 0xf6, 0x0, 0x0, 0x0, 0x2,
    0xff, 0xff, 0xb7, 0xff, 0xff, 0x60, 0x0, 0x0,
    0x0, 0x2f, 0xff, 0xfb, 0x7f, 0xff, 0xf6, 0x0,
    0x0, 0x0, 0x2, 0xff, 0xff, 0xb7, 0xff, 0xff,
    0x60, 0x0, 0x0, 0x0, 0x2f, 0xff, 0xfb, 0x7f,
    0xff, 0xf6, 0x0, 0x0, 0x0, 0x2, 0xff, 0xff,
    0xb7, 0xff, 0xff, 0x60, 0x0, 0x0, 0x0, 0x2f,
    0xff, 0xfb,

    /* U+0069 "i" */
    0x8, 0xee, 0x80, 0x7f, 0xff, 0xf7, 0xcf, 0xff,
    0xfb, 0xaf, 0xff, 0xf9, 0x1d, 0xff, 0xc1, 0x0,
    0x33, 0x0, 0x0, 0x0, 0x0, 0x0, 0x0, 0x0,
    0x7f, 0xff, 0xf6, 0x7f, 0xff, 0xf6, 0x7f, 0xff,
    0xf6, 0x7f, 0xff, 0xf6, 0x7f, 0xff, 0xf6, 0x7f,
    0xff, 0xf6, 0x7f, 0xff, 0xf6, 0x7f, 0xff, 0xf6,
    0x7f, 0xff, 0xf6, 0x7f, 0xff, 0xf6, 0x7f, 0xff,
    0xf6, 0x7f, 0xff, 0xf6, 0x7f, 0xff, 0xf6, 0x7f,
    0xff, 0xf6, 0x7f, 0xff, 0xf6, 0x7f, 0xff, 0xf6,
    0x7f, 0xff, 0xf6, 0x7f, 0xff, 0xf6, 0x7f, 0xff,
    0xf6, 0x7f, 0xff, 0xf6, 0x7f, 0xff, 0xf6,

    /* U+006A "j" */
    0x0, 0x0, 0x8e, 0xe8, 0x0, 0x0, 0x8f, 0xff,
    0xf7, 0x0, 0xc, 0xff, 0xff, 0xb0, 0x0, 0xaf,
    0xff, 0xf9, 0x0, 0x1, 0xdf, 0xfc, 0x10, 0x0,
    0x0, 0x33, 0x0, 0x0, 0x0, 0x0, 0x0, 0x0,
    0x0, 0x0, 0x0, 0x0, 0x0, 0x7, 0xff, 0xff,
    0x60, 0x0, 0x7f, 0xff, 0xf6, 0x0, 0x7, 0xff,
    0xff, 0x60, 0x0, 0x7f, 0xff, 0xf6, 0x0, 0x7,
    0xff, 0xff, 0x60, 0x0, 0x7f, 0xff, 0xf6, 0x0,
    0x7, 0xff, 0xff, 0x60, 0x0, 0x7f, 0xff, 0xf6,
    0x0, 0x7, 0xff, 0xff, 0x60, 0x0, 0x7f, 0xff,
    0xf6, 0x0, 0x7, 0xff, 0xff, 0x60, 0x0, 0x7f,
    0xff, 0xf6, 0x0, 0x7, 0xff, 0xff, 0x60, 0x0,
    0x7f, 0xff, 0xf6, 0x0, 0x7, 0xff, 0xff, 0x60,
    0x0, 0x7f, 0xff, 0xf6, 0x0, 0x7, 0xff, 0xff,
    0x60, 0x0, 0x7f, 0xff, 0xf6, 0x0, 0x7, 0xff,
    0xff, 0x60, 0x0, 0x7f, 0xff, 0xf6, 0x0, 0x7,
    0xff, 0xff, 0x60, 0x0, 0x7f, 0xff, 0xf6, 0x0,
    0x7, 0xff, 0xff, 0x50, 0x0, 0xaf, 0xff, 0xf4,
    0x0, 0x5f, 0xff, 0xff, 0x2b, 0xff, 0xff, 0xff,
    0xc0, 0xcf, 0xff, 0xff, 0xf4, 0xc, 0xff, 0xff,
    0xf5, 0x0, 0xcf, 0xec, 0x71, 0x0, 0x0,

    /* U+006B "k" */
    0x7f, 0xff, 0xf6, 0x0, 0x0, 0x0, 0x0, 0x0,
    0x0, 0x0, 0x7f, 0xff, 0xf6, 0x0, 0x0, 0x0,
    0x0, 0x0, 0x0, 0x0, 0x7f, 0xff, 0xf6, 0x0,
    0x0, 0x0, 0x0, 0x0, 0x0, 0x0, 0x7f, 0xff,
    0xf6, 0x0, 0x0, 0x0, 0x0, 0x0, 0x0, 0x0,
    0x7f, 0xff, 0xf6, 0x0, 0x0, 0x0, 0x0, 0x0,
    0x0, 0x0, 0x7f, 0xff, 0xf6, 0x0, 0x0, 0x0,
    0x0, 0x0, 0x0, 0x0, 0x7f, 0xff, 0xf6, 0x0,
    0x0, 0x0, 0x0, 0x0, 0x0, 0x0, 0x7f, 0xff,
    0xf6, 0x0, 0x0, 0x0, 0x4f, 0xff, 0xff, 0x60,
    0x7f, 0xff, 0xf6, 0x0, 0x0, 0x2, 0xef, 0xff,
    0xf8, 0x0, 0x7f, 0xff, 0xf6, 0x0, 0x0, 0x1e,
    0xff, 0xff, 0xa0, 0x0, 0x7f, 0xff, 0xf6, 0x0,
    0x0, 0xdf, 0xff, 0xfc, 0x0, 0x0, 0x7f, 0xff,
    0xf6, 0x0, 0xb, 0xff, 0xff, 0xd1, 0x0, 0x0,
    0x7f, 0xff, 0xf6, 0x0, 0xaf, 0xff, 0xfe, 0x10,
    0x0, 0x0, 0x7f, 0xff, 0xf6, 0x8, 0xff, 0xff,
    0xf2, 0x0, 0x0, 0x0, 0x7f, 0xff, 0xf6, 0x6f,
    0xff, 0xff, 0x40, 0x0, 0x0, 0x0, 0x7f, 0xff,
    0xfc, 0xff, 0xff, 0xf5, 0x0, 0x0, 0x0, 0x0,
    0x7f, 0xff, 0xff, 0xff, 0xff, 0xf2, 0x0, 0x0,
    0x0, 0x0, 0x7f, 0xff, 0xff, 0xff, 0xff, 0xfd,
    0x0, 0x0, 0x0, 0x0, 0x7f, 0xff, 0xff, 0xff,
    0xff, 0xff, 0x90, 0x0, 0x0, 0x0, 0x7f, 0xff,
    0xff, 0xb7, 0xff, 0xff, 0xf4, 0x0, 0x0, 0x0,
    0x7f, 0xff, 0xfc, 0x0, 0xcf, 0xff, 0xfe, 0x10,
    0x0, 0x0, 0x7f, 0xff, 0xf6, 0x0, 0x1e, 0xff,
    0xff, 0xb0, 0x0, 0x0, 0x7f, 0xff, 0xf6, 0x0,
    0x5, 0xff, 0xff, 0xf6, 0x0, 0x0, 0x7f, 0xff,
    0xf6, 0x0, 0x0, 0xaf, 0xff, 0xff, 0x20, 0x0,
    0x7f, 0xff, 0xf6, 0x0, 0x0, 0xd, 0xff, 0xff,
    0xd0, 0x0, 0x7f, 0xff, 0xf6, 0x0, 0x0, 0x3,
    0xff, 0xff, 0xf9, 0x0, 0x7f, 0xff, 0xf6, 0x0,
    0x0, 0x0, 0x8f, 0xff, 0xff, 0x40, 0x7f, 0xff,
    0xf6, 0x0, 0x0, 0x0, 0xc, 0xff, 0xff, 0xe1,

    /* U+006C "l" */
    0x7f, 0xff, 0xf6, 0x7f, 0xff, 0xf6, 0x7f, 0xff,
    0xf6, 0x7f, 0xff, 0xf6, 0x7f, 0xff, 0xf6, 0x7f,
    0xff, 0xf6, 0x7f, 0xff, 0xf6, 0x7f, 0xff, 0xf6,
    0x7f, 0xff, 0xf6, 0x7f, 0xff, 0xf6, 0x7f, 0xff,
    0xf6, 0x7f, 0xff, 0xf6, 0x7f, 0xff, 0xf6, 0x7f,
    0xff, 0xf6, 0x7f, 0xff, 0xf6, 0x7f, 0xff, 0xf6,
    0x7f, 0xff, 0xf6, 0x7f, 0xff, 0xf6, 0x7f, 0xff,
    0xf6, 0x7f, 0xff, 0xf6, 0x7f, 0xff, 0xf6, 0x7f,
    0xff, 0xf6, 0x7f, 0xff, 0xf6, 0x7f, 0xff, 0xf6,
    0x7f, 0xff, 0xf6, 0x7f, 0xff, 0xf6, 0x7f, 0xff,
    0xf6, 0x7f, 0xff, 0xf6,

    /* U+006D "m" */
    0x7f, 0xff, 0xf1, 0x0, 0x6c, 0xff, 0xd7, 0x0,
    0x0, 0x1, 0x8d, 0xff, 0xd9, 0x20, 0x0, 0x7f,
    0xff, 0xf2, 0x1c, 0xff, 0xff, 0xff, 0xc0, 0x0,
    0x6f, 0xff, 0xff, 0xff, 0xf6, 0x0, 0x7f, 0xff,
    0xf3, 0xcf, 0xff, 0xff, 0xff, 0xf8, 0x6, 0xff,
    0xff, 0xff, 0xff, 0xff, 0x50, 0x7f, 0xff, 0xf9,
    0xff, 0xff, 0xff, 0xff, 0xff, 0x3f, 0xff, 0xff,
    0xff, 0xff, 0xff, 0xe0, 0x7f, 0xff, 0xff, 0xf8,
    0x32, 0x5d, 0xff, 0xff, 0xef, 0xf7, 0x32, 0x5d,
    0xff, 0xff, 0xf4, 0x7f, 0xff, 0xff, 0x40, 0x0,
    0x1, 0xef, 0xff, 0xff, 0x40, 0x0, 0x0, 0xcf,
    0xff, 0xf8, 0x7f, 0xff, 0xfb, 0x0, 0x0, 0x0,
    0x7f, 0xff, 0xfc, 0x0, 0x0, 0x0, 0x5f, 0xff,
    0xf9, 0x7f, 0xff, 0xf7, 0x0, 0x0, 0x0, 0x4f,
    0xff, 0xf8, 0x0, 0x0, 0x0, 0x3f, 0xff, 0xfa,
    0x7f, 0xff, 0xf6, 0x0, 0x0, 0x0, 0x4f, 0xff,
    0xf7, 0x0, 0x0, 0x0, 0x2f, 0xff, 0xfa, 0x7f,
    0xff, 0xf6, 0x0, 0x0, 0x0, 0x4f, 0xff, 0xf7,
    0x0, 0x0, 0x0, 0x2f, 0xff, 0xfa, 0x7f, 0xff,
    0xf6, 0x0, 0x0, 0x0, 0x4f, 0xff, 0xf7, 0x0,
    0x0, 0x0, 0x2f, 0xff, 0xfa, 0x7f, 0xff, 0xf6,
    0x0, 0x0, 0x0, 0x4f, 0xff, 0xf7, 0x0, 0x0,
    0x0, 0x2f, 0xff, 0xfa, 0x7f, 0xff, 0xf6, 0x0,
    0x0, 0x0, 0x4f, 0xff, 0xf7, 0x0, 0x0, 0x0,
    0x2f, 0xff, 0xfa, 0x7f, 0xff, 0xf6, 0x0, 0x0,
    0x0, 0x4f, 0xff, 0xf7, 0x0, 0x0, 0x0, 0x2f,
    0xff, 0xfa, 0x7f, 0xff, 0xf6, 0x0, 0x0, 0x0,
    0x4f, 0xff, 0xf7, 0x0, 0x0, 0x0, 0x2f, 0xff,
    0xfa, 0x7f, 0xff, 0xf6, 0x0, 0x0, 0x0, 0x4f,
    0xff, 0xf7, 0x0, 0x0, 0x0, 0x2f, 0xff, 0xfa,
    0x7f, 0xff, 0xf6, 0x0, 0x0, 0x0, 0x4f, 0xff,
    0xf7, 0x0, 0x0, 0x0, 0x2f, 0xff, 0xfa, 0x7f,
    0xff, 0xf6, 0x0, 0x0, 0x0, 0x4f, 0xff, 0xf7,
    0x0, 0x0, 0x0, 0x2f, 0xff, 0xfa, 0x7f, 0xff,
    0xf6, 0x0, 0x0, 0x0, 0x4f, 0xff, 0xf7, 0x0,
    0x0, 0x0, 0x2f, 0xff, 0xfa, 0x7f, 0xff, 0xf6,
    0x0, 0x0, 0x0, 0x4f, 0xff, 0xf7, 0x0, 0x0,
    0x0, 0x2f, 0xff, 0xfa, 0x7f, 0xff, 0xf6, 0x0,
    0x0, 0x0, 0x4f, 0xff, 0xf7, 0x0, 0x0, 0x0,
    0x2f, 0xff, 0xfa,

    /* U+006E "n" */
    0x7f, 0xff, 0xf2, 0x0, 0x5b, 0xef, 0xec, 0x70,
    0x0, 0x7, 0xff, 0xff, 0x20, 0xbf, 0xff, 0xff,
    0xff, 0xe3, 0x0, 0x7f, 0xff, 0xf2, 0xbf, 0xff,
    0xff, 0xff, 0xff, 0xf2, 0x7, 0xff, 0xff, 0x8f,
    0xff, 0xff, 0xff, 0xff, 0xff, 0xb0, 0x7f, 0xff,
    0xff, 0xfb, 0x41, 0x26, 0xef, 0xff, 0xff, 0x27,
    0xff, 0xff, 0xf8, 0x0, 0x0, 0x2, 0xff, 0xff,
    0xf6, 0x7f, 0xff, 0xfd, 0x0, 0x0, 0x0, 0x8,
    0xff, 0xff, 0x97, 0xff, 0xff, 0x80, 0x0, 0x0,
    0x0, 0x3f, 0xff, 0xfa, 0x7f, 0xff, 0xf6, 0x0,
    0x0, 0x0, 0x2, 0xff, 0xff, 0xb7, 0xff, 0xff,
    0x60, 0x0, 0x0, 0x0, 0x2f, 0xff, 0xfb, 0x7f,
    0xff, 0xf6, 0x0, 0x0, 0x0, 0x2, 0xff, 0xff,
    0xb7, 0xff, 0xff, 0x60, 0x0, 0x0, 0x0, 0x2f,
    0xff, 0xfb, 0x7f, 0xff, 0xf6, 0x0, 0x0, 0x0,
    0x2, 0xff, 0xff, 0xb7, 0xff, 0xff, 0x60, 0x0,
    0x0, 0x0, 0x2f, 0xff, 0xfb, 0x7f, 0xff, 0xf6,
    0x0, 0x0, 0x0, 0x2, 0xff, 0xff, 0xb7, 0xff,
    0xff, 0x60, 0x0, 0x0, 0x0, 0x2f, 0xff, 0xfb,
    0x7f, 0xff, 0xf6, 0x0, 0x0, 0x0, 0x2, 0xff,
    0xff, 0xb7, 0xff, 0xff, 0x60, 0x0, 0x0, 0x0,
    0x2f, 0xff, 0xfb, 0x7f, 0xff, 0xf6, 0x0, 0x0,
    0x0, 0x2, 0xff, 0xff, 0xb7, 0xff, 0xff, 0x60,
    0x0, 0x0, 0x0, 0x2f, 0xff, 0xfb, 0x7f, 0xff,
    0xf6, 0x0, 0x0, 0x0, 0x2, 0xff, 0xff, 0xb0,

    /* U+006F "o" */
    0x0, 0x0, 0x0, 0x49, 0xcf, 0xff, 0xd9, 0x40,
    0x0, 0x0, 0x0, 0x0, 0x2, 0xcf, 0xff, 0xff,
    0xff, 0xff, 0xd3, 0x0, 0x0, 0x0, 0x4, 0xff,
    0xff, 0xff, 0xff, 0xff, 0xff, 0xf5, 0x0, 0x0,
    0x3, 0xff, 0xff, 0xff, 0xff, 0xff, 0xff, 0xff,
    0xf4, 0x0, 0x0, 0xdf, 0xff, 0xfe, 0x60, 0x0,
    0x5d, 0xff, 0xff, 0xe0, 0x0, 0x5f, 0xff, 0xfe,
    0x20, 0x0, 0x0, 0x1e, 0xff, 0xff, 0x70, 0xb,
    0xff, 0xff, 0x70, 0x0, 0x0, 0x0, 0x5f, 0xff,
    0xfd, 0x0, 0xff, 0xff, 0xf0, 0x0, 0x0, 0x0,
    0x0, 0xef, 0xff, 0xf2, 0x3f, 0xff, 0xfc, 0x0,
    0x0, 0x0, 0x0, 0x9, 0xff, 0xff, 0x54, 0xff,
    0xff, 0xa0, 0x0, 0x0, 0x0, 0x0, 0x7f, 0xff,
    0xf6, 0x5f, 0xff, 0xf9, 0x0, 0x0, 0x0, 0x0,
    0x6, 0xff, 0xff, 0x74, 0xff, 0xff, 0xa0, 0x0,
    0x0, 0x0, 0x0, 0x7f, 0xff, 0xf6, 0x3f, 0xff,
    0xfc, 0x0, 0x0, 0x0, 0x0, 0x9, 0xff, 0xff,
    0x50, 0xff, 0xff, 0xf0, 0x0, 0x0, 0x0, 0x0,
    0xef, 0xff, 0xf2, 0xb, 0xff, 0xff, 0x70, 0x0,
    0x0, 0x0, 0x5f, 0xff, 0xfd, 0x0, 0x5f, 0xff,
    0xfe, 0x20, 0x0, 0x0, 0x1d, 0xff, 0xff, 0x70,
    0x0, 0xdf, 0xff, 0xfe, 0x60, 0x0, 0x5d, 0xff,
    0xff, 0xe0, 0x0, 0x3, 0xff, 0xff, 0xff, 0xff,
    0xff, 0xff, 0xff, 0xf4, 0x0, 0x0, 0x4, 0xff,
    0xff, 0xff, 0xff, 0xff, 0xff, 0xf5, 0x0, 0x0,
    0x0, 0x2, 0xcf, 0xff, 0xff, 0xff, 0xff, 0xd3,
    0x0, 0x0, 0x0, 0x0, 0x0, 0x49, 0xdf, 0xff,
    0xd9, 0x40, 0x0, 0x0, 0x0,

    /* U+0070 "p" */
    0x7f, 0xff, 0xf4, 0x0, 0x5b, 0xef, 0xec, 0x70,
    0x0, 0x0, 0x7, 0xff, 0xff, 0x40, 0xbf, 0xff,
    0xff, 0xff, 0xe5, 0x0, 0x0, 0x7f, 0xff, 0xf4,
    0xaf, 0xff, 0xff, 0xff, 0xff, 0xf6, 0x0, 0x7,
    0xff, 0xff, 0xaf, 0xff, 0xff, 0xff, 0xff, 0xff,
    0xf3, 0x0, 0x7f, 0xff, 0xff, 0xfc, 0x40, 0x2,
    0x8f, 0xff, 0xff, 0xc0, 0x7, 0xff, 0xff, 0xfc,
    0x0, 0x0, 0x0, 0x6f, 0xff, 0xff, 0x30, 0x7f,
    0xff, 0xff, 0x20, 0x0, 0x0, 0x0, 0xbf, 0xff,
    0xf9, 0x7, 0xff, 0xff, 0xb0, 0x0, 0x0, 0x0,
    0x5, 0xff, 0xff, 0xc0, 0x7f, 0xff, 0xf7, 0x0,
    0x0, 0x0, 0x0, 0x1f, 0xff, 0xff, 0x7, 0xff,
    0xff, 0x50, 0x0, 0x0, 0x0, 0x0, 0xef, 0xff,
    0xf0, 0x7f, 0xff, 0xf4, 0x0, 0x0, 0x0, 0x0,
    0xe, 0xff, 0xff, 0x17, 0xff, 0xff, 0x50, 0x0,
    0x0, 0x0, 0x0, 0xff, 0xff, 0xf0, 0x7f, 0xff,
    0xf7, 0x0, 0x0, 0x0, 0x0, 0x1f, 0xff, 0xff,
    0x7, 0xff, 0xff, 0xc0, 0x0, 0x0, 0x0, 0x5,
    0xff, 0xff, 0xc0, 0x7f, 0xff, 0xff, 0x20, 0x0,
    0x0, 0x0, 0xcf, 0xff, 0xf8, 0x7, 0xff, 0xff,
    0xfc, 0x0, 0x0, 0x0, 0x6f, 0xff, 0xff, 0x30,
    0x7f, 0xff, 0xff, 0xfd, 0x40, 0x2, 0x9f, 0xff,
    0xff, 0xc0, 0x7, 0xff, 0xff, 0xbf, 0xff, 0xff,
    0xff, 0xff, 0xff, 0xf3, 0x0, 0x7f, 0xff, 0xf6,
    0xaf, 0xff, 0xff, 0xff, 0xff, 0xf6, 0x0, 0x7,
    0xff, 0xff, 0x60, 0xbf, 0xff, 0xff, 0xff, 0xe5,
    0x0, 0x0, 0x7f, 0xff, 0xf6, 0x0, 0x5b, 0xef,
    0xec, 0x70, 0x0, 0x0, 0x7, 0xff, 0xff, 0x60,
    0x0, 0x0, 0x0, 0x0, 0x0, 0x0, 0x0, 0x7f,
    0xff, 0xf6, 0x0, 0x0, 0x0, 0x0, 0x0, 0x0,
    0x0, 0x7, 0xff, 0xff, 0x60, 0x0, 0x0, 0x0,
    0x0, 0x0, 0x0, 0x0, 0x7f, 0xff, 0xf6, 0x0,
    0x0, 0x0, 0x0, 0x0, 0x0, 0x0, 0x7, 0xff,
    0xff, 0x60, 0x0, 0x0, 0x0, 0x0, 0x0, 0x0,
    0x0, 0x7f, 0xff, 0xf6, 0x0, 0x0, 0x0, 0x0,
    0x0, 0x0, 0x0, 0x7, 0xff, 0xff, 0x60, 0x0,
    0x0, 0x0, 0x0, 0x0, 0x0, 0x0, 0x7f, 0xff,
    0xf6, 0x0, 0x0, 0x0, 0x0, 0x0, 0x0, 0x0,
    0x0,

    /* U+0071 "q" */
    0x0, 0x0, 0x2, 0x8d, 0xff, 0xe9, 0x30, 0x9,
    0xff, 0xff, 0x20, 0x0, 0x8, 0xff, 0xff, 0xff,
    0xff, 0x70, 0x9f, 0xff, 0xf2, 0x0, 0xa, 0xff,
    0xff, 0xff, 0xff, 0xff, 0x69, 0xff, 0xff, 0x20,
    0x7, 0xff, 0xff, 0xff, 0xff, 0xff, 0xff, 0xbf,
    0xff, 0xf2, 0x1, 0xff, 0xff, 0xfe, 0x61, 0x1,
    0x6e, 0xff, 0xff, 0xff, 0x20, 0x8f, 0xff, 0xff,
    0x20, 0x0, 0x0, 0x2e, 0xff, 0xff, 0xf2, 0xd,
    0xff, 0xff, 0x70, 0x0, 0x0, 0x0, 0x6f, 0xff,
    0xff, 0x21, 0xff, 0xff, 0xf1, 0x0, 0x0, 0x0,
    0x0, 0xff, 0xff, 0xf2, 0x3f, 0xff, 0xfc, 0x0,
    0x0, 0x0, 0x0, 0xc, 0xff, 0xff, 0x24, 0xff,
    0xff, 0xa0, 0x0, 0x0, 0x0, 0x0, 0x9f, 0xff,
    0xf2, 0x5f, 0xff, 0xf9, 0x0, 0x0, 0x0, 0x0,
    0x9, 0xff, 0xff, 0x24, 0xff, 0xff, 0xa0, 0x0,
    0x0, 0x0, 0x0, 0xaf, 0xff, 0xf2, 0x3f, 0xff,
    0xfc, 0x0, 0x0, 0x0, 0x0, 0xc, 0xff, 0xff,
    0x21, 0xff, 0xff, 0xf1, 0x0, 0x0, 0x0, 0x0,
    0xff, 0xff, 0xf2, 0xd, 0xff, 0xff, 0x70, 0x0,
    0x0, 0x0, 0x7f, 0xff, 0xff, 0x20, 0x8f, 0xff,
    0xff, 0x20, 0x0, 0x0, 0x2f, 0xff, 0xff, 0xf2,
    0x1, 0xff, 0xff, 0xfe, 0x61, 0x1, 0x6e, 0xff,
    0xff, 0xff, 0x20, 0x7, 0xff, 0xff, 0xff, 0xff,
    0xff, 0xff, 0xcf, 0xff, 0xf2, 0x0, 0xa, 0xff,
    0xff, 0xff, 0xff, 0xff, 0x6a, 0xff, 0xff, 0x20,
    0x0, 0x8, 0xff, 0xff, 0xff, 0xff, 0x70, 0xaf,
    0xff, 0xf2, 0x0, 0x0, 0x2, 0x8d, 0xff, 0xea,
    0x30, 0xa, 0xff, 0xff, 0x20, 0x0, 0x0, 0x0,
    0x0, 0x0, 0x0, 0x0, 0xaf, 0xff, 0xf2, 0x0,
    0x0, 0x0, 0x0, 0x0, 0x0, 0x0, 0xa, 0xff,
    0xff, 0x20, 0x0, 0x0, 0x0, 0x0, 0x0, 0x0,
    0x0, 0xaf, 0xff, 0xf2, 0x0, 0x0, 0x0, 0x0,
    0x0, 0x0, 0x0, 0xa, 0xff, 0xff, 0x20, 0x0,
    0x0, 0x0, 0x0, 0x0, 0x0, 0x0, 0xaf, 0xff,
    0xf2, 0x0, 0x0, 0x0, 0x0, 0x0, 0x0, 0x0,
    0xa, 0xff, 0xff, 0x20, 0x0, 0x0, 0x0, 0x0,
    0x0, 0x0, 0x0, 0xaf, 0xff, 0xf2, 0x0, 0x0,
    0x0, 0x0, 0x0, 0x0, 0x0, 0xa, 0xff, 0xff,
    0x20,

    /* U+0072 "r" */
    0x7f, 0xff, 0xf3, 0x1, 0x9d, 0xff, 0x57, 0xff,
    0xff, 0x33, 0xef, 0xff, 0xf5, 0x7f, 0xff, 0xf4,
    0xef, 0xff, 0xff, 0x57, 0xff, 0xff, 0xbf, 0xff,
    0xff, 0xf5, 0x7f, 0xff, 0xff, 0xfe, 0x85, 0x56,
    0x27, 0xff, 0xff, 0xfc, 0x10, 0x0, 0x0, 0x7f,
    0xff, 0xfe, 0x10, 0x0, 0x0, 0x7, 0xff, 0xff,
    0x90, 0x0, 0x0, 0x0, 0x7f, 0xff, 0xf6, 0x0,
    0x0, 0x0, 0x7, 0xff, 0xff, 0x60, 0x0, 0x0,
    0x0, 0x7f, 0xff, 0xf6, 0x0, 0x0, 0x0, 0x7,
    0xff, 0xff, 0x60, 0x0, 0x0, 0x0, 0x7f, 0xff,
    0xf6, 0x0, 0x0, 0x0, 0x7, 0xff, 0xff, 0x60,
    0x0, 0x0, 0x0, 0x7f, 0xff, 0xf6, 0x0, 0x0,
    0x0, 0x7, 0xff, 0xff, 0x60, 0x0, 0x0, 0x0,
    0x7f, 0xff, 0xf6, 0x0, 0x0, 0x0, 0x7, 0xff,
    0xff, 0x60, 0x0, 0x0, 0x0, 0x7f, 0xff, 0xf6,
    0x0, 0x0, 0x0, 0x7, 0xff, 0xff, 0x60, 0x0,
    0x0, 0x0, 0x7f, 0xff, 0xf6, 0x0, 0x0, 0x0,
    0x0,

    /* U+0073 "s" */
    0x0, 0x0, 0x4, 0x9d, 0xef, 0xfd, 0xa5, 0x0,
    0x0, 0x0, 0x0, 0x4d, 0xff, 0xff, 0xff, 0xff,
    0xfe, 0x40, 0x0, 0x0, 0x5f, 0xff, 0xff, 0xff,
    0xff, 0xff, 0xff, 0x50, 0x0, 0x2f, 0xff, 0xff,
    0xfb, 0xab, 0xef, 0xff, 0xff, 0x10, 0x8, 0xff,
    0xff, 0xb1, 0x0, 0x0, 0x9f, 0xff, 0xf8, 0x0,
    0xbf, 0xff, 0xf1, 0x0, 0x0, 0x0, 0xce, 0xb8,
    0x40, 0xc, 0xff, 0xff, 0x20, 0x0, 0x0, 0x0,
    0x0, 0x0, 0x0, 0x9f, 0xff, 0xfc, 0x20, 0x0,
    0x0, 0x0, 0x0, 0x0, 0x4, 0xff, 0xff, 0xff,
    0xd9, 0x52, 0x0, 0x0, 0x0, 0x0, 0x9, 0xff,
    0xff, 0xff, 0xff, 0xfe, 0xa5, 0x0, 0x0, 0x0,
    0x6, 0xff, 0xff, 0xff, 0xff, 0xff, 0xfd, 0x40,
    0x0, 0x0, 0x0, 0x6b, 0xef, 0xff, 0xff, 0xff,
    0xff, 0x40, 0x0, 0x0, 0x0, 0x0, 0x25, 0x8d,
    0xff, 0xff, 0xfd, 0x0, 0x0, 0x0, 0x0, 0x0,
    0x0, 0x6, 0xff, 0xff, 0xf3, 0x0, 0x25, 0x82,
    0x0, 0x0, 0x0, 0xb, 0xff, 0xff, 0x43, 0xff,
    0xff, 0xa0, 0x0, 0x0, 0x0, 0xcf, 0xff, 0xf3,
    0xe, 0xff, 0xff, 0x91, 0x0, 0x1, 0x8f, 0xff,
    0xfe, 0x0, 0x7f, 0xff, 0xff, 0xfc, 0xbc, 0xff,
    0xff, 0xff, 0x60, 0x0, 0xaf, 0xff, 0xff, 0xff,
    0xff, 0xff, 0xff, 0x80, 0x0, 0x0, 0x7f, 0xff,
    0xff, 0xff, 0xff, 0xfe, 0x60, 0x0, 0x0, 0x0,
    0x16, 0xad, 0xff, 0xed, 0x95, 0x0, 0x0, 0x0,

    /* U+0074 "t" */
    0x0, 0xa, 0xff, 0xff, 0x20, 0x0, 0x0, 0x0,
    0xaf, 0xff, 0xf2, 0x0, 0x0, 0x0, 0xa, 0xff,
    0xff, 0x20, 0x0, 0x0, 0x0, 0xaf, 0xff, 0xf2,
    0x0, 0x0, 0x0, 0xa, 0xff, 0xff, 0x20, 0x0,
    0xa, 0xff, 0xff, 0xff, 0xff, 0xff, 0xf2, 0xaf,
    0xff, 0xff, 0xff, 0xff, 0xff, 0x2a, 0xff, 0xff,
    0xff, 0xff, 0xff, 0xf2, 0x7c, 0xce, 0xff, 0xff,
    0xdc, 0xcc, 0x10, 0x0, 0xaf, 0xff, 0xf2, 0x0,
    0x0, 0x0, 0xa, 0xff, 0xff, 0x20, 0x0, 0x0,
    0x0, 0xaf, 0xff, 0xf2, 0x0, 0x0, 0x0, 0xa,
    0xff, 0xff, 0x20, 0x0, 0x0, 0x0, 0xaf, 0xff,
    0xf2, 0x0, 0x0, 0x0, 0xa, 0xff, 0xff, 0x20,
    0x0, 0x0, 0x0, 0xaf, 0xff, 0xf2, 0x0, 0x0,
    0x0, 0xa, 0xff, 0xff, 0x20, 0x0, 0x0, 0x0,
    0xaf, 0xff, 0xf2, 0x0, 0x0, 0x0, 0xa, 0xff,
    0xff, 0x20, 0x0, 0x0, 0x0, 0xaf, 0xff, 0xf2,
    0x0, 0x0, 0x0, 0xa, 0xff, 0xff, 0x30, 0x0,
    0x0, 0x0, 0x9f, 0xff, 0xfa, 0x0, 0x10, 0x0,
    0x5, 0xff, 0xff, 0xff, 0xff, 0x10, 0x0, 0xd,
    0xff, 0xff, 0xff, 0xf4, 0x0, 0x0, 0x2e, 0xff,
    0xff, 0xff, 0x80, 0x0, 0x0, 0x7, 0xce, 0xff,
    0xd6,

    /* U+0075 "u" */
    0x7f, 0xff, 0xf6, 0x0, 0x0, 0x0, 0x2, 0xff,
    0xff, 0xb7, 0xff, 0xff, 0x60, 0x0, 0x0, 0x0,
    0x2f, 0xff, 0xfb, 0x7f, 0xff, 0xf6, 0x0, 0x0,
    0x0, 0x2, 0xff, 0xff, 0xb7, 0xff, 0xff, 0x60,
    0x0, 0x0, 0x0, 0x2f, 0xff, 0xfb, 0x7f, 0xff,
    0xf6, 0x0, 0x0, 0x0, 0x2, 0xff, 0xff, 0xb7,
    0xff, 0xff, 0x60, 0x0, 0x0, 0x0, 0x2f, 0xff,
    0xfb, 0x7f, 0xff, 0xf6, 0x0, 0x0, 0x0, 0x2,
    0xff, 0xff, 0xb7, 0xff, 0xff, 0x60, 0x0, 0x0,
    0x0, 0x2f, 0xff, 0xfb, 0x7f, 0xff, 0xf6, 0x0,
    0x0, 0x0, 0x2, 0xff, 0xff, 0xb7, 0xff, 0xff,
    0x60, 0x0, 0x0, 0x0, 0x2f, 0xff, 0xfb, 0x7f,
    0xff, 0xf6, 0x0, 0x0, 0x0, 0x2, 0xff, 0xff,
    0xb7, 0xff, 0xff, 0x60, 0x0, 0x0, 0x0, 0x2f,
    0xff, 0xfb, 0x7f, 0xff, 0xf6, 0x0, 0x0, 0x0,
    0x2, 0xff, 0xff, 0xb6, 0xff, 0xff, 0x70, 0x0,
    0x0, 0x0, 0x4f, 0xff, 0xfb, 0x5f, 0xff, 0xfc,
    0x0, 0x0, 0x0, 0x9, 0xff, 0xff, 0xb3, 0xff,
    0xff, 0xf5, 0x0, 0x0, 0x4, 0xff, 0xff, 0xfb,
    0xe, 0xff, 0xff, 0xf8, 0x32, 0x39, 0xff, 0xff,
    0xff, 0xb0, 0x7f, 0xff, 0xff, 0xff, 0xff, 0xff,
    0xae, 0xff, 0xfb, 0x0, 0xcf, 0xff, 0xff, 0xff,
    0xff, 0xe1, 0xef, 0xff, 0xb0, 0x1, 0xcf, 0xff,
    0xff, 0xff, 0xd2, 0xe, 0xff, 0xfb, 0x0, 0x0,
    0x5b, 0xef, 0xfc, 0x70, 0x0, 0xef, 0xff, 0xb0,

    /* U+0076 "v" */
    0x1f, 0xff, 0xff, 0x10, 0x0, 0x0, 0x0, 0x0,
    0xaf, 0xff, 0xf6, 0xb, 0xff, 0xff, 0x50, 0x0,
    0x0, 0x0, 0x0, 0xff, 0xff, 0xf1, 0x5, 0xff,
    0xff, 0xb0, 0x0, 0x0, 0x0, 0x5, 0xff, 0xff,
    0xa0, 0x0, 0xff, 0xff, 0xf0, 0x0, 0x0, 0x0,
    0xa, 0xff, 0xff, 0x40, 0x0, 0xaf, 0xff, 0xf5,
    0x0, 0x0, 0x0, 0xf, 0xff, 0xfe, 0x0, 0x0,
    0x4f, 0xff, 0xfb, 0x0, 0x0, 0x0, 0x5f, 0xff,
    0xf9, 0x0, 0x0, 0xe, 0xff, 0xff, 0x0, 0x0,
    0x0, 0xaf, 0xff, 0xf3, 0x0, 0x0, 0x8, 0xff,
    0xff, 0x50, 0x0, 0x0, 0xff, 0xff, 0xd0, 0x0,
    0x0, 0x2, 0xff, 0xff, 0xb0, 0x0, 0x5, 0xff,
    0xff, 0x70, 0x0, 0x0, 0x0, 0xcf, 0xff, 0xf0,
    0x0, 0xa, 0xff, 0xff, 0x10, 0x0, 0x0, 0x0,
    0x6f, 0xff, 0xf5, 0x0, 0xf, 0xff, 0xfb, 0x0,
    0x0, 0x0, 0x0, 0x1f, 0xff, 0xfb, 0x0, 0x5f,
    0xff, 0xf5, 0x0, 0x0, 0x0, 0x0, 0xb, 0xff,
    0xff, 0x0, 0x9f, 0xff, 0xf0, 0x0, 0x0, 0x0,
    0x0, 0x5, 0xff, 0xff, 0x40, 0xef, 0xff, 0x90,
    0x0, 0x0, 0x0, 0x0, 0x0, 0xef, 0xff, 0x82,
    0xff, 0xff, 0x30, 0x0, 0x0, 0x0, 0x0, 0x0,
    0x9f, 0xff, 0xc6, 0xff, 0xfd, 0x0, 0x0, 0x0,
    0x0, 0x0, 0x0, 0x3f, 0xff, 0xfb, 0xff, 0xf8,
    0x0, 0x0, 0x0, 0x0, 0x0, 0x0, 0xd, 0xff,
    0xff, 0xff, 0xf2, 0x0, 0x0, 0x0, 0x0, 0x0,
    0x0, 0x7, 0xff, 0xff, 0xff, 0xc0, 0x0, 0x0,
    0x0, 0x0, 0x0, 0x0, 0x1, 0xff, 0xff, 0xff,
    0x60, 0x0, 0x0, 0x0, 0x0, 0x0, 0x0, 0x0,
    0xbf, 0xff, 0xff, 0x0, 0x0, 0x0, 0x0,

    /* U+0077 "w" */
    0xf, 0xff, 0xff, 0x0, 0x0, 0x0, 0x7, 0xff,
    0xff, 0x60, 0x0, 0x0, 0x2, 0xff, 0xff, 0xe0,
    0xb, 0xff, 0xff, 0x40, 0x0, 0x0, 0xb, 0xff,
    0xff, 0xa0, 0x0, 0x0, 0x6, 0xff, 0xff, 0xa0,
    0x7, 0xff, 0xff, 0x80, 0x0, 0x0, 0xf, 0xff,
    0xff, 0xe0, 0x0, 0x0, 0xa, 0xff, 0xff, 0x50,
    0x2, 0xff, 0xff, 0xc0, 0x0, 0x0, 0x3f, 0xff,
    0xff, 0xf2, 0x0, 0x0, 0xe, 0xff, 0xff, 0x0,
    0x0, 0xdf, 0xff, 0xf0, 0x0, 0x0, 0x7f, 0xff,
    0xff, 0xf6, 0x0, 0x0, 0x2f, 0xff, 0xfb, 0x0,
    0x0, 0x9f, 0xff, 0xf4, 0x0, 0x0, 0xbf, 0xff,
    0xff, 0xfa, 0x0, 0x0, 0x6f, 0xff, 0xf7, 0x0,
    0x0, 0x4f, 0xff, 0xf8, 0x0, 0x0, 0xff, 0xfb,
    0xdf, 0xfe, 0x0, 0x0, 0xaf, 0xff, 0xf2, 0x0,
    0x0, 0xf, 0xff, 0xfc, 0x0, 0x3, 0xff, 0xf8,
    0xaf, 0xff, 0x20, 0x0, 0xef, 0xff, 0xd0, 0x0,
    0x0, 0xa, 0xff, 0xff, 0x0, 0x7, 0xff, 0xf4,
    0x6f, 0xff, 0x60, 0x2, 0xff, 0xff, 0x90, 0x0,
    0x0, 0x6, 0xff, 0xff, 0x30, 0xb, 0xff, 0xf0,
    0x2f, 0xff, 0x90, 0x6, 0xff, 0xff, 0x40, 0x0,
    0x0, 0x1, 0xff, 0xff, 0x70, 0xf, 0xff, 0xc0,
    0xe, 0xff, 0xd0, 0x9, 0xff, 0xff, 0x0, 0x0,
    0x0, 0x0, 0xcf, 0xff, 0xa0, 0x3f, 0xff, 0x80,
    0xa, 0xff, 0xf1, 0xd, 0xff, 0xfa, 0x0, 0x0,
    0x0, 0x0, 0x8f, 0xff, 0xe0, 0x7f, 0xff, 0x40,
    0x6, 0xff, 0xf5, 0x1f, 0xff, 0xf6, 0x0, 0x0,
    0x0, 0x0, 0x3f, 0xff, 0xf2, 0xaf, 0xff, 0x0,
    0x1, 0xff, 0xf8, 0x4f, 0xff, 0xf1, 0x0, 0x0,
    0x0, 0x0, 0xe, 0xff, 0xf5, 0xef, 0xfb, 0x0,
    0x0, 0xdf, 0xfc, 0x7f, 0xff, 0xc0, 0x0, 0x0,
    0x0, 0x0, 0x9, 0xff, 0xfa, 0xff, 0xf6, 0x0,
    0x0, 0x8f, 0xff, 0xbf, 0xff, 0x70, 0x0, 0x0,
    0x0, 0x0, 0x5, 0xff, 0xff, 0xff, 0xf2, 0x0,
    0x0, 0x4f, 0xff, 0xff, 0xff, 0x30, 0x0, 0x0,
    0x0, 0x0, 0x0, 0xff, 0xff, 0xff, 0xd0, 0x0,
    0x0, 0xf, 0xff, 0xff, 0xfe, 0x0, 0x0, 0x0,
    0x0, 0x0, 0x0, 0xbf, 0xff, 0xff, 0x90, 0x0,
    0x0, 0xb, 0xff, 0xff, 0xf9, 0x0, 0x0, 0x0,
    0x0, 0x0, 0x0, 0x7f, 0xff, 0xff, 0x40, 0x0,
    0x0, 0x6, 0xff, 0xff, 0xf5, 0x0, 0x0, 0x0,
    0x0, 0x0, 0x0, 0x2f, 0xff, 0xff, 0x0, 0x0,
    0x0, 0x2, 0xff, 0xff, 0xf0, 0x0, 0x0, 0x0,

    /* U+0078 "x" */
    0x5, 0xff, 0xff, 0xe0, 0x0, 0x0, 0x0, 0x2f,
    0xff, 0xff, 0x10, 0xb, 0xff, 0xff, 0x80, 0x0,
    0x0, 0xb, 0xff, 0xff, 0x60, 0x0, 0x1f, 0xff,
    0xff, 0x20, 0x0, 0x5, 0xff, 0xff, 0xc0, 0x0,
    0x0, 0x7f, 0xff, 0xfb, 0x0, 0x0, 0xef, 0xff,
    0xf2, 0x0, 0x0, 0x0, 0xcf, 0xff, 0xf4, 0x0,
    0x8f, 0xff, 0xf8, 0x0, 0x0, 0x0, 0x3, 0xff,
    0xff, 0xc0, 0x1f, 0xff, 0xfd, 0x0, 0x0, 0x0,
    0x0, 0x8, 0xff, 0xff, 0x48, 0xff, 0xff, 0x30,
    0x0, 0x0, 0x0, 0x0, 0xe, 0xff, 0xfd, 0xff,
    0xff, 0x90, 0x0, 0x0, 0x0, 0x0, 0x0, 0x4f,
    0xff, 0xff, 0xff, 0xe1, 0x0, 0x0, 0x0, 0x0,
    0x0, 0x0, 0xaf, 0xff, 0xff, 0xf5, 0x0, 0x0,
    0x0, 0x0, 0x0, 0x0, 0x6, 0xff, 0xff, 0xff,
    0x0, 0x0, 0x0, 0x0, 0x0, 0x0, 0x1, 0xef,
    0xff, 0xff, 0xf9, 0x0, 0x0, 0x0, 0x0, 0x0,
    0x0, 0xaf, 0xff, 0xff, 0xff, 0xf3, 0x0, 0x0,
    0x0, 0x0, 0x0, 0x4f, 0xff, 0xf6, 0xef, 0xff,
    0xd0, 0x0, 0x0, 0x0, 0x0, 0xe, 0xff, 0xfe,
    0x6, 0xff, 0xff, 0x70, 0x0, 0x0, 0x0, 0x9,
    0xff, 0xff, 0x60, 0xd, 0xff, 0xff, 0x20, 0x0,
    0x0, 0x3, 0xff, 0xff, 0xd0, 0x0, 0x4f, 0xff,
    0xfc, 0x0, 0x0, 0x0, 0xdf, 0xff, 0xf4, 0x0,
    0x0, 0xbf, 0xff, 0xf6, 0x0, 0x0, 0x7f, 0xff,
    0xfa, 0x0, 0x0, 0x2, 0xff, 0xff, 0xf1, 0x0,
    0x2f, 0xff, 0xff, 0x10, 0x0, 0x0, 0x7, 0xff,
    0xff, 0xb0, 0xc, 0xff, 0xff, 0x70, 0x0, 0x0,
    0x0, 0xd, 0xff, 0xff, 0x50,

    /* U+0079 "y" */
    0x1f, 0xff, 0xff, 0x10, 0x0, 0x0, 0x0, 0x0,
    0xaf, 0xff, 0xf7, 0xb, 0xff, 0xff, 0x50, 0x0,
    0x0, 0x0, 0x0, 0xff, 0xff, 0xf1, 0x5, 0xff,
    0xff, 0xb0, 0x0, 0x0, 0x0, 0x5, 0xff, 0xff,
    0xb0, 0x0, 0xff, 0xff, 0xf0, 0x0, 0x0, 0x0,
    0xa, 0xff, 0xff, 0x50, 0x0, 0x9f, 0xff, 0xf5,
    0x0, 0x0, 0x0, 0xf, 0xff, 0xfe, 0x0, 0x0,
    0x3f, 0xff, 0xfb, 0x0, 0x0, 0x0, 0x5f, 0xff,
    0xf9, 0x0, 0x0, 0xd, 0xff, 0xff, 0x0, 0x0,
    0x0, 0xbf, 0xff, 0xf3, 0x0, 0x0, 0x7, 0xff,
    0xff, 0x50, 0x0, 0x0, 0xff, 0xff, 0xd0, 0x0,
    0x0, 0x2, 0xff, 0xff, 0xb0, 0x0, 0x6, 0xff,
    0xff, 0x70, 0x0, 0x0, 0x0, 0xcf, 0xff, 0xf0,
    0x0, 0xb, 0xff, 0xff, 0x10, 0x0, 0x0, 0x0,
    0x6f, 0xff, 0xf5, 0x0, 0x1f, 0xff, 0xfb, 0x0,
    0x0, 0x0, 0x0, 0xf, 0xff, 0xfb, 0x0, 0x6f,
    0xff, 0xf5, 0x0, 0x0, 0x0, 0x0, 0xa, 0xff,
    0xff, 0x0, 0xbf, 0xff, 0xe0, 0x0, 0x0, 0x0,
    0x0, 0x4, 0xff, 0xff, 0x40, 0xff, 0xff, 0x90,
    0x0, 0x0, 0x0, 0x0, 0x0, 0xef, 0xff, 0x84,
    0xff, 0xff, 0x30, 0x0, 0x0, 0x0, 0x0, 0x0,
    0x8f, 0xff, 0xc8, 0xff, 0xfd, 0x0, 0x0, 0x0,
    0x0, 0x0, 0x0, 0x2f, 0xff, 0xfd, 0xff, 0xf7,
    0x0, 0x0, 0x0, 0x0, 0x0, 0x0, 0xc, 0xff,
    0xff, 0xff, 0xf1, 0x0, 0x0, 0x0, 0x0, 0x0,
    0x0, 0x6, 0xff, 0xff, 0xff, 0xb0, 0x0, 0x0,
    0x0, 0x0, 0x0, 0x0, 0x1, 0xff, 0xff, 0xff,
    0x50, 0x0, 0x0, 0x0, 0x0, 0x0, 0x0, 0x0,
    0xaf, 0xff, 0xfe, 0x0, 0x0, 0x0, 0x0, 0x0,
    0x0, 0x0, 0x0, 0x8f, 0xff, 0xf8, 0x0, 0x0,
    0x0, 0x0, 0x0, 0x0, 0x0, 0x0, 0xcf, 0xff,
    0xf2, 0x0, 0x0, 0x0, 0x0, 0x0, 0x0, 0x0,
    0x1, 0xff, 0xff, 0xc0, 0x0, 0x0, 0x0, 0x0,
    0x0, 0x2, 0x10, 0x3c, 0xff, 0xff, 0x60, 0x0,
    0x0, 0x0, 0x0, 0x0, 0xc, 0xff, 0xff, 0xff,
    0xfd, 0x0, 0x0, 0x0, 0x0, 0x0, 0x0, 0x1f,
    0xff, 0xff, 0xff, 0xf3, 0x0, 0x0, 0x0, 0x0,
    0x0, 0x0, 0x5f, 0xff, 0xff, 0xfe, 0x40, 0x0,
    0x0, 0x0, 0x0, 0x0, 0x0, 0x5c, 0xef, 0xfc,
    0x71, 0x0, 0x0, 0x0, 0x0, 0x0, 0x0,

    /* U+007A "z" */
    0x6f, 0xff, 0xff, 0xff, 0xff, 0xff, 0xff, 0xff,
    0xe0, 0x6f, 0xff, 0xff, 0xff, 0xff, 0xff, 0xff,
    0xff, 0xe0, 0x6f, 0xff, 0xff, 0xff, 0xff, 0xff,
    0xff, 0xff, 0xe0, 0x6f, 0xff, 0xff, 0xff, 0xff,
    0xff, 0xff, 0xff, 0xb0, 0x2, 0x22, 0x22, 0x22,
    0x22, 0x7f, 0xff, 0xfe, 0x10, 0x0, 0x0, 0x0,
    0x0, 0x2, 0xff, 0xff, 0xf4, 0x0, 0x0, 0x0,
    0x0, 0x0, 0xd, 0xff, 0xff, 0x80, 0x0, 0x0,
    0x0, 0x0, 0x0, 0xaf, 0xff, 0xfc, 0x0, 0x0,
    0x0, 0x0, 0x0, 0x6, 0xff, 0xff, 0xe1, 0x0,
    0x0, 0x0, 0x0, 0x0, 0x3f, 0xff, 0xff, 0x40,
    0x0, 0x0, 0x0, 0x0, 0x1, 0xef, 0xff, 0xf8,
    0x0, 0x0, 0x0, 0x0, 0x0, 0xb, 0xff, 0xff,
    0xb0, 0x0, 0x0, 0x0, 0x0, 0x0, 0x8f, 0xff,
    0xfe, 0x10, 0x0, 0x0, 0x0, 0x0, 0x4, 0xff,
    0xff, 0xf4, 0x0, 0x0, 0x0, 0x0, 0x0, 0x2f,
    0xff, 0xff, 0x70, 0x0, 0x0, 0x0, 0x0, 0x0,
    0xdf, 0xff, 0xfb, 0x0, 0x0, 0x0, 0x0, 0x0,
    0xa, 0xff, 0xff, 0xe2, 0x11, 0x11, 0x11, 0x11,
    0x10, 0x6f, 0xff, 0xff, 0xff, 0xff, 0xff, 0xff,
    0xff, 0xf3, 0xbf, 0xff, 0xff, 0xff, 0xff, 0xff,
    0xff, 0xff, 0xf3, 0xbf, 0xff, 0xff, 0xff, 0xff,
    0xff, 0xff, 0xff, 0xf3, 0xbf, 0xff, 0xff, 0xff,
    0xff, 0xff, 0xff, 0xff, 0xf3,

    /* U+007B "{" */
    0x0, 0x0, 0x0, 0x0, 0x15, 0x8a, 0xa0, 0x0,
    0x0, 0x0, 0x9f, 0xff, 0xff, 0x0, 0x0, 0x0,
    0xcf, 0xff, 0xff, 0xf0, 0x0, 0x0, 0x6f, 0xff,
    0xff, 0xff, 0x0, 0x0, 0xc, 0xff, 0xff, 0x82,
    0x0, 0x0, 0x0, 0xff, 0xff, 0x90, 0x0, 0x0,
    0x0, 0x2f, 0xff, 0xf3, 0x0, 0x0, 0x0, 0x2,
    0xff, 0xff, 0x10, 0x0, 0x0, 0x0, 0x3f, 0xff,
    0xf0, 0x0, 0x0, 0x0, 0x3, 0xff, 0xff, 0x0,
    0x0, 0x0, 0x0, 0x3f, 0xff, 0xf0, 0x0, 0x0,
    0x0, 0x3, 0xff, 0xff, 0x0, 0x0, 0x0, 0x0,
    0x4f, 0xff, 0xf0, 0x0, 0x0, 0x0, 0x7, 0xff,
    0xff, 0x0, 0x0, 0x0, 0x2, 0xef, 0xff, 0xc0,
    0x0, 0x1, 0x9b, 0xff, 0xff, 0xf4, 0x0, 0x0,
    0x2f, 0xff, 0xff, 0xe5, 0x0, 0x0, 0x2, 0xff,
    0xff, 0x60, 0x0, 0x0, 0x0, 0x2f, 0xff, 0xfe,
    0x91, 0x0, 0x0, 0x2, 0xff, 0xff, 0xff, 0xd1,
    0x0, 0x0, 0x0, 0x28, 0xff, 0xff, 0x90, 0x0,
    0x0, 0x0, 0xa, 0xff, 0xfe, 0x0, 0x0, 0x0,
    0x0, 0x5f, 0xff, 0xf0, 0x0, 0x0, 0x0, 0x3,
    0xff, 0xff, 0x0, 0x0, 0x0, 0x0, 0x3f, 0xff,
    0xf0, 0x0, 0x0, 0x0, 0x3, 0xff, 0xff, 0x0,
    0x0, 0x0, 0x0, 0x3f, 0xff, 0xf0, 0x0, 0x0,
    0x0, 0x2, 0xff, 0xff, 0x0, 0x0, 0x0, 0x0,
    0x2f, 0xff, 0xf2, 0x0, 0x0, 0x0, 0x0, 0xff,
    0xff, 0x60, 0x0, 0x0, 0x0, 0xd, 0xff, 0xfe,
    0x30, 0x0, 0x0, 0x0, 0x8f, 0xff, 0xff, 0xdb,
    0x0, 0x0, 0x1, 0xef, 0xff, 0xff, 0xf0, 0x0,
    0x0, 0x2, 0xdf, 0xff, 0xff, 0x0, 0x0, 0x0,
    0x0, 0x59, 0xde, 0xe0,

    /* U+007C "|" */
    0x38, 0x88, 0x80, 0x7f, 0xff, 0xf1, 0x7f, 0xff,
    0xf1, 0x7f, 0xff, 0xf1, 0x7f, 0xff, 0xf1, 0x7f,
    0xff, 0xf1, 0x7f, 0xff, 0xf1, 0x7f, 0xff, 0xf1,
    0x7f, 0xff, 0xf1, 0x7f, 0xff, 0xf1, 0x7f, 0xff,
    0xf1, 0x7f, 0xff, 0xf1, 0x7f, 0xff, 0xf1, 0x7f,
    0xff, 0xf1, 0x7f, 0xff, 0xf1, 0x7f, 0xff, 0xf1,
    0x7f, 0xff, 0xf1, 0x7f, 0xff, 0xf1, 0x7f, 0xff,
    0xf1, 0x7f, 0xff, 0xf1, 0x7f, 0xff, 0xf1, 0x7f,
    0xff, 0xf1, 0x7f, 0xff, 0xf1, 0x7f, 0xff, 0xf1,
    0x7f, 0xff, 0xf1, 0x7f, 0xff, 0xf1, 0x7f, 0xff,
    0xf1, 0x7f, 0xff, 0xf1, 0x7f, 0xff, 0xf1, 0x7f,
    0xff, 0xf1, 0x7f, 0xff, 0xf1, 0x7f, 0xff, 0xf1,
    0x7f, 0xff, 0xf1, 0x7f, 0xff, 0xf1, 0x7f, 0xff,
    0xf1, 0x7f, 0xff, 0xf1, 0x7f, 0xff, 0xf1, 0x7f,
    0xff, 0xf1, 0x7f, 0xff, 0xf1, 0x7f, 0xff, 0xf1,
    0x7f, 0xff, 0xf1, 0x7f, 0xff, 0xf1, 0x7f, 0xff,
    0xf1, 0x7f, 0xff, 0xf1, 0x7f, 0xff, 0xf1, 0x7f,
    0xff, 0xf1,

    /* U+007D "}" */
    0x1b, 0xa8, 0x41, 0x0, 0x0, 0x0, 0x1, 0xff,
    0xff, 0xf8, 0x0, 0x0, 0x0, 0x1f, 0xff, 0xff,
    0xf9, 0x0, 0x0, 0x1, 0xff, 0xff, 0xff, 0xf3,
    0x0, 0x0, 0x0, 0x39, 0xff, 0xff, 0x90, 0x0,
    0x0, 0x0, 0xb, 0xff, 0xfd, 0x0, 0x0, 0x0,
    0x0, 0x5f, 0xff, 0xf0, 0x0, 0x0, 0x0, 0x3,
    0xff, 0xff, 0x0, 0x0, 0x0, 0x0, 0x3f, 0xff,
    0xf0, 0x0, 0x0, 0x0, 0x3, 0xff, 0xff, 0x0,
    0x0, 0x0, 0x0, 0x3f, 0xff, 0xf0, 0x0, 0x0,
    0x0, 0x3, 0xff, 0xff, 0x0, 0x0, 0x0, 0x0,
    0x2f, 0xff, 0xf1, 0x0, 0x0, 0x0, 0x1, 0xff,
    0xff, 0x40, 0x0, 0x0, 0x0, 0xe, 0xff, 0xfd,
    0x10, 0x0, 0x0, 0x0, 0x7f, 0xff, 0xfe, 0xa7,
    0x0, 0x0, 0x0, 0x8f, 0xff, 0xff, 0xf0, 0x0,
    0x0, 0x0, 0x18, 0xff, 0xff, 0x0, 0x0, 0x0,
    0x19, 0xef, 0xff, 0xf0, 0x0, 0x0, 0x2e, 0xff,
    0xff, 0xff, 0x0, 0x0, 0xb, 0xff, 0xff, 0x82,
    0x0, 0x0, 0x0, 0xff, 0xff, 0x80, 0x0, 0x0,
    0x0, 0x2f, 0xff, 0xf2, 0x0, 0x0, 0x0, 0x3,
    0xff, 0xff, 0x0, 0x0, 0x0, 0x0, 0x3f, 0xff,
    0xf0, 0x0, 0x0, 0x0, 0x3, 0xff, 0xff, 0x0,
    0x0, 0x0, 0x0, 0x3f, 0xff, 0xf0, 0x0, 0x0,
    0x0, 0x3, 0xff, 0xff, 0x0, 0x0, 0x0, 0x0,
    0x4f, 0xff, 0xf0, 0x0, 0x0, 0x0, 0x9, 0xff,
    0xfe, 0x0, 0x0, 0x0, 0x5, 0xff, 0xff, 0xb0,
    0x0, 0x1, 0xbe, 0xff, 0xff, 0xf6, 0x0, 0x0,
    0x1f, 0xff, 0xff, 0xfc, 0x0, 0x0, 0x1, 0xff,
    0xff, 0xfc, 0x10, 0x0, 0x0, 0x1f, 0xec, 0x94,
    0x0, 0x0, 0x0, 0x0,

    /* U+007E "~" */
    0x0, 0x5, 0xbf, 0xfc, 0x70, 0x0, 0x0, 0x0,
    0x45, 0x55, 0x0, 0xa, 0xff, 0xff, 0xff, 0xd3,
    0x0, 0x0, 0xe, 0xff, 0xf0, 0x7, 0xff, 0xff,
    0xff, 0xff, 0xf5, 0x0, 0x2, 0xff, 0xff, 0x0,
    0xef, 0xff, 0xff, 0xff, 0xff, 0xf9, 0x23, 0xdf,
    0xff, 0xc0, 0x4f, 0xff, 0xf8, 0x25, 0xdf, 0xff,
    0xff, 0xff, 0xff, 0xf7, 0x7, 0xff, 0xfa, 0x0,
    0x1, 0xcf, 0xff, 0xff, 0xff, 0xfe, 0x10, 0x8f,
    0xff, 0x70, 0x0, 0x0, 0x8f, 0xff, 0xff, 0xfe,
    0x30, 0x2, 0x55, 0x52, 0x0, 0x0, 0x0, 0x3a,
    0xef, 0xd9, 0x10, 0x0,

    /* U+00A0 " " */

    /* U+00A1 "¡" */
    0x8, 0xee, 0xa1, 0x8, 0xff, 0xff, 0xb0, 0xdf,
    0xff, 0xff, 0xd, 0xff, 0xff, 0xf0, 0x6f, 0xff,
    0xfa, 0x0, 0x6b, 0xc7, 0x0, 0x0, 0x0, 0x0,
    0x0, 0x0, 0x0, 0x0, 0x0, 0x0, 0x0, 0x2,
    0xdd, 0xdd, 0x50, 0x2f, 0xff, 0xf6, 0x3, 0xff,
    0xff, 0x60, 0x3f, 0xff, 0xf7, 0x3, 0xff, 0xff,
    0x70, 0x4f, 0xff, 0xf7, 0x4, 0xff, 0xff, 0x80,
    0x4f, 0xff, 0xf8, 0x5, 0xff, 0xff, 0x80, 0x5f,
    0xff, 0xf8, 0x5, 0xff, 0xff, 0x90, 0x5f, 0xff,
    0xf9, 0x6, 0xff, 0xff, 0x90, 0x6f, 0xff, 0xfa,
    0x6, 0xff, 0xff, 0xa0, 0x7f, 0xff, 0xfa, 0x7,
    0xff, 0xff, 0xa0, 0x7f, 0xff, 0xfb, 0x8, 0xff,
    0xff, 0xb0,

    /* U+00A2 "¢" */
    0x0, 0x0, 0x0, 0x0, 0xa, 0xf8, 0x0, 0x0,
    0x0, 0x0, 0x0, 0x0, 0x0, 0x0, 0xa, 0xf8,
    0x0, 0x0, 0x0, 0x0, 0x0, 0x0, 0x0, 0x0,
    0xa, 0xf8, 0x0, 0x0, 0x0, 0x0, 0x0, 0x0,
    0x0, 0x16, 0xae, 0xfe, 0xa7, 0x20, 0x0, 0x0,
    0x0, 0x0, 0x9, 0xff, 0xff, 0xff, 0xff, 0xfa,
    0x10, 0x0, 0x0, 0x1, 0xdf, 0xff, 0xff, 0xff,
    0xff, 0xff, 0xe2, 0x0, 0x0, 0x1d, 0xff, 0xff,
    0xff, 0xff, 0xff, 0xff, 0xfe, 0x10, 0x0, 0x9f,
    0xff, 0xff, 0x9c, 0xfa, 0x8f, 0xff, 0xff, 0xa0,
    0x3, 0xff, 0xff, 0xf5, 0xa, 0xf8, 0x3, 0xff,
    0xff, 0xf1, 0x9, 0xff, 0xff, 0x90, 0xa, 0xf8,
    0x0, 0x7f, 0xff, 0xf5, 0xe, 0xff, 0xff, 0x30,
    0xa, 0xf8, 0x0, 0x19, 0x62, 0x0, 0x2f, 0xff,
    0xfd, 0x0, 0xa, 0xf8, 0x0, 0x0, 0x0, 0x0,
    0x4f, 0xff, 0xfb, 0x0, 0xa, 0xf8, 0x0, 0x0,
    0x0, 0x0, 0x5f, 0xff, 0xf9, 0x0, 0xa, 0xf8,
    0x0, 0x0, 0x0, 0x0, 0x5f, 0xff, 0xf9, 0x0,
    0xa, 0xf8, 0x0, 0x0, 0x0, 0x0, 0x4f, 0xff,
    0xfb, 0x0, 0xa, 0xf8, 0x0, 0x0, 0x0, 0x0,
    0x2f, 0xff, 0xfd, 0x0, 0xa, 0xf8, 0x0, 0x0,
    0x0, 0x0, 0xe, 0xff, 0xff, 0x30, 0xa, 0xf8,
    0x0, 0x1b, 0x85, 0x10, 0xa, 0xff, 0xff, 0x90,
    0xa, 0xf8, 0x0, 0x7f, 0xff, 0xf6, 0x3, 0xff,
    0xff, 0xf5, 0xa, 0xf8, 0x3, 0xff, 0xff, 0xf2,
    0x0, 0x9f, 0xff, 0xff, 0x9c, 0xfa, 0x8f, 0xff,
    0xff, 0xa0, 0x0, 0x1d, 0xff, 0xff, 0xff, 0xff,
    0xff, 0xff, 0xfe, 0x10, 0x0, 0x1, 0xdf, 0xff,
    0xff, 0xff, 0xff, 0xff, 0xe3, 0x0, 0x0, 0x0,
    0x9, 0xff, 0xff, 0xff, 0xff, 0xfa, 0x10, 0x0,
    0x0, 0x0, 0x0, 0x16, 0xae, 0xfe, 0xa7, 0x20,
    0x0, 0x0, 0x0, 0x0, 0x0, 0x0, 0xa, 0xf8,
    0x0, 0x0, 0x0, 0x0, 0x0, 0x0, 0x0, 0x0,
    0xa, 0xf8, 0x0, 0x0, 0x0, 0x0, 0x0, 0x0,
    0x0, 0x0, 0xa, 0xf8, 0x0, 0x0, 0x0, 0x0,

    /* U+00A3 "£" */
    0x0, 0x0, 0x0, 0x0, 0x49, 0xdf, 0xfe, 0xb7,
    0x10, 0x0, 0x0, 0x0, 0x0, 0x0, 0x1c, 0xff,
    0xff, 0xff, 0xff, 0xf7, 0x0, 0x0, 0x0, 0x0,
    0x3, 0xef, 0xff, 0xff, 0xff, 0xff, 0xff, 0xa0,
    0x0, 0x0, 0x0, 0x1e, 0xff, 0xff, 0xff, 0xff,
    0xff, 0xff, 0xf7, 0x0, 0x0, 0x0, 0xaf, 0xff,
    0xff, 0x84, 0x35, 0xbf, 0xff, 0xff, 0x20, 0x0,
    0x1, 0xff, 0xff, 0xf2, 0x0, 0x0, 0xa, 0xff,
    0xff, 0x80, 0x0, 0x5, 0xff, 0xff, 0x80, 0x0,
    0x0, 0x0, 0xff, 0xff, 0xd0, 0x0, 0x7, 0xff,
    0xff, 0x30, 0x0, 0x0, 0x0, 0xad, 0xb8, 0x60,
    0x0, 0x8, 0xff, 0xff, 0x10, 0x0, 0x0, 0x0,
    0x0, 0x0, 0x0, 0x0, 0x8, 0xff, 0xff, 0x10,
    0x0, 0x0, 0x0, 0x0, 0x0, 0x0, 0x0, 0x8,
    0xff, 0xff, 0x20, 0x0, 0x0, 0x0, 0x0, 0x0,
    0x0, 0x0, 0x7, 0xff, 0xff, 0x20, 0x0, 0x0,
    0x0, 0x0, 0x0, 0x0, 0x4, 0x49, 0xff, 0xff,
    0x74, 0x44, 0x44, 0x44, 0x0, 0x0, 0x0, 0x2f,
    0xff, 0xff, 0xff, 0xff, 0xff, 0xff, 0xff, 0x10,
    0x0, 0x0, 0x2f, 0xff, 0xff, 0xff, 0xff, 0xff,
    0xff, 0xff, 0x10, 0x0, 0x0, 0x2f, 0xff, 0xff,
    0xff, 0xff, 0xff, 0xff, 0xff, 0x10, 0x0, 0x0,
    0x0, 0x3, 0xff, 0xff, 0x50, 0x0, 0x0, 0x0,
    0x0, 0x0, 0x0, 0x0, 0x3, 0xff, 0xff, 0x60,
    0x0, 0x0, 0x0, 0x0, 0x0, 0x0, 0x0, 0x2,
    0xff, 0xff, 0x60, 0x0, 0x0, 0x0, 0x0, 0x0,
    0x0, 0x0, 0x1, 0xff, 0xff, 0x70, 0x0, 0x0,
    0x0, 0x0, 0x0, 0x0, 0x0, 0x1, 0xff, 0xff,
    0x70, 0x0, 0x0, 0x0, 0x0, 0x0, 0x0, 0x0,
    0x2, 0xff, 0xff, 0x40, 0x0, 0x0, 0x0, 0x26,
    0x66, 0x61, 0x0, 0x7, 0xff, 0xfa, 0x0, 0x0,
    0x0, 0x0, 0x5f, 0xff, 0xf2, 0x4, 0x8f, 0xff,
    0xa3, 0x22, 0x22, 0x22, 0x23, 0xbf, 0xff, 0xf1,
    0x2f, 0xff, 0xff, 0xff, 0xff, 0xff, 0xff, 0xff,
    0xff, 0xff, 0xe0, 0x2f, 0xff, 0xff, 0xff, 0xff,
    0xff, 0xff, 0xff, 0xff, 0xff, 0x80, 0x2f, 0xff,
    0xff, 0xff, 0xff, 0xff, 0xff, 0xff, 0xff, 0xfc,
    0x0, 0x2f, 0xff, 0xff, 0xff, 0xff, 0xff, 0xff,
    0xff, 0xfc, 0x70, 0x0,

    /* U+00A4 "¤" */
    0x0, 0x63, 0x0, 0x0, 0x0, 0x23, 0x42, 0x0,
    0x0, 0x0, 0x8, 0x10, 0x0, 0x6f, 0xe3, 0x0,
    0x3a, 0xef, 0xff, 0xff, 0xb5, 0x0, 0x9, 0xfd,
    0x10, 0x4f, 0xff, 0xe4, 0xaf, 0xff, 0xff, 0xff,
    0xff, 0xfd, 0x49, 0xff, 0xfc, 0x0, 0xcf, 0xff,
    0xff, 0xff, 0xff, 0xff, 0xff, 0xff, 0xff, 0xff,
    0xff, 0x50, 0x1, 0xcf, 0xff, 0xff, 0xe7, 0x30,
    0x1, 0x5c, 0xff, 0xff, 0xff, 0x50, 0x0, 0x1,
    0xff, 0xff, 0xa0, 0x0, 0x0, 0x0, 0x5, 0xff,
    0xff, 0x80, 0x0, 0x0, 0x8f, 0xff, 0x80, 0x0,
    0x0, 0x0, 0x0, 0x3, 0xff, 0xfe, 0x0, 0x0,
    0x1f, 0xff, 0xb0, 0x0, 0x0, 0x0, 0x0, 0x0,
    0x6, 0xff, 0xf6, 0x0, 0x6, 0xff, 0xf2, 0x0,
    0x0, 0x0, 0x0, 0x0, 0x0, 0xc, 0xff, 0xd0,
    0x0, 0xaf, 0xfb, 0x0, 0x0, 0x0, 0x0, 0x0,
    0x0, 0x0, 0x5f, 0xff, 0x10, 0xe, 0xff, 0x60,
    0x0, 0x0, 0x0, 0x0, 0x0, 0x0, 0x1, 0xff,
    0xf4, 0x0, 0xff, 0xf4, 0x0, 0x0, 0x0, 0x0,
    0x0, 0x0, 0x0, 0xe, 0xff, 0x60, 0xf, 0xff,
    0x30, 0x0, 0x0, 0x0, 0x0, 0x0, 0x0, 0x0,
    0xef, 0xf6, 0x0, 0xff, 0xf5, 0x0, 0x0, 0x0,
    0x0, 0x0, 0x0, 0x0, 0xf, 0xff, 0x50, 0xd,
    0xff, 0x80, 0x0, 0x0, 0x0, 0x0, 0x0, 0x0,
    0x2, 0xff, 0xf3, 0x0, 0x9f, 0xfd, 0x0, 0x0,
    0x0, 0x0, 0x0, 0x0, 0x0, 0x7f, 0xff, 0x0,
    0x4, 0xff, 0xf4, 0x0, 0x0, 0x0, 0x0, 0x0,
    0x0, 0xe, 0xff, 0xb0, 0x0, 0xe, 0xff, 0xe1,
    0x0, 0x0, 0x0, 0x0, 0x0, 0xa, 0xff, 0xf4,
    0x0, 0x0, 0x5f, 0xff, 0xc1, 0x0, 0x0, 0x0,
    0x0, 0x8, 0xff, 0xfc, 0x0, 0x0, 0x9, 0xff,
    0xff, 0xe4, 0x0, 0x0, 0x0, 0x1b, 0xff, 0xff,
    0xe3, 0x0, 0x9, 0xff, 0xff, 0xff, 0xfd, 0x85,
    0x57, 0xbf, 0xff, 0xff, 0xff, 0xe3, 0x5, 0xff,
    0xff, 0xcf, 0xff, 0xff, 0xff, 0xff, 0xff, 0xfe,
    0xdf, 0xff, 0xd0, 0x9, 0xff, 0x60, 0x6e, 0xff,
    0xff, 0xff, 0xff, 0xf9, 0x11, 0xcf, 0xe3, 0x0,
    0xa, 0x50, 0x0, 0x5, 0xad, 0xff, 0xeb, 0x71,
    0x0, 0x1, 0xb3, 0x0, 0x0, 0x0, 0x0, 0x0,
    0x0, 0x0, 0x0, 0x0, 0x0, 0x0, 0x0, 0x0,
    0x0,

    /* U+00A5 "¥" */
    0x3f, 0xff, 0xfe, 0x0, 0x0, 0x0, 0x0, 0x8,
    0xff, 0xff, 0xa0, 0xcf, 0xff, 0xf5, 0x0, 0x0,
    0x0, 0x0, 0xef, 0xff, 0xf3, 0x4, 0xff, 0xff,
    0xc0, 0x0, 0x0, 0x0, 0x5f, 0xff, 0xfb, 0x0,
    0xd, 0xff, 0xff, 0x20, 0x0, 0x0, 0xc, 0xff,
    0xff, 0x40, 0x0, 0x6f, 0xff, 0xf9, 0x0, 0x0,
    0x2, 0xff, 0xff, 0xd0, 0x0, 0x0, 0xef, 0xff,
    0xf0, 0x0, 0x0, 0x9f, 0xff, 0xf5, 0x0, 0x0,
    0x7, 0xff, 0xff, 0x60, 0x0, 0xf, 0xff, 0xfe,
    0x0, 0x0, 0x0, 0x1f, 0xff, 0xfd, 0x0, 0x6,
    0xff, 0xff, 0x70, 0x0, 0x0, 0x0, 0x9f, 0xff,
    0xf4, 0x0, 0xdf, 0xff, 0xe0, 0x0, 0x0, 0x0,
    0x1, 0xff, 0xff, 0xa0, 0x4f, 0xff, 0xf8, 0x0,
    0x0, 0x0, 0x0, 0xa, 0xff, 0xff, 0x1a, 0xff,
    0xff, 0x10, 0x0, 0x0, 0x0, 0x0, 0x3f, 0xff,
    0xf9, 0xff, 0xff, 0x90, 0x0, 0x0, 0x0, 0x0,
    0x0, 0xbf, 0xff, 0xff, 0xff, 0xf2, 0x0, 0x0,
    0x0, 0x0, 0x0, 0x4, 0xff, 0xff, 0xff, 0xfb,
    0x0, 0x0, 0x0, 0x0, 0xbf, 0xff, 0xff, 0xff,
    0xff, 0xff, 0xff, 0xff, 0xc0, 0x0, 0xb, 0xff,
    0xff, 0xff, 0xff, 0xff, 0xff, 0xff, 0xfc, 0x0,
    0x0, 0xbf, 0xff, 0xff, 0xff, 0xff, 0xff, 0xff,
    0xff, 0xc0, 0x0, 0x0, 0x0, 0x0, 0xc, 0xff,
    0xff, 0x20, 0x0, 0x0, 0x0, 0x0, 0x0, 0x0,
    0x0, 0xcf, 0xff, 0xf2, 0x0, 0x0, 0x0, 0x0,
    0xb, 0xff, 0xff, 0xff, 0xff, 0xff, 0xff, 0xff,
    0xfc, 0x0, 0x0, 0xbf, 0xff, 0xff, 0xff, 0xff,
    0xff, 0xff, 0xff, 0xc0, 0x0, 0xb, 0xff, 0xff,
    0xff, 0xff, 0xff, 0xff, 0xff, 0xfc, 0x0, 0x0,
    0x0, 0x0, 0x0, 0xcf, 0xff, 0xf2, 0x0, 0x0,
    0x0, 0x0, 0x0, 0x0, 0x0, 0xc, 0xff, 0xff,
    0x20, 0x0, 0x0, 0x0, 0x0, 0x0, 0x0, 0x0,
    0xcf, 0xff, 0xf2, 0x0, 0x0, 0x0, 0x0, 0x0,
    0x0, 0x0, 0xc, 0xff, 0xff, 0x20, 0x0, 0x0,
    0x0, 0x0, 0x0, 0x0, 0x0, 0xcf, 0xff, 0xf2,
    0x0, 0x0, 0x0, 0x0, 0x0, 0x0, 0x0, 0xc,
    0xff, 0xff, 0x20, 0x0, 0x0, 0x0,

    /* U+00A6 "¦" */
    0x2f, 0xff, 0xf3, 0x2f, 0xff, 0xf3, 0x2f, 0xff,
    0xf3, 0x2f, 0xff, 0xf3, 0x2f, 0xff, 0xf3, 0x2f,
    0xff, 0xf3, 0x2f, 0xff, 0xf3, 0x2f, 0xff, 0xf3,
    0x2f, 0xff, 0xf3, 0x2f, 0xff, 0xf3, 0x2f, 0xff,
    0xf3, 0x2f, 0xff, 0xf3, 0x2b, 0xbb, 0xb2, 0x0,
    0x0, 0x0, 0x0, 0x0, 0x0, 0x0, 0x0, 0x0,
    0x0, 0x0, 0x0, 0x0, 0x0, 0x0, 0x0, 0x0,
    0x0, 0x0, 0x0, 0x0, 0x2f, 0xff, 0xf3, 0x2f,
    0xff, 0xf3, 0x2f, 0xff, 0xf3, 0x2f, 0xff, 0xf3,
    0x2f, 0xff, 0xf3, 0x2f, 0xff, 0xf3, 0x2f, 0xff,
    0xf3, 0x2f, 0xff, 0xf3, 0x2f, 0xff, 0xf3, 0x2f,
    0xff, 0xf3, 0x2f, 0xff, 0xf3, 0x2f, 0xff, 0xf3,
    0x2d, 0xdd, 0xd2,

    /* U+00A7 "§" */
    0x0, 0x0, 0x1, 0x7c, 0xef, 0xfd, 0xa3, 0x0,
    0x0, 0x0, 0x0, 0x6, 0xff, 0xff, 0xff, 0xff,
    0xfa, 0x0, 0x0, 0x0, 0x6, 0xff, 0xff, 0xff,
    0xff, 0xff, 0xfb, 0x0, 0x0, 0x1, 0xff, 0xff,
    0xff, 0xde, 0xff, 0xff, 0xf6, 0x0, 0x0, 0x7f,
    0xff, 0xf9, 0x0, 0x3, 0xef, 0xff, 0xd0, 0x0,
    0xa, 0xff, 0xfd, 0x0, 0x0, 0x3, 0xff, 0xff,
    0x30, 0x0, 0xbf, 0xff, 0xb0, 0x0, 0x0, 0xb,
    0xb7, 0x40, 0x0, 0x9, 0xff, 0xfe, 0x0, 0x0,
    0x0, 0x0, 0x0, 0x0, 0x0, 0x5f, 0xff, 0xf9,
    0x0, 0x0, 0x0, 0x0, 0x0, 0x0, 0x0, 0xdf,
    0xff, 0xfd, 0x50, 0x0, 0x0, 0x0, 0x0, 0x0,
    0x2, 0xef, 0xff, 0xff, 0xd5, 0x0, 0x0, 0x0,
    0x0, 0x0, 0x4, 0xef, 0xff, 0xff, 0xfd, 0x60,
    0x0, 0x0, 0x0, 0x4e, 0xff, 0xff, 0xff, 0xff,
    0xff, 0xe5, 0x0, 0x0, 0x4f, 0xff, 0x90, 0x6,
    0xef, 0xff, 0xff, 0xf9, 0x0, 0xc, 0xff, 0xf0,
    0x0, 0x0, 0x6d, 0xff, 0xff, 0xf8, 0x0, 0xff,
    0xfd, 0x0, 0x0, 0x0, 0x5, 0xef, 0xff, 0xf2,
    0xf, 0xff, 0xe0, 0x0, 0x0, 0x0, 0x1, 0xef,
    0xff, 0x80, 0xef, 0xff, 0x80, 0x0, 0x0, 0x0,
    0x6, 0xff, 0xfa, 0x8, 0xff, 0xff, 0xb2, 0x0,
    0x0, 0x0, 0x4f, 0xff, 0x90, 0xd, 0xff, 0xff,
    0xfa, 0x30, 0x0, 0x7, 0xff, 0xf5, 0x0, 0x1d,
    0xff, 0xff, 0xff, 0xb4, 0x5, 0xff, 0xfb, 0x0,
    0x0, 0x8, 0xff, 0xff, 0xff, 0xff, 0xff, 0xf9,
    0x0, 0x0, 0x0, 0x1, 0x8f, 0xff, 0xff, 0xff,
    0xb0, 0x0, 0x0, 0x0, 0x0, 0x0, 0x17, 0xef,
    0xff, 0xff, 0xc0, 0x0, 0x0, 0x0, 0x0, 0x0,
    0x0, 0x7f, 0xff, 0xff, 0x80, 0x0, 0x0, 0x0,
    0x0, 0x0, 0x0, 0x2d, 0xff, 0xfe, 0x0, 0x0,
    0x0, 0x0, 0x0, 0x0, 0x0, 0x4f, 0xff, 0xf3,
    0x0, 0x17, 0xad, 0xf0, 0x0, 0x0, 0x1, 0xff,
    0xff, 0x50, 0x2, 0xff, 0xff, 0x70, 0x0, 0x0,
    0x5f, 0xff, 0xf3, 0x0, 0xc, 0xff, 0xff, 0x82,
    0x1, 0x6e, 0xff, 0xff, 0x0, 0x0, 0x4f, 0xff,
    0xff, 0xff, 0xff, 0xff, 0xff, 0x90, 0x0, 0x0,
    0x8f, 0xff, 0xff, 0xff, 0xff, 0xff, 0xc0, 0x0,
    0x0, 0x0, 0x6f, 0xff, 0xff, 0xff, 0xff, 0x90,
    0x0, 0x0, 0x0, 0x0, 0x16, 0xac, 0xdc, 0xb7,
    0x10, 0x0, 0x0,

    /* U+00A8 "¨" */
    0x0, 0x0, 0x0, 0x0, 0x0, 0x0, 0x0, 0x2c,
    0xfd, 0x30, 0x0, 0x1b, 0xfe, 0x40, 0xbf, 0xff,
    0xe0, 0x0, 0xaf, 0xff, 0xf1, 0xef, 0xff, 0xf1,
    0x0, 0xdf, 0xff, 0xf3, 0xbf, 0xff, 0xe0, 0x0,
    0xaf, 0xff, 0xe0, 0x1b, 0xfc, 0x20, 0x0, 0x1a,
    0xfd, 0x30,

    /* U+00A9 "©" */
    0x0, 0x0, 0x0, 0x0, 0x0, 0x0, 0x0, 0x0,
    0x0, 0x0, 0x0, 0x0, 0x0, 0x0, 0x0, 0x0,
    0x0, 0x0, 0x0, 0x27, 0xbe, 0xff, 0xfd, 0xa6,
    0x10, 0x0, 0x0, 0x0, 0x0, 0x0, 0x0, 0x0,
    0x3, 0xbf, 0xff, 0xff, 0xff, 0xff, 0xff, 0x91,
    0x0, 0x0, 0x0, 0x0, 0x0, 0x0, 0xa, 0xff,
    0xff, 0xff, 0xff, 0xff, 0xff, 0xff, 0xf7, 0x0,
    0x0, 0x0, 0x0, 0x0, 0x2d, 0xff, 0xff, 0xff,
    0xff, 0xff, 0xff, 0xff, 0xff, 0xfa, 0x0, 0x0,
    0x0, 0x0, 0x2e, 0xff, 0xff, 0xfc, 0x73, 0x10,
    0x13, 0x8d, 0xff, 0xff, 0xfc, 0x0, 0x0, 0x0,
    0xd, 0xff, 0xff, 0xc3, 0x0, 0x0, 0x0, 0x0,
    0x6, 0xef, 0xff, 0xf9, 0x0, 0x0, 0xa, 0xff,
    0xff, 0x90, 0x0, 0x6b, 0xef, 0xeb, 0x50, 0x1,
    0xcf, 0xff, 0xf5, 0x0, 0x3, 0xff, 0xff, 0x90,
    0x2, 0xdf, 0xff, 0xff, 0xff, 0xc2, 0x1, 0xdf,
    0xff, 0xe0, 0x0, 0xbf, 0xff, 0xc0, 0x3, 0xff,
    0xff, 0xff, 0xff, 0xff, 0xe2, 0x2, 0xff, 0xff,
    0x70, 0x2f, 0xff, 0xf4, 0x1, 0xef, 0xff, 0xfb,
    0x9b, 0xff, 0xff, 0xd0, 0x8, 0xff, 0xfd, 0x6,
    0xff, 0xfc, 0x0, 0x8f, 0xff, 0xc1, 0x0, 0x2,
    0xdf, 0xff, 0x50, 0x1f, 0xff, 0xf2, 0xaf, 0xff,
    0x70, 0xe, 0xff, 0xe1, 0x0, 0x0, 0x2, 0xff,
    0xfa, 0x0, 0xbf, 0xff, 0x6c, 0xff, 0xf4, 0x2,
    0xff, 0xf7, 0x0, 0x0, 0x0, 0x2, 0x33, 0x20,
    0x8, 0xff, 0xf8, 0xdf, 0xff, 0x20, 0x4f, 0xff,
    0x40, 0x0, 0x0, 0x0, 0x0, 0x0, 0x0, 0x7f,
    0xff, 0x9d, 0xff, 0xf2, 0x3, 0xff, 0xf5, 0x0,
    0x0, 0x0, 0x0, 0x0, 0x0, 0x7, 0xff, 0xf9,
    0xcf, 0xff, 0x40, 0x1f, 0xff, 0xa0, 0x0, 0x0,
    0x1, 0xaa, 0xa6, 0x0, 0x8f, 0xff, 0x8a, 0xff,
    0xf7, 0x0, 0xcf, 0xff, 0x50, 0x0, 0x0, 0x9f,
    0xff, 0x50, 0xb, 0xff, 0xf6, 0x6f, 0xff, 0xc0,
    0x5, 0xff, 0xff, 0x82, 0x2, 0x9f, 0xff, 0xe0,
    0x1, 0xff, 0xff, 0x22, 0xff, 0xff, 0x40, 0x9,
    0xff, 0xff, 0xff, 0xff, 0xff, 0xf6, 0x0, 0x8f,
    0xff, 0xd0, 0xb, 0xff, 0xfc, 0x0, 0xa, 0xff,
    0xff, 0xff, 0xff, 0xf9, 0x0, 0x2f, 0xff, 0xf7,
    0x0, 0x3f, 0xff, 0xf9, 0x0, 0x6, 0xef, 0xff,
    0xff, 0xe5, 0x0, 0x1d, 0xff, 0xfe, 0x0, 0x0,
    0xaf, 0xff, 0xf9, 0x0, 0x0, 0x47, 0x87, 0x40,
    0x0, 0x1c, 0xff, 0xff, 0x50, 0x0, 0x0, 0xdf,
    0xff, 0xfc, 0x30, 0x0, 0x0, 0x0, 0x0, 0x6e,
    0xff, 0xff, 0x90, 0x0, 0x0, 0x2, 0xef, 0xff,
    0xff, 0xc7, 0x21, 0x1, 0x38, 0xdf, 0xff, 0xff,
    0xc0, 0x0, 0x0, 0x0, 0x2, 0xdf, 0xff, 0xff,
    0xff, 0xff, 0xff, 0xff, 0xff, 0xff, 0xa0, 0x0,
    0x0, 0x0, 0x0, 0x0, 0xaf, 0xff, 0xff, 0xff,
    0xff, 0xff, 0xff, 0xff, 0x70, 0x0, 0x0, 0x0,
    0x0, 0x0, 0x0, 0x3b, 0xff, 0xff, 0xff, 0xff,
    0xff, 0xf9, 0x10, 0x0, 0x0, 0x0, 0x0, 0x0,
    0x0, 0x0, 0x2, 0x7b, 0xdf, 0xff, 0xda, 0x61,
    0x0, 0x0, 0x0, 0x0, 0x0,

    /* U+00AA "ª" */
    0x0, 0x1, 0x7c, 0xef, 0xec, 0x82, 0x0, 0x0,
    0x6, 0xff, 0xff, 0xff, 0xff, 0xf8, 0x0, 0x7,
    0xff, 0xff, 0xff, 0xff, 0xff, 0xf9, 0x1, 0xff,
    0xff, 0x92, 0x12, 0x7f, 0xff, 0xf2, 0x16, 0x9b,
    0x70, 0x0, 0x0, 0xaf, 0xff, 0x60, 0x0, 0x0,
    0x0, 0x0, 0x9, 0xff, 0xf7, 0x0, 0x0, 0x3,
    0x57, 0x8c, 0xff, 0xff, 0x70, 0x5, 0xcf, 0xff,
    0xff, 0xff, 0xff, 0xf7, 0xb, 0xff, 0xff, 0xff,
    0xeb, 0xbf, 0xff, 0x77, 0xff, 0xfe, 0x73, 0x0,
    0x7, 0xff, 0xf7, 0xcf, 0xff, 0x20, 0x0, 0x0,
    0x8f, 0xff, 0x7e, 0xff, 0xf0, 0x0, 0x0, 0xd,
    0xff, 0xf7, 0xcf, 0xff, 0xa1, 0x0, 0x4c, 0xff,
    0xff, 0x76, 0xff, 0xff, 0xff, 0xff, 0xfd, 0xff,
    0xf7, 0xa, 0xff, 0xff, 0xff, 0xfb, 0x5f, 0xff,
    0x70, 0x4, 0xbe, 0xfe, 0xc6, 0x5, 0xff, 0xf7,

    /* U+00AB "«" */
    0x0, 0x0, 0x0, 0x0, 0x78, 0x88, 0x81, 0x0,
    0x68, 0x88, 0x83, 0x0, 0x0, 0x0, 0xa, 0xff,
    0xff, 0x80, 0x6, 0xff, 0xff, 0xc0, 0x0, 0x0,
    0x0, 0x8f, 0xff, 0xfa, 0x0, 0x4f, 0xff, 0xfe,
    0x10, 0x0, 0x0, 0x6, 0xff, 0xff, 0xc0, 0x2,
    0xef, 0xff, 0xf3, 0x0, 0x0, 0x0, 0x4f, 0xff,
    0xfe, 0x10, 0x1d, 0xff, 0xff, 0x50, 0x0, 0x0,
    0x2, 0xff, 0xff, 0xf3, 0x0, 0xcf, 0xff, 0xf7,
    0x0, 0x0, 0x0, 0x1d, 0xff, 0xff, 0x50, 0xa,
    0xff, 0xff, 0xa0, 0x0, 0x0, 0x0, 0xcf, 0xff,
    0xf8, 0x0, 0x7f, 0xff, 0xfc, 0x0, 0x0, 0x0,
    0xa, 0xff, 0xff, 0xa0, 0x5, 0xff, 0xff, 0xe1,
    0x0, 0x0, 0x0, 0x1e, 0xff, 0xff, 0x50, 0xb,
    0xff, 0xff, 0xa0, 0x0, 0x0, 0x0, 0x3, 0xff,
    0xff, 0xf2, 0x0, 0xdf, 0xff, 0xf6, 0x0, 0x0,
    0x0, 0x0, 0x5f, 0xff, 0xfd, 0x10, 0x2e, 0xff,
    0xff, 0x40, 0x0, 0x0, 0x0, 0x8, 0xff, 0xff,
    0xc0, 0x3, 0xff, 0xff, 0xf2, 0x0, 0x0, 0x0,
    0x0, 0xaf, 0xff, 0xf9, 0x0, 0x5f, 0xff, 0xfd,
    0x10, 0x0, 0x0, 0x0, 0xc, 0xff, 0xff, 0x70,
    0x7, 0xff, 0xff, 0xb0, 0x0, 0x0, 0x0, 0x1,
    0xdf, 0xff, 0xf4, 0x0, 0xaf, 0xff, 0xf9, 0x0,
    0x0, 0x0, 0x0, 0x2f, 0xff, 0xff, 0x20, 0xc,
    0xff, 0xff, 0x60, 0x0, 0x0, 0x0, 0x4, 0xff,
    0xff, 0xd1, 0x1, 0xdf, 0xff, 0xf4,

    /* U+00AC "¬" */
    0xef, 0xff, 0xff, 0xff, 0xff, 0xff, 0xff, 0xff,
    0x6f, 0xff, 0xff, 0xff, 0xff, 0xff, 0xff, 0xff,
    0xf6, 0xff, 0xff, 0xff, 0xff, 0xff, 0xff, 0xff,
    0xff, 0x6f, 0xff, 0xff, 0xff, 0xff, 0xff, 0xff,
    0xff, 0xf6, 0x0, 0x0, 0x0, 0x0, 0x0, 0x0,
    0xcf, 0xff, 0x60, 0x0, 0x0, 0x0, 0x0, 0x0,
    0xc, 0xff, 0xf6, 0x0, 0x0, 0x0, 0x0, 0x0,
    0x0, 0xcf, 0xff, 0x60, 0x0, 0x0, 0x0, 0x0,
    0x0, 0xc, 0xff, 0xf6, 0x0, 0x0, 0x0, 0x0,
    0x0, 0x0, 0xcf, 0xff, 0x60,

    /* U+00AE "®" */
    0x0, 0x0, 0x0, 0x0, 0x48, 0xab, 0xa9, 0x50,
    0x0, 0x0, 0x0, 0x0, 0x0, 0x0, 0x6, 0xef,
    0xff, 0xff, 0xff, 0xf8, 0x0, 0x0, 0x0, 0x0,
    0x0, 0x1c, 0xff, 0xff, 0xff, 0xff, 0xff, 0xfe,
    0x30, 0x0, 0x0, 0x0, 0x2e, 0xff, 0xfa, 0x41,
    0x1, 0x38, 0xff, 0xff, 0x40, 0x0, 0x0, 0xd,
    0xff, 0xd2, 0x0, 0x0, 0x0, 0x1, 0xbf, 0xff,
    0x20, 0x0, 0x9, 0xff, 0xc0, 0x0, 0x0, 0x0,
    0x0, 0x0, 0xaf, 0xfc, 0x0, 0x2, 0xff, 0xe1,
    0x3, 0xcc, 0xcc, 0xca, 0x30, 0x0, 0xcf, 0xf5,
    0x0, 0x8f, 0xf6, 0x0, 0x4f, 0xff, 0xff, 0xff,
    0x50, 0x3, 0xff, 0xb0, 0xd, 0xff, 0x0, 0x4,
    0xff, 0x30, 0x2e, 0xfd, 0x0, 0xc, 0xff, 0x10,
    0xff, 0xb0, 0x0, 0x4f, 0xf3, 0x0, 0xaf, 0xf0,
    0x0, 0x8f, 0xf3, 0x2f, 0xf9, 0x0, 0x4, 0xff,
    0x30, 0x2e, 0xfc, 0x0, 0x6, 0xff, 0x52, 0xff,
    0x90, 0x0, 0x4f, 0xff, 0xff, 0xff, 0x30, 0x0,
    0x5f, 0xf5, 0xf, 0xfa, 0x0, 0x4, 0xff, 0xbb,
    0xff, 0x90, 0x0, 0x7, 0xff, 0x40, 0xef, 0xe0,
    0x0, 0x4f, 0xf3, 0x9, 0xff, 0x10, 0x0, 0xbf,
    0xf1, 0x9, 0xff, 0x40, 0x4, 0xff, 0x30, 0x2f,
    0xf8, 0x0, 0x1f, 0xfd, 0x0, 0x4f, 0xfd, 0x0,
    0x4f, 0xf3, 0x0, 0xaf, 0xf1, 0xa, 0xff, 0x70,
    0x0, 0xbf, 0xfa, 0x0, 0x11, 0x0, 0x0, 0x11,
    0x6, 0xff, 0xe0, 0x0, 0x2, 0xff, 0xfa, 0x0,
    0x0, 0x0, 0x0, 0x8, 0xff, 0xf5, 0x0, 0x0,
    0x4, 0xff, 0xfe, 0x60, 0x0, 0x0, 0x4c, 0xff,
    0xf7, 0x0, 0x0, 0x0, 0x4, 0xef, 0xff, 0xfd,
    0xcd, 0xff, 0xff, 0xf6, 0x0, 0x0, 0x0, 0x0,
    0x1, 0xaf, 0xff, 0xff, 0xff, 0xff, 0xc3, 0x0,
    0x0, 0x0, 0x0, 0x0, 0x0, 0x28, 0xce, 0xfe,
    0xc9, 0x30, 0x0, 0x0, 0x0,

    /* U+00AF "¯" */
    0x23, 0x33, 0x33, 0x33, 0x33, 0x3b, 0xff, 0xff,
    0xff, 0xff, 0xfe, 0xbf, 0xff, 0xff, 0xff, 0xff,
    0xeb, 0xff, 0xff, 0xff, 0xff, 0xfe,

    /* U+00B0 "°" */
    0x0, 0x2, 0x9d, 0xfe, 0xb5, 0x0, 0x0, 0x0,
    0x6f, 0xff, 0xff, 0xff, 0xb0, 0x0, 0x5, 0xff,
    0xff, 0xff, 0xff, 0xfb, 0x0, 0xf, 0xff, 0xfc,
    0x79, 0xff, 0xff, 0x60, 0x6f, 0xff, 0x80, 0x0,
    0x2e, 0xff, 0xd0, 0xaf, 0xfe, 0x0, 0x0, 0x7,
    0xff, 0xf0, 0xbf, 0xfb, 0x0, 0x0, 0x4, 0xff,
    0xf2, 0xaf, 0xfd, 0x0, 0x0, 0x7, 0xff, 0xf0,
    0x6f, 0xff, 0x70, 0x0, 0x2e, 0xff, 0xd0, 0xf,
    0xff, 0xfb, 0x79, 0xff, 0xff, 0x60, 0x5, 0xff,
    0xff, 0xff, 0xff, 0xfb, 0x0, 0x0, 0x6f, 0xff,
    0xff, 0xff, 0xb1, 0x0, 0x0, 0x2, 0x9d, 0xfe,
    0xb5, 0x0, 0x0,

    /* U+00B1 "±" */
    0x0, 0x0, 0x0, 0xc, 0xff, 0xf6, 0x0, 0x0,
    0x0, 0x0, 0x0, 0x0, 0x0, 0xcf, 0xff, 0x60,
    0x0, 0x0, 0x0, 0x0, 0x0, 0x0, 0xc, 0xff,
    0xf6, 0x0, 0x0, 0x0, 0x0, 0x0, 0x0, 0x0,
    0xcf, 0xff, 0x60, 0x0, 0x0, 0x0, 0x0, 0x0,
    0x0, 0xc, 0xff, 0xf6, 0x0, 0x0, 0x0, 0xf,
    0xff, 0xff, 0xff, 0xff, 0xff, 0xff, 0xff, 0xff,
    0xf8, 0xff, 0xff, 0xff, 0xff, 0xff, 0xff, 0xff,
    0xff, 0xff, 0x8f, 0xff, 0xff, 0xff, 0xff, 0xff,
    0xff, 0xff, 0xff, 0xf8, 0xef, 0xff, 0xff, 0xff,
    0xff, 0xff, 0xff, 0xff, 0xff, 0x70, 0x0, 0x0,
    0x0, 0xcf, 0xff, 0x60, 0x0, 0x0, 0x0, 0x0,
    0x0, 0x0, 0xc, 0xff, 0xf6, 0x0, 0x0, 0x0,
    0x0, 0x0, 0x0, 0x0, 0xcf, 0xff, 0x60, 0x0,
    0x0, 0x0, 0x0, 0x0, 0x0, 0xc, 0xff, 0xf6,
    0x0, 0x0, 0x0, 0x0, 0x0, 0x0, 0x0, 0xbe,
    0xee, 0x50, 0x0, 0x0, 0x0, 0x0, 0x0, 0x0,
    0x0, 0x0, 0x0, 0x0, 0x0, 0x0, 0x0, 0x0,
    0x0, 0x0, 0x0, 0x0, 0x0, 0x0, 0x0, 0x0,
    0xff, 0xff, 0xff, 0xff, 0xff, 0xff, 0xff, 0xff,
    0xff, 0x8f, 0xff, 0xff, 0xff, 0xff, 0xff, 0xff,
    0xff, 0xff, 0xf8, 0xff, 0xff, 0xff, 0xff, 0xff,
    0xff, 0xff, 0xff, 0xff, 0x8f, 0xff, 0xff, 0xff,
    0xff, 0xff, 0xff, 0xff, 0xff, 0xf8, 0x0, 0x0,
    0x0, 0x0, 0x0, 0x0, 0x0, 0x0, 0x0, 0x0,

    /* U+00B2 "²" */
    0x0, 0x2, 0x9d, 0xff, 0xec, 0x81, 0x0, 0x0,
    0x7, 0xff, 0xff, 0xff, 0xff, 0xf5, 0x0, 0x6,
    0xff, 0xff, 0xff, 0xff, 0xff, 0xf3, 0x0, 0xdf,
    0xff, 0x92, 0x14, 0xcf, 0xff, 0xb0, 0xf, 0xff,
    0xc0, 0x0, 0x1, 0xff, 0xfe, 0x0, 0x0, 0x0,
    0x0, 0x0, 0xf, 0xff, 0xd0, 0x0, 0x0, 0x0,
    0x0, 0x9, 0xff, 0xf9, 0x0, 0x0, 0x0, 0x0,
    0xa, 0xff, 0xff, 0x20, 0x0, 0x0, 0x0, 0x1c,
    0xff, 0xff, 0x40, 0x0, 0x0, 0x0, 0x4e, 0xff,
    0xfe, 0x40, 0x0, 0x0, 0x0, 0x7f, 0xff, 0xfb,
    0x10, 0x0, 0x0, 0x0, 0xaf, 0xff, 0xf6, 0x0,
    0x0, 0x0, 0x2, 0xdf, 0xff, 0xf6, 0x44, 0x44,
    0x44, 0x10, 0xdf, 0xff, 0xff, 0xff, 0xff, 0xff,
    0xf5, 0xd, 0xff, 0xff, 0xff, 0xff, 0xff, 0xff,
    0x50, 0xdf, 0xff, 0xff, 0xff, 0xff, 0xff, 0xf5,

    /* U+00B3 "³" */
    0x0, 0x0, 0x6b, 0xef, 0xfd, 0x93, 0x0, 0x0,
    0x3, 0xef, 0xff, 0xff, 0xff, 0xf9, 0x0, 0x1,
    0xff, 0xff, 0xff, 0xff, 0xff, 0xf8, 0x0, 0x9f,
    0xff, 0xc5, 0x23, 0x9f, 0xff, 0xf0, 0x7, 0xaa,
    0xa0, 0x0, 0x0, 0xcf, 0xff, 0x20, 0x0, 0x0,
    0x0, 0x0, 0x1e, 0xff, 0xe0, 0x0, 0x0, 0x1,
    0x77, 0x9e, 0xff, 0xe3, 0x0, 0x0, 0x0, 0x3f,
    0xff, 0xfe, 0x80, 0x0, 0x0, 0x0, 0x3, 0xff,
    0xff, 0xff, 0xd5, 0x0, 0x0, 0x0, 0x0, 0x1,
    0x6f, 0xff, 0xf4, 0x0, 0x0, 0x0, 0x0, 0x0,
    0x7f, 0xff, 0xb1, 0xdd, 0xdc, 0x0, 0x0, 0x8,
    0xff, 0xfc, 0xe, 0xff, 0xfd, 0x64, 0x59, 0xff,
    0xff, 0x90, 0x5f, 0xff, 0xff, 0xff, 0xff, 0xff,
    0xf1, 0x0, 0x5e, 0xff, 0xff, 0xff, 0xff, 0xd2,
    0x0, 0x0, 0x7, 0xbe, 0xff, 0xda, 0x50, 0x0,

    /* U+00B4 "´" */
    0x0, 0x4b, 0xbb, 0xa1, 0x0, 0xdf, 0xff, 0x90,
    0x4, 0xff, 0xfe, 0x0, 0xb, 0xff, 0xf4, 0x0,
    0x2f, 0xff, 0xa0, 0x0, 0xaf, 0xfe, 0x10, 0x0,

    /* U+00B5 "µ" */
    0x7f, 0xff, 0xf5, 0x0, 0x0, 0x0, 0x1, 0xff,
    0xff, 0xb0, 0x0, 0x7f, 0xff, 0xf5, 0x0, 0x0,
    0x0, 0x1, 0xff, 0xff, 0xb0, 0x0, 0x7f, 0xff,
    0xf5, 0x0, 0x0, 0x0, 0x1, 0xff, 0xff, 0xb0,
    0x0, 0x7f, 0xff, 0xf5, 0x0, 0x0, 0x0, 0x1,
    0xff, 0xff, 0xb0, 0x0, 0x7f, 0xff, 0xf5, 0x0,
    0x0, 0x0, 0x1, 0xff, 0xff, 0xb0, 0x0, 0x7f,
    0xff, 0xf5, 0x0, 0x0, 0x0, 0x1, 0xff, 0xff,
    0xb0, 0x0, 0x7f, 0xff, 0xf5, 0x0, 0x0, 0x0,
    0x1, 0xff, 0xff, 0xb0, 0x0, 0x7f, 0xff, 0xf5,
    0x0, 0x0, 0x0, 0x1, 0xff, 0xff, 0xb0, 0x0,
    0x7f, 0xff, 0xf5, 0x0, 0x0, 0x0, 0x1, 0xff,
    0xff, 0xb0, 0x0, 0x7f, 0xff, 0xf5, 0x0, 0x0,
    0x0, 0x1, 0xff, 0xff, 0xb0, 0x0, 0x7f, 0xff,
    0xf5, 0x0, 0x0, 0x0, 0x1, 0xff, 0xff, 0xb0,
    0x0, 0x7f, 0xff, 0xf5, 0x0, 0x0, 0x0, 0x1,
    0xff, 0xff, 0xb0, 0x0, 0x7f, 0xff, 0xf5, 0x0,
    0x0, 0x0, 0x1, 0xff, 0xff, 0xb0, 0x0, 0x7f,
    0xff, 0xf6, 0x0, 0x0, 0x0, 0x2, 0xff, 0xff,
    0xb0, 0x0, 0x7f, 0xff, 0xfa, 0x0, 0x0, 0x0,
    0x5, 0xff, 0xff, 0xb0, 0x0, 0x7f, 0xff, 0xff,
    0x20, 0x0, 0x0, 0xc, 0xff, 0xff, 0xb0, 0x0,
    0x7f, 0xff, 0xff, 0xd3, 0x0, 0x1, 0xbf, 0xff,
    0xff, 0xd0, 0x0, 0x7f, 0xff, 0xff, 0xff, 0xdb,
    0xcf, 0xff, 0xff, 0xff, 0xfd, 0xb1, 0x7f, 0xff,
    0xfc, 0xff, 0xff, 0xff, 0xfe, 0x6f, 0xff, 0xff,
    0xf2, 0x7f, 0xff, 0xf5, 0xbf, 0xff, 0xff, 0xf4,
    0xb, 0xff, 0xff, 0xf2, 0x7f, 0xff, 0xf5, 0x6,
    0xcf, 0xe9, 0x20, 0x0, 0x6c, 0xef, 0xf2, 0x7f,
    0xff, 0xf5, 0x0, 0x0, 0x0, 0x0, 0x0, 0x0,
    0x0, 0x0, 0x7f, 0xff, 0xf5, 0x0, 0x0, 0x0,
    0x0, 0x0, 0x0, 0x0, 0x0, 0x7f, 0xff, 0xf5,
    0x0, 0x0, 0x0, 0x0, 0x0, 0x0, 0x0, 0x0,
    0x7f, 0xff, 0xf5, 0x0, 0x0, 0x0, 0x0, 0x0,
    0x0, 0x0, 0x0, 0x7f, 0xff, 0xf5, 0x0, 0x0,
    0x0, 0x0, 0x0, 0x0, 0x0, 0x0, 0x7f, 0xff,
    0xf5, 0x0, 0x0, 0x0, 0x0, 0x0, 0x0, 0x0,
    0x0, 0x7f, 0xff, 0xf5, 0x0, 0x0, 0x0, 0x0,
    0x0, 0x0, 0x0, 0x0, 0x7f, 0xff, 0xf5, 0x0,
    0x0, 0x0, 0x0, 0x0, 0x0, 0x0, 0x0,

    /* U+00B6 "¶" */
    0x0, 0x0, 0x2, 0x8c, 0xef, 0xff, 0xff, 0xff,
    0xff, 0xf0, 0x0, 0x0, 0x9f, 0xff, 0xff, 0xff,
    0xff, 0xff, 0xff, 0xf0, 0x0, 0x1d, 0xff, 0xff,
    0xff, 0xff, 0xff, 0xff, 0xff, 0xf0, 0x0, 0xcf,
    0xff, 0xff, 0xff, 0xff, 0xee, 0xef, 0xff, 0xf0,
    0x5, 0xff, 0xff, 0xff, 0xff, 0xf8, 0x0, 0x2f,
    0xff, 0xf0, 0xc, 0xff, 0xff, 0xff, 0xff, 0xf8,
    0x0, 0x2f, 0xff, 0xf0, 0x1f, 0xff, 0xff, 0xff,
    0xff, 0xf8, 0x0, 0x2f, 0xff, 0xf0, 0x4f, 0xff,
    0xff, 0xff, 0xff, 0xf8, 0x0, 0x2f, 0xff, 0xf0,
    0x5f, 0xff, 0xff, 0xff, 0xff, 0xf8, 0x0, 0x2f,
    0xff, 0xf0, 0x4f, 0xff, 0xff, 0xff, 0xff, 0xf8,
    0x0, 0x2f, 0xff, 0xf0, 0x3f, 0xff, 0xff, 0xff,
    0xff, 0xf8, 0x0, 0x2f, 0xff, 0xf0, 0xf, 0xff,
    0xff, 0xff, 0xff, 0xf8, 0x0, 0x2f, 0xff, 0xf0,
    0xa, 0xff, 0xff, 0xff, 0xff, 0xf8, 0x0, 0x2f,
    0xff, 0xf0, 0x2, 0xff, 0xff, 0xff, 0xff, 0xf8,
    0x0, 0x2f, 0xff, 0xf0, 0x0, 0x7f, 0xff, 0xff,
    0xff, 0xf8, 0x0, 0x2f, 0xff, 0xf0, 0x0, 0x7,
    0xff, 0xff, 0xff, 0xf8, 0x0, 0x2f, 0xff, 0xf0,
    0x0, 0x0, 0x3b, 0xff, 0xff, 0xf8, 0x0, 0x2f,
    0xff, 0xf0, 0x0, 0x0, 0x0, 0x15, 0x89, 0x95,
    0x0, 0x2f, 0xff, 0xf0, 0x0, 0x0, 0x0, 0x0,
    0x0, 0x0, 0x0, 0x2f, 0xff, 0xf0, 0x0, 0x0,
    0x0, 0x0, 0x0, 0x0, 0x0, 0x2f, 0xff, 0xf0,
    0x0, 0x0, 0x0, 0x0, 0x0, 0x0, 0x0, 0x2f,
    0xff, 0xf0, 0x0, 0x0, 0x0, 0x0, 0x0, 0x0,
    0x0, 0x2f, 0xff, 0xf0, 0x0, 0x0, 0x0, 0x0,
    0x0, 0x0, 0x0, 0x2f, 0xff, 0xf0, 0x0, 0x0,
    0x0, 0x0, 0x0, 0x0, 0x0, 0x2f, 0xff, 0xf0,
    0x0, 0x0, 0x0, 0x0, 0x0, 0x0, 0x0, 0x2f,
    0xff, 0xf0, 0x0, 0x0, 0x0, 0x0, 0x0, 0x0,
    0x0, 0x2f, 0xff, 0xf0, 0x0, 0x0, 0x0, 0x0,
    0x0, 0x0, 0x0, 0x2f, 0xff, 0xf0, 0x0, 0x0,
    0x0, 0x0, 0x0, 0x0, 0x0, 0x2f, 0xff, 0xf0,

    /* U+00B7 "·" */
    0x6, 0xcd, 0x70, 0x6, 0xff, 0xff, 0x80, 0xdf,
    0xff, 0xfe, 0xd, 0xff, 0xff, 0xf0, 0x7f, 0xff,
    0xf9, 0x0, 0x8e, 0xe9, 0x0,

    /* U+00B8 "¸" */
    0x0, 0xef, 0x30, 0x0, 0x0, 0xff, 0x20, 0x0,
    0x3, 0xff, 0x96, 0x0, 0x5, 0xff, 0xff, 0xe1,
    0x0, 0x22, 0x8f, 0xf8, 0x0, 0x0, 0x2f, 0xfa,
    0x1, 0x12, 0x8f, 0xf9, 0x2f, 0xff, 0xff, 0xf4,
    0x2f, 0xff, 0xeb, 0x40,

    /* U+00B9 "¹" */
    0x0, 0x2, 0xcf, 0xff, 0xf2, 0x0, 0x8f, 0xff,
    0xff, 0xf2, 0xd, 0xff, 0xff, 0xff, 0xf2, 0xf,
    0xff, 0xce, 0xff, 0xf2, 0xf, 0xe6, 0xd, 0xff,
    0xf2, 0x9, 0x10, 0xd, 0xff, 0xf2, 0x0, 0x0,
    0xd, 0xff, 0xf2, 0x0, 0x0, 0xd, 0xff, 0xf2,
    0x0, 0x0, 0xd, 0xff, 0xf2, 0x0, 0x0, 0xd,
    0xff, 0xf2, 0x0, 0x0, 0xd, 0xff, 0xf2, 0x0,
    0x0, 0xd, 0xff, 0xf2, 0x0, 0x0, 0xd, 0xff,
    0xf2, 0x0, 0x0, 0xd, 0xff, 0xf2, 0x0, 0x0,
    0xd, 0xff, 0xf2, 0x0, 0x0, 0xd, 0xff, 0xf2,

    /* U+00BA "º" */
    0x0, 0x0, 0x39, 0xdf, 0xfe, 0xb6, 0x0, 0x0,
    0x0, 0x0, 0x9f, 0xff, 0xff, 0xff, 0xfe, 0x30,
    0x0, 0x0, 0xbf, 0xff, 0xff, 0xff, 0xff, 0xff,
    0x40, 0x0, 0x7f, 0xff, 0xf9, 0x43, 0x6d, 0xff,
    0xfe, 0x10, 0xf, 0xff, 0xf6, 0x0, 0x0, 0xd,
    0xff, 0xf7, 0x5, 0xff, 0xfd, 0x0, 0x0, 0x0,
    0x5f, 0xff, 0xd0, 0x8f, 0xff, 0x80, 0x0, 0x0,
    0x0, 0xff, 0xff, 0xa, 0xff, 0xf6, 0x0, 0x0,
    0x0, 0xe, 0xff, 0xf2, 0xaf, 0xff, 0x60, 0x0,
    0x0, 0x0, 0xef, 0xff, 0x28, 0xff, 0xf8, 0x0,
    0x0, 0x0, 0xf, 0xff, 0xf0, 0x5f, 0xff, 0xd0,
    0x0, 0x0, 0x5, 0xff, 0xfd, 0x0, 0xff, 0xff,
    0x60, 0x0, 0x0, 0xdf, 0xff, 0x70, 0x8, 0xff,
    0xff, 0xa5, 0x46, 0xdf, 0xff, 0xe1, 0x0, 0xb,
    0xff, 0xff, 0xff, 0xff, 0xff, 0xf4, 0x0, 0x0,
    0x9, 0xff, 0xff, 0xff, 0xff, 0xe3, 0x0, 0x0,
    0x0, 0x2, 0x9c, 0xef, 0xdb, 0x60, 0x0, 0x0,

    /* U+00BB "»" */
    0x38, 0x88, 0x86, 0x0, 0x8, 0x88, 0x88, 0x10,
    0x0, 0x0, 0x0, 0xb, 0xff, 0xff, 0x70, 0x6,
    0xff, 0xff, 0xc0, 0x0, 0x0, 0x0, 0x1, 0xdf,
    0xff, 0xf5, 0x0, 0x9f, 0xff, 0xfa, 0x0, 0x0,
    0x0, 0x0, 0x2e, 0xff, 0xff, 0x30, 0xb, 0xff,
    0xff, 0x70, 0x0, 0x0, 0x0, 0x4, 0xff, 0xff,
    0xe2, 0x1, 0xdf, 0xff, 0xf5, 0x0, 0x0, 0x0,
    0x0, 0x6f, 0xff, 0xfd, 0x0, 0x2e, 0xff, 0xff,
    0x30, 0x0, 0x0, 0x0, 0x9, 0xff, 0xff, 0xb0,
    0x4, 0xff, 0xff, 0xe2, 0x0, 0x0, 0x0, 0x0,
    0xbf, 0xff, 0xf9, 0x0, 0x6f, 0xff, 0xfd, 0x0,
    0x0, 0x0, 0x0, 0xd, 0xff, 0xff, 0x60, 0x9,
    0xff, 0xff, 0xb0, 0x0, 0x0, 0x0, 0x8, 0xff,
    0xff, 0xc0, 0x3, 0xff, 0xff, 0xf2, 0x0, 0x0,
    0x0, 0x5f, 0xff, 0xfe, 0x10, 0x1e, 0xff, 0xff,
    0x40, 0x0, 0x0, 0x3, 0xff, 0xff, 0xf3, 0x0,
    0xdf, 0xff, 0xf7, 0x0, 0x0, 0x0, 0x1e, 0xff,
    0xff, 0x40, 0xa, 0xff, 0xff, 0x90, 0x0, 0x0,
    0x0, 0xcf, 0xff, 0xf7, 0x0, 0x8f, 0xff, 0xfb,
    0x0, 0x0, 0x0, 0xa, 0xff, 0xff, 0x90, 0x5,
    0xff, 0xff, 0xd1, 0x0, 0x0, 0x0, 0x8f, 0xff,
    0xfb, 0x0, 0x3f, 0xff, 0xfe, 0x20, 0x0, 0x0,
    0x5, 0xff, 0xff, 0xd0, 0x1, 0xef, 0xff, 0xf3,
    0x0, 0x0, 0x0, 0x3f, 0xff, 0xfe, 0x20, 0xd,
    0xff, 0xff, 0x50, 0x0, 0x0, 0x0,

    /* U+00BC "¼" */
    0x0, 0x2, 0x44, 0x42, 0x0, 0x0, 0x0, 0x0,
    0x0, 0x0, 0x1, 0x44, 0x41, 0x0, 0x0, 0x0,
    0x7f, 0xff, 0xf9, 0x0, 0x0, 0x0, 0x0, 0x0,
    0x0, 0xb, 0xff, 0xd0, 0x0, 0x0, 0x1b, 0xff,
    0xff, 0xf9, 0x0, 0x0, 0x0, 0x0, 0x0, 0x0,
    0x6f, 0xff, 0x30, 0x0, 0x0, 0x8f, 0xfe, 0xff,
    0xf9, 0x0, 0x0, 0x0, 0x0, 0x0, 0x2, 0xff,
    0xf7, 0x0, 0x0, 0x0, 0x8f, 0xb1, 0xef, 0xf9,
    0x0, 0x0, 0x0, 0x0, 0x0, 0xc, 0xff, 0xc0,
    0x0, 0x0, 0x0, 0x88, 0x0, 0xef, 0xf9, 0x0,
    0x0, 0x0, 0x0, 0x0, 0x8f, 0xff, 0x20, 0x0,
    0x0, 0x0, 0x10, 0x0, 0xef, 0xf9, 0x0, 0x0,
    0x0, 0x0, 0x3, 0xff, 0xf6, 0x0, 0x0, 0x0,
    0x0, 0x0, 0x0, 0xef, 0xf9, 0x0, 0x0, 0x0,
    0x0, 0xd, 0xff, 0xb0, 0x0, 0x0, 0x0, 0x0,
    0x0, 0x0, 0xef, 0xf9, 0x0, 0x0, 0x0, 0x0,
    0x9f, 0xfe, 0x10, 0x0, 0x0, 0x0, 0x0, 0x0,
    0x0, 0xef, 0xf9, 0x0, 0x0, 0x0, 0x4, 0xff,
    0xf5, 0x0, 0x0, 0x0, 0x0, 0x0, 0x0, 0x0,
    0xef, 0xf9, 0x0, 0x0, 0x0, 0x1e, 0xff, 0x90,
    0x0, 0x0, 0x0, 0x0, 0x0, 0x0, 0x0, 0xef,
    0xf9, 0x0, 0x0, 0x0, 0xbf, 0xfd, 0x0, 0x0,
    0x0, 0x0, 0x0, 0x0, 0x0, 0x0, 0xef, 0xf9,
    0x0, 0x0, 0x6, 0xff, 0xf3, 0x0, 0x0, 0x0,
    0x0, 0x0, 0x0, 0x0, 0x0, 0xef, 0xf9, 0x0,
    0x0, 0x2f, 0xff, 0x80, 0x0, 0x0, 0x3e, 0xee,
    0xe6, 0x0, 0x0, 0x0, 0xef, 0xf9, 0x0, 0x0,
    0xcf, 0xfc, 0x0, 0x0, 0x0, 0xcf, 0xff, 0xf6,
    0x0, 0x0, 0x0, 0xef, 0xf9, 0x0, 0x7, 0xff,
    0xf2, 0x0, 0x0, 0x6, 0xff, 0xff, 0xf6, 0x0,
    0x0, 0x0, 0x0, 0x0, 0x0, 0x3f, 0xff, 0x60,
    0x0, 0x0, 0xe, 0xff, 0xff, 0xf6, 0x0, 0x0,
    0x0, 0x0, 0x0, 0x0, 0xdf, 0xfb, 0x0, 0x0,
    0x0, 0x9f, 0xfc, 0xdf, 0xf6, 0x0, 0x0, 0x0,
    0x0, 0x0, 0x9, 0xff, 0xe1, 0x0, 0x0, 0x2,
    0xff, 0xf3, 0xcf, 0xf6, 0x0, 0x0, 0x0, 0x0,
    0x0, 0x4f, 0xff, 0x50, 0x0, 0x0, 0xb, 0xff,
    0xa0, 0xcf, 0xf6, 0x0, 0x0, 0x0, 0x0, 0x1,
    0xef, 0xfa, 0x0, 0x0, 0x0, 0x5f, 0xff, 0x10,
    0xcf, 0xf6, 0x0, 0x0, 0x0, 0x0, 0xa, 0xff,
    0xe1, 0x0, 0x0, 0x0, 0xef, 0xf8, 0x0, 0xcf,
    0xf6, 0x0, 0x0, 0x0, 0x0, 0x5f, 0xff, 0x40,
    0x0, 0x0, 0x8, 0xff, 0xe0, 0x0, 0xcf, 0xf6,
    0x0, 0x0, 0x0, 0x1, 0xff, 0xf8, 0x0, 0x0,
    0x0, 0xf, 0xff, 0xfd, 0xdd, 0xff, 0xfe, 0xd3,
    0x0, 0x0, 0xc, 0xff, 0xd0, 0x0, 0x0, 0x0,
    0xf, 0xff, 0xff, 0xff, 0xff, 0xff, 0xf4, 0x0,
    0x0, 0x7f, 0xff, 0x30, 0x0, 0x0, 0x0, 0xf,
    0xff, 0xff, 0xff, 0xff, 0xff, 0xf4, 0x0, 0x2,
    0xff, 0xf7, 0x0, 0x0, 0x0, 0x0, 0x0, 0x0,
    0x0, 0x0, 0xef, 0xf6, 0x0, 0x0, 0xd, 0xff,
    0xc0, 0x0, 0x0, 0x0, 0x0, 0x0, 0x0, 0x0,
    0x0, 0xef, 0xf6, 0x0,

    /* U+00BD "½" */
    0x0, 0x3e, 0xff, 0xf9, 0x0, 0x0, 0x0, 0x0,
    0x0, 0x0, 0x8, 0xff, 0xf2, 0x0, 0x0, 0x0,
    0x7f, 0xff, 0xff, 0x90, 0x0, 0x0, 0x0, 0x0,
    0x0, 0x3, 0xff, 0xf6, 0x0, 0x0, 0x0, 0x7f,
    0xff, 0xff, 0xf9, 0x0, 0x0, 0x0, 0x0, 0x0,
    0x0, 0xdf, 0xfb, 0x0, 0x0, 0x0, 0x8, 0xfe,
    0x4e, 0xff, 0x90, 0x0, 0x0, 0x0, 0x0, 0x0,
    0x9f, 0xfe, 0x10, 0x0, 0x0, 0x0, 0x8c, 0x10,
    0xef, 0xf9, 0x0, 0x0, 0x0, 0x0, 0x0, 0x4f,
    0xff, 0x50, 0x0, 0x0, 0x0, 0x3, 0x0, 0xe,
    0xff, 0x90, 0x0, 0x0, 0x0, 0x0, 0xe, 0xff,
    0xb0, 0x0, 0x0, 0x0, 0x0, 0x0, 0x0, 0xef,
    0xf9, 0x0, 0x0, 0x0, 0x0, 0x9, 0xff, 0xe1,
    0x0, 0x0, 0x0, 0x0, 0x0, 0x0, 0xe, 0xff,
    0x90, 0x0, 0x0, 0x0, 0x4, 0xff, 0xf5, 0x0,
    0x0, 0x0, 0x0, 0x0, 0x0, 0x0, 0xef, 0xf9,
    0x0, 0x0, 0x0, 0x1, 0xef, 0xfa, 0x0, 0x0,
    0x0, 0x0, 0x0, 0x0, 0x0, 0xe, 0xff, 0x90,
    0x0, 0x0, 0x0, 0xaf, 0xfe, 0x10, 0x0, 0x0,
    0x0, 0x0, 0x0, 0x0, 0x0, 0xef, 0xf9, 0x0,
    0x0, 0x0, 0x5f, 0xff, 0x40, 0x0, 0x0, 0x0,
    0x0, 0x0, 0x0, 0x0, 0xe, 0xff, 0x90, 0x0,
    0x0, 0x1e, 0xff, 0x90, 0x0, 0x0, 0x0, 0x0,
    0x0, 0x0, 0x0, 0x0, 0xef, 0xf9, 0x0, 0x0,
    0xa, 0xff, 0xe0, 0x0, 0x0, 0x59, 0xbb, 0x83,
    0x0, 0x0, 0x0, 0xe, 0xff, 0x90, 0x0, 0x5,
    0xff, 0xf4, 0x0, 0x2, 0xdf, 0xff, 0xff, 0xfb,
    0x0, 0x0, 0x0, 0xef, 0xf9, 0x0, 0x1, 0xef,
    0xf9, 0x0, 0x0, 0xdf, 0xff, 0xff, 0xff, 0xfa,
    0x0, 0x0, 0x3, 0x44, 0x20, 0x0, 0xbf, 0xfd,
    0x0, 0x0, 0x5f, 0xff, 0x70, 0x2b, 0xff, 0xf1,
    0x0, 0x0, 0x0, 0x0, 0x0, 0x6f, 0xff, 0x30,
    0x0, 0x6, 0xcc, 0xb0, 0x0, 0x2f, 0xff, 0x40,
    0x0, 0x0, 0x0, 0x0, 0x2f, 0xff, 0x80, 0x0,
    0x0, 0x0, 0x0, 0x0, 0x3, 0xff, 0xf3, 0x0,
    0x0, 0x0, 0x0, 0xb, 0xff, 0xd0, 0x0, 0x0,
    0x0, 0x0, 0x0, 0x0, 0x9f, 0xfe, 0x0, 0x0,
    0x0, 0x0, 0x7, 0xff, 0xf3, 0x0, 0x0, 0x0,
    0x0, 0x0, 0x0, 0x6f, 0xff, 0x50, 0x0, 0x0,
    0x0, 0x2, 0xff, 0xf8, 0x0, 0x0, 0x0, 0x0,
    0x0, 0x0, 0x5f, 0xff, 0xa0, 0x0, 0x0, 0x0,
    0x0, 0xcf, 0xfc, 0x0, 0x0, 0x0, 0x0, 0x0,
    0x0, 0x5f, 0xff, 0xc0, 0x0, 0x0, 0x0, 0x0,
    0x7f, 0xff, 0x20, 0x0, 0x0, 0x0, 0x0, 0x0,
    0x4f, 0xff, 0xd1, 0x0, 0x0, 0x0, 0x0, 0x2f,
    0xff, 0x70, 0x0, 0x0, 0x0, 0x0, 0x0, 0x4f,
    0xff, 0xd1, 0x0, 0x0, 0x0, 0x0, 0xc, 0xff,
    0xc0, 0x0, 0x0, 0x0, 0x0, 0x0, 0x4f, 0xff,
    0xe2, 0x0, 0x0, 0x0, 0x0, 0x8, 0xff, 0xf2,
    0x0, 0x0, 0x0, 0x0, 0x0, 0x2f, 0xff, 0xff,
    0xff, 0xff, 0xf8, 0x0, 0x3, 0xff, 0xf7, 0x0,
    0x0, 0x0, 0x0, 0x0, 0x4, 0xff, 0xff, 0xff,
    0xff, 0xff, 0x80, 0x0, 0xdf, 0xfc, 0x0, 0x0,
    0x0, 0x0, 0x0, 0x0, 0x4f, 0xff, 0xff, 0xff,
    0xff, 0xf8,

    /* U+00BE "¾" */
    0x0, 0x2, 0x8b, 0xdc, 0x81, 0x0, 0x0, 0x0,
    0x0, 0x0, 0x0, 0x0, 0x8d, 0xdc, 0x10, 0x0,
    0x0, 0x8, 0xff, 0xff, 0xff, 0xf4, 0x0, 0x0,
    0x0, 0x0, 0x0, 0x0, 0x3f, 0xff, 0x60, 0x0,
    0x0, 0x7, 0xff, 0xff, 0xff, 0xff, 0xe1, 0x0,
    0x0, 0x0, 0x0, 0x0, 0xd, 0xff, 0xb0, 0x0,
    0x0, 0x0, 0xff, 0xfc, 0x30, 0x5f, 0xff, 0x70,
    0x0, 0x0, 0x0, 0x0, 0x9, 0xff, 0xe1, 0x0,
    0x0, 0x0, 0x8, 0x88, 0x20, 0x0, 0xcf, 0xfa,
    0x0, 0x0, 0x0, 0x0, 0x4, 0xff, 0xf5, 0x0,
    0x0, 0x0, 0x0, 0x0, 0x0, 0x0, 0xd, 0xff,
    0x90, 0x0, 0x0, 0x0, 0x1, 0xef, 0xfa, 0x0,
    0x0, 0x0, 0x0, 0x0, 0x0, 0x0, 0x18, 0xff,
    0xf3, 0x0, 0x0, 0x0, 0x0, 0xaf, 0xfe, 0x10,
    0x0, 0x0, 0x0, 0x0, 0x0, 0x7, 0xff, 0xff,
    0xe5, 0x0, 0x0, 0x0, 0x0, 0x5f, 0xff, 0x40,
    0x0, 0x0, 0x0, 0x0, 0x0, 0x0, 0x7f, 0xff,
    0xf9, 0x30, 0x0, 0x0, 0x0, 0x1e, 0xff, 0x90,
    0x0, 0x0, 0x0, 0x0, 0x0, 0x0, 0x4, 0x9a,
    0xdf, 0xff, 0x80, 0x0, 0x0, 0xb, 0xff, 0xd0,
    0x0, 0x0, 0x0, 0x0, 0x0, 0x0, 0x0, 0x0,
    0x0, 0xbf, 0xff, 0x10, 0x0, 0x5, 0xff, 0xf3,
    0x0, 0x0, 0x0, 0x0, 0x0, 0x0, 0x0, 0x0,
    0x0, 0x7, 0xff, 0xf4, 0x0, 0x1, 0xff, 0xf8,
    0x0, 0x0, 0x0, 0x0, 0x0, 0x0, 0x5e, 0xee,
    0x82, 0x3, 0xdf, 0xff, 0x30, 0x0, 0xbf, 0xfd,
    0x0, 0x0, 0x0, 0x0, 0x0, 0x0, 0x1, 0xff,
    0xff, 0xff, 0xff, 0xff, 0xc0, 0x0, 0x6f, 0xff,
    0x30, 0x0, 0x0, 0x6f, 0xff, 0xf4, 0x0, 0x4,
    0xef, 0xff, 0xff, 0xff, 0xc1, 0x0, 0x2f, 0xff,
    0x80, 0x0, 0x0, 0xe, 0xff, 0xff, 0x40, 0x0,
    0x1, 0x7b, 0xef, 0xdb, 0x50, 0x0, 0xc, 0xff,
    0xc0, 0x0, 0x0, 0x8, 0xff, 0xff, 0xf4, 0x0,
    0x0, 0x0, 0x0, 0x0, 0x0, 0x0, 0x7, 0xff,
    0xf2, 0x0, 0x0, 0x2, 0xff, 0xff, 0xff, 0x40,
    0x0, 0x0, 0x0, 0x0, 0x0, 0x0, 0x2, 0xff,
    0xf7, 0x0, 0x0, 0x0, 0xbf, 0xf9, 0xef, 0xf4,
    0x0, 0x0, 0x0, 0x0, 0x0, 0x0, 0x0, 0xcf,
    0xfc, 0x0, 0x0, 0x0, 0x5f, 0xff, 0x1e, 0xff,
    0x40, 0x0, 0x0, 0x0, 0x0, 0x0, 0x0, 0x8f,
    0xff, 0x20, 0x0, 0x0, 0xd, 0xff, 0x70, 0xef,
    0xf4, 0x0, 0x0, 0x0, 0x0, 0x0, 0x0, 0x3f,
    0xff, 0x60, 0x0, 0x0, 0x7, 0xff, 0xe0, 0xe,
    0xff, 0x40, 0x0, 0x0, 0x0, 0x0, 0x0, 0xd,
    0xff, 0xb0, 0x0, 0x0, 0x1, 0xff, 0xf5, 0x0,
    0xef, 0xf4, 0x0, 0x0, 0x0, 0x0, 0x0, 0x8,
    0xff, 0xf1, 0x0, 0x0, 0x0, 0xaf, 0xfc, 0x0,
    0xe, 0xff, 0x40, 0x0, 0x0, 0x0, 0x0, 0x3,
    0xff, 0xf5, 0x0, 0x0, 0x0, 0x1f, 0xff, 0xed,
    0xdd, 0xff, 0xfe, 0xd1, 0x0, 0x0, 0x0, 0x0,
    0xdf, 0xfa, 0x0, 0x0, 0x0, 0x1, 0xff, 0xff,
    0xff, 0xff, 0xff, 0xff, 0x20, 0x0, 0x0, 0x0,
    0x9f, 0xfe, 0x10, 0x0, 0x0, 0x0, 0x1f, 0xff,
    0xff, 0xff, 0xff, 0xff, 0xf2, 0x0, 0x0, 0x0,
    0x4f, 0xff, 0x50, 0x0, 0x0, 0x0, 0x0, 0x0,
    0x0, 0x0, 0xf, 0xff, 0x40, 0x0, 0x0, 0x0,
    0x1e, 0xff, 0xa0, 0x0, 0x0, 0x0, 0x0, 0x0,
    0x0, 0x0, 0x0, 0xff, 0xf4, 0x0,

    /* U+00BF "¿" */
    0x0, 0x0, 0x0, 0x0, 0x7e, 0xfb, 0x20, 0x0,
    0x0, 0x0, 0x0, 0x0, 0x0, 0x6f, 0xff, 0xfd,
    0x0, 0x0, 0x0, 0x0, 0x0, 0x0, 0xb, 0xff,
    0xff, 0xf2, 0x0, 0x0, 0x0, 0x0, 0x0, 0x0,
    0xbf, 0xff, 0xff, 0x20, 0x0, 0x0, 0x0, 0x0,
    0x0, 0x5, 0xff, 0xff, 0xc0, 0x0, 0x0, 0x0,
    0x0, 0x0, 0x0, 0x5, 0xbc, 0x80, 0x0, 0x0,
    0x0, 0x0, 0x0, 0x0, 0x0, 0x0, 0x0, 0x0,
    0x0, 0x0, 0x0, 0x0, 0x0, 0x0, 0x0, 0x0,
    0x0, 0x0, 0x0, 0x0, 0x0, 0x0, 0x0, 0x0,
    0x22, 0x22, 0x10, 0x0, 0x0, 0x0, 0x0, 0x0,
    0x0, 0xf, 0xff, 0xf7, 0x0, 0x0, 0x0, 0x0,
    0x0, 0x0, 0x1, 0xff, 0xff, 0x60, 0x0, 0x0,
    0x0, 0x0, 0x0, 0x0, 0x4f, 0xff, 0xf5, 0x0,
    0x0, 0x0, 0x0, 0x0, 0x0, 0xc, 0xff, 0xff,
    0x20, 0x0, 0x0, 0x0, 0x0, 0x0, 0xa, 0xff,
    0xff, 0xd0, 0x0, 0x0, 0x0, 0x0, 0x0, 0x2d,
    0xff, 0xff, 0xf5, 0x0, 0x0, 0x0, 0x0, 0x0,
    0x6f, 0xff, 0xff, 0xf9, 0x0, 0x0, 0x0, 0x0,
    0x0, 0x6f, 0xff, 0xff, 0xf6, 0x0, 0x0, 0x0,
    0x0, 0x0, 0x3f, 0xff, 0xff, 0xd2, 0x0, 0x0,
    0x0, 0x0, 0x0, 0xa, 0xff, 0xff, 0xd1, 0x0,
    0x0, 0x0, 0x0, 0x0, 0x0, 0xff, 0xff, 0xf4,
    0x0, 0x0, 0x0, 0x0, 0x0, 0x0, 0x2f, 0xff,
    0xfe, 0x0, 0x0, 0x0, 0x0, 0x0, 0x0, 0x2,
    0xff, 0xff, 0xc0, 0x0, 0x0, 0x0, 0x8e, 0xee,
    0xe1, 0x1f, 0xff, 0xfe, 0x0, 0x0, 0x0, 0xd,
    0xff, 0xff, 0x0, 0xef, 0xff, 0xf6, 0x0, 0x0,
    0x5, 0xff, 0xff, 0xd0, 0x8, 0xff, 0xff, 0xf9,
    0x20, 0x29, 0xff, 0xff, 0xf7, 0x0, 0x1e, 0xff,
    0xff, 0xff, 0xff, 0xff, 0xff, 0xfd, 0x0, 0x0,
    0x3f, 0xff, 0xff, 0xff, 0xff, 0xff, 0xfe, 0x10,
    0x0, 0x0, 0x2b, 0xff, 0xff, 0xff, 0xff, 0xfa,
    0x10, 0x0, 0x0, 0x0, 0x3, 0x9c, 0xef, 0xec,
    0x83, 0x0, 0x0, 0x0,

    /* U+00C0 "À" */
    0x0, 0x0, 0x0, 0x0, 0x5f, 0xff, 0xf4, 0x0,
    0x0, 0x0, 0x0, 0x0, 0x0, 0x0, 0x0, 0x0,
    0x0, 0x0, 0xaf, 0xff, 0xb0, 0x0, 0x0, 0x0,
    0x0, 0x0, 0x0, 0x0, 0x0, 0x0, 0x0, 0x1,
    0xef, 0xff, 0x20, 0x0, 0x0, 0x0, 0x0, 0x0,
    0x0, 0x0, 0x0, 0x0, 0x0, 0x5, 0xff, 0xf9,
    0x0, 0x0, 0x0, 0x0, 0x0, 0x0, 0x0, 0x0,
    0x0, 0x0, 0x0, 0xb, 0xff, 0xf1, 0x0, 0x0,
    0x0, 0x0, 0x0, 0x0, 0x0, 0x0, 0x0, 0x0,
    0x0, 0x1a, 0xbb, 0x40, 0x0, 0x0, 0x0, 0x0,
    0x0, 0x0, 0x0, 0x0, 0x0, 0x0, 0x0, 0x0,
    0x0, 0x0, 0x0, 0x0, 0x0, 0x0, 0x0, 0x0,
    0x0, 0x0, 0x0, 0x0, 0x0, 0x0, 0x0, 0x0,
    0x0, 0x0, 0x0, 0x0, 0x0, 0x0, 0x0, 0x0,
    0x0, 0x9f, 0xff, 0xff, 0xf1, 0x0, 0x0, 0x0,
    0x0, 0x0, 0x0, 0x0, 0x0, 0x0, 0xe, 0xff,
    0xff, 0xff, 0x60, 0x0, 0x0, 0x0, 0x0, 0x0,
    0x0, 0x0, 0x0, 0x4, 0xff, 0xff, 0xff, 0xfb,
    0x0, 0x0, 0x0, 0x0, 0x0, 0x0, 0x0, 0x0,
    0x0, 0xaf, 0xff, 0xff, 0xff, 0xf1, 0x0, 0x0,
    0x0, 0x0, 0x0, 0x0, 0x0, 0x0, 0xf, 0xff,
    0xfb, 0xff, 0xff, 0x70, 0x0, 0x0, 0x0, 0x0,
    0x0, 0x0, 0x0, 0x5, 0xff, 0xff, 0x4e, 0xff,
    0xfc, 0x0, 0x0, 0x0, 0x0, 0x0, 0x0, 0x0,
    0x0, 0xaf, 0xff, 0xf0, 0xaf, 0xff, 0xf2, 0x0,
    0x0, 0x0, 0x0, 0x0, 0x0, 0x0, 0xf, 0xff,
    0xfb, 0x5, 0xff, 0xff, 0x80, 0x0, 0x0, 0x0,
    0x0, 0x0, 0x0, 0x5, 0xff, 0xff, 0x70, 0x1f,
    0xff, 0xfd, 0x0, 0x0, 0x0, 0x0, 0x0, 0x0,
    0x0, 0xbf, 0xff, 0xf3, 0x0, 0xcf, 0xff, 0xf3,
    0x0, 0x0, 0x0, 0x0, 0x0, 0x0, 0x1f, 0xff,
    0xfe, 0x0, 0x8, 0xff, 0xff, 0x80, 0x0, 0x0,
    0x0, 0x0, 0x0, 0x6, 0xff, 0xff, 0xa0, 0x0,
    0x3f, 0xff, 0xfe, 0x0, 0x0, 0x0, 0x0, 0x0,
    0x0, 0xbf, 0xff, 0xf5, 0x0, 0x0, 0xef, 0xff,
    0xf4, 0x0, 0x0, 0x0, 0x0, 0x0, 0x1f, 0xff,
    0xff, 0x10, 0x0, 0x9, 0xff, 0xff, 0x90, 0x0,
    0x0, 0x0, 0x0, 0x6, 0xff, 0xff, 0xb0, 0x0,
    0x0, 0x4f, 0xff, 0xff, 0x0, 0x0, 0x0, 0x0,
    0x0, 0xcf, 0xff, 0xf6, 0x0, 0x0, 0x0, 0xef,
    0xff, 0xf5, 0x0, 0x0, 0x0, 0x0, 0x1f, 0xff,
    0xff, 0x10, 0x0, 0x0, 0x9, 0xff, 0xff, 0xa0,
    0x0, 0x0, 0x0, 0x7, 0xff, 0xff, 0xff, 0xff,
    0xff, 0xff, 0xff, 0xff, 0xff, 0x0, 0x0, 0x0,
    0x0, 0xcf, 0xff, 0xff, 0xff, 0xff, 0xff, 0xff,
    0xff, 0xff, 0xf6, 0x0, 0x0, 0x0, 0x2f, 0xff,
    0xff, 0xff, 0xff, 0xff, 0xff, 0xff, 0xff, 0xff,
    0xb0, 0x0, 0x0, 0x7, 0xff, 0xff, 0xff, 0xff,
    0xff, 0xff, 0xff, 0xff, 0xff, 0xff, 0x10, 0x0,
    0x0, 0xdf, 0xff, 0xf7, 0x0, 0x0, 0x0, 0x0,
    0x0, 0xef, 0xff, 0xf7, 0x0, 0x0, 0x2f, 0xff,
    0xff, 0x20, 0x0, 0x0, 0x0, 0x0, 0x8, 0xff,
    0xff, 0xc0, 0x0, 0x8, 0xff, 0xff, 0xc0, 0x0,
    0x0, 0x0, 0x0, 0x0, 0x3f, 0xff, 0xff, 0x20,
    0x0, 0xdf, 0xff, 0xf7, 0x0, 0x0, 0x0, 0x0,
    0x0, 0x0, 0xef, 0xff, 0xf7, 0x0, 0x3f, 0xff,
    0xff, 0x20, 0x0, 0x0, 0x0, 0x0, 0x0, 0x8,
    0xff, 0xff, 0xd0, 0x9, 0xff, 0xff, 0xd0, 0x0,
    0x0, 0x0, 0x0, 0x0, 0x0, 0x3f, 0xff, 0xff,
    0x30, 0xef, 0xff, 0xf8, 0x0, 0x0, 0x0, 0x0,
    0x0, 0x0, 0x0, 0xdf, 0xff, 0xf8,

    /* U+00C1 "Á" */
    0x0, 0x0, 0x0, 0x0, 0x0, 0x0, 0x0, 0xaf,
    0xff, 0xd0, 0x0, 0x0, 0x0, 0x0, 0x0, 0x0,
    0x0, 0x0, 0x0, 0x0, 0x2f, 0xff, 0xf3, 0x0,
    0x0, 0x0, 0x0, 0x0, 0x0, 0x0, 0x0, 0x0,
    0x0, 0x9, 0xff, 0xf9, 0x0, 0x0, 0x0, 0x0,
    0x0, 0x0, 0x0, 0x0, 0x0, 0x0, 0x1, 0xff,
    0xfd, 0x0, 0x0, 0x0, 0x0, 0x0, 0x0, 0x0,
    0x0, 0x0, 0x0, 0x0, 0x7f, 0xff, 0x40, 0x0,
    0x0, 0x0, 0x0, 0x0, 0x0, 0x0, 0x0, 0x0,
    0x0, 0x9, 0xbb, 0x70, 0x0, 0x0, 0x0, 0x0,
    0x0, 0x0, 0x0, 0x0, 0x0, 0x0, 0x0, 0x0,
    0x0, 0x0, 0x0, 0x0, 0x0, 0x0, 0x0, 0x0,
    0x0, 0x0, 0x0, 0x0, 0x0, 0x0, 0x0, 0x0,
    0x0, 0x0, 0x0, 0x0, 0x0, 0x0, 0x0, 0x0,
    0x0, 0x9f, 0xff, 0xff, 0xf1, 0x0, 0x0, 0x0,
    0x0, 0x0, 0x0, 0x0, 0x0, 0x0, 0xe, 0xff,
    0xff, 0xff, 0x60, 0x0, 0x0, 0x0, 0x0, 0x0,
    0x0, 0x0, 0x0, 0x4, 0xff, 0xff, 0xff, 0xfb,
    0x0, 0x0, 0x0, 0x0, 0x0, 0x0, 0x0, 0x0,
    0x0, 0xaf, 0xff, 0xff, 0xff, 0xf1, 0x0, 0x0,
    0x0, 0x0, 0x0, 0x0, 0x0, 0x0, 0xf, 0xff,
    0xfb, 0xff, 0xff, 0x70, 0x0, 0x0, 0x0, 0x0,
    0x0, 0x0, 0x0, 0x5, 0xff, 0xff, 0x4e, 0xff,
    0xfc, 0x0, 0x0, 0x0, 0x0, 0x0, 0x0, 0x0,
    0x0, 0xaf, 0xff, 0xf0, 0xaf, 0xff, 0xf2, 0x0,
    0x0, 0x0, 0x0, 0x0, 0x0, 0x0, 0xf, 0xff,
    0xfb, 0x5, 0xff, 0xff, 0x80, 0x0, 0x0, 0x0,
    0x0, 0x0, 0x0, 0x5, 0xff, 0xff, 0x70, 0x1f,
    0xff, 0xfd, 0x0, 0x0, 0x0, 0x0, 0x0, 0x0,
    0x0, 0xbf, 0xff, 0xf3, 0x0, 0xcf, 0xff, 0xf3,
    0x0, 0x0, 0x0, 0x0, 0x0, 0x0, 0x1f, 0xff,
    0xfe, 0x0, 0x8, 0xff, 0xff, 0x80, 0x0, 0x0,
    0x0, 0x0, 0x0, 0x6, 0xff, 0xff, 0xa0, 0x0,
    0x3f, 0xff, 0xfe, 0x0, 0x0, 0x0, 0x0, 0x0,
    0x0, 0xbf, 0xff, 0xf5, 0x0, 0x0, 0xef, 0xff,
    0xf4, 0x0, 0x0, 0x0, 0x0, 0x0, 0x1f, 0xff,
    0xff, 0x10, 0x0, 0x9, 0xff, 0xff, 0x90, 0x0,
    0x0, 0x0, 0x0, 0x6, 0xff, 0xff, 0xb0, 0x0,
    0x0, 0x4f, 0xff, 0xff, 0x0, 0x0, 0x0, 0x0,
    0x0, 0xcf, 0xff, 0xf6, 0x0, 0x0, 0x0, 0xef,
    0xff, 0xf5, 0x0, 0x0, 0x0, 0x0, 0x1f, 0xff,
    0xff, 0x10, 0x0, 0x0, 0x9, 0xff, 0xff, 0xa0,
    0x0, 0x0, 0x0, 0x7, 0xff, 0xff, 0xff, 0xff,
    0xff, 0xff, 0xff, 0xff, 0xff, 0x0, 0x0, 0x0,
    0x0, 0xcf, 0xff, 0xff, 0xff, 0xff, 0xff, 0xff,
    0xff, 0xff, 0xf6, 0x0, 0x0, 0x0, 0x2f, 0xff,
    0xff, 0xff, 0xff, 0xff, 0xff, 0xff, 0xff, 0xff,
    0xb0, 0x0, 0x0, 0x7, 0xff, 0xff, 0xff, 0xff,
    0xff, 0xff, 0xff, 0xff, 0xff, 0xff, 0x10, 0x0,
    0x0, 0xdf, 0xff, 0xf7, 0x0, 0x0, 0x0, 0x0,
    0x0, 0xef, 0xff, 0xf7, 0x0, 0x0, 0x2f, 0xff,
    0xff, 0x20, 0x0, 0x0, 0x0, 0x0, 0x8, 0xff,
    0xff, 0xc0, 0x0, 0x8, 0xff, 0xff, 0xc0, 0x0,
    0x0, 0x0, 0x0, 0x0, 0x3f, 0xff, 0xff, 0x20,
    0x0, 0xdf, 0xff, 0xf7, 0x0, 0x0, 0x0, 0x0,
    0x0, 0x0, 0xef, 0xff, 0xf7, 0x0, 0x3f, 0xff,
    0xff, 0x20, 0x0, 0x0, 0x0, 0x0, 0x0, 0x8,
    0xff, 0xff, 0xd0, 0x9, 0xff, 0xff, 0xd0, 0x0,
    0x0, 0x0, 0x0, 0x0, 0x0, 0x3f, 0xff, 0xff,
    0x30, 0xef, 0xff, 0xf8, 0x0, 0x0, 0x0, 0x0,
    0x0, 0x0, 0x0, 0xdf, 0xff, 0xf8,

    /* U+00C2 "Â" */
    0x0, 0x0, 0x0, 0x0, 0x0, 0x9, 0xff, 0xff,
    0x30, 0x0, 0x0, 0x0, 0x0, 0x0, 0x0, 0x0,
    0x0, 0x0, 0x9, 0xff, 0xff, 0xfe, 0x20, 0x0,
    0x0, 0x0, 0x0, 0x0, 0x0, 0x0, 0x0, 0x8,
    0xff, 0xfa, 0xef, 0xfe, 0x10, 0x0, 0x0, 0x0,
    0x0, 0x0, 0x0, 0x0, 0x7, 0xff, 0xfc, 0x3,
    0xff, 0xfd, 0x10, 0x0, 0x0, 0x0, 0x0, 0x0,
    0x0, 0x6, 0xff, 0xfe, 0x10, 0x6, 0xff, 0xfc,
    0x0, 0x0, 0x0, 0x0, 0x0, 0x0, 0x0, 0x78,
    0x88, 0x20, 0x0, 0x6, 0x88, 0x84, 0x0, 0x0,
    0x0, 0x0, 0x0, 0x0, 0x0, 0x0, 0x0, 0x0,
    0x0, 0x0, 0x0, 0x0, 0x0, 0x0, 0x0, 0x0,
    0x0, 0x0, 0x0, 0x0, 0x0, 0x0, 0x0, 0x0,
    0x0, 0x0, 0x0, 0x0, 0x0, 0x0, 0x0, 0x0,
    0x0, 0x9f, 0xff, 0xff, 0xf1, 0x0, 0x0, 0x0,
    0x0, 0x0, 0x0, 0x0, 0x0, 0x0, 0xe, 0xff,
    0xff, 0xff, 0x60, 0x0, 0x0, 0x0, 0x0, 0x0,
    0x0, 0x0, 0x0, 0x4, 0xff, 0xff, 0xff, 0xfb,
    0x0, 0x0, 0x0, 0x0, 0x0, 0x0, 0x0, 0x0,
    0x0, 0xaf, 0xff, 0xff, 0xff, 0xf1, 0x0, 0x0,
    0x0, 0x0, 0x0, 0x0, 0x0, 0x0, 0xf, 0xff,
    0xfb, 0xff, 0xff, 0x70, 0x0, 0x0, 0x0, 0x0,
    0x0, 0x0, 0x0, 0x5, 0xff, 0xff, 0x4e, 0xff,
    0xfc, 0x0, 0x0, 0x0, 0x0, 0x0, 0x0, 0x0,
    0x0, 0xaf, 0xff, 0xf0, 0xaf, 0xff, 0xf2, 0x0,
    0x0, 0x0, 0x0, 0x0, 0x0, 0x0, 0xf, 0xff,
    0xfb, 0x5, 0xff, 0xff, 0x80, 0x0, 0x0, 0x0,
    0x0, 0x0, 0x0, 0x5, 0xff, 0xff, 0x70, 0x1f,
    0xff, 0xfd, 0x0, 0x0, 0x0, 0x0, 0x0, 0x0,
    0x0, 0xbf, 0xff, 0xf3, 0x0, 0xcf, 0xff, 0xf3,
    0x0, 0x0, 0x0, 0x0, 0x0, 0x0, 0x1f, 0xff,
    0xfe, 0x0, 0x8, 0xff, 0xff, 0x80, 0x0, 0x0,
    0x0, 0x0, 0x0, 0x6, 0xff, 0xff, 0xa0, 0x0,
    0x3f, 0xff, 0xfe, 0x0, 0x0, 0x0, 0x0, 0x0,
    0x0, 0xbf, 0xff, 0xf5, 0x0, 0x0, 0xef, 0xff,
    0xf4, 0x0, 0x0, 0x0, 0x0, 0x0, 0x1f, 0xff,
    0xff, 0x10, 0x0, 0x9, 0xff, 0xff, 0x90, 0x0,
    0x0, 0x0, 0x0, 0x6, 0xff, 0xff, 0xb0, 0x0,
    0x0, 0x4f, 0xff, 0xff, 0x0, 0x0, 0x0, 0x0,
    0x0, 0xcf, 0xff, 0xf6, 0x0, 0x0, 0x0, 0xef,
    0xff, 0xf5, 0x0, 0x0, 0x0, 0x0, 0x1f, 0xff,
    0xff, 0x10, 0x0, 0x0, 0x9, 0xff, 0xff, 0xa0,
    0x0, 0x0, 0x0, 0x7, 0xff, 0xff, 0xff, 0xff,
    0xff, 0xff, 0xff, 0xff, 0xff, 0x0, 0x0, 0x0,
    0x0, 0xcf, 0xff, 0xff, 0xff, 0xff, 0xff, 0xff,
    0xff, 0xff, 0xf6, 0x0, 0x0, 0x0, 0x2f, 0xff,
    0xff, 0xff, 0xff, 0xff, 0xff, 0xff, 0xff, 0xff,
    0xb0, 0x0, 0x0, 0x7, 0xff, 0xff, 0xff, 0xff,
    0xff, 0xff, 0xff, 0xff, 0xff, 0xff, 0x10, 0x0,
    0x0, 0xdf, 0xff, 0xf7, 0x0, 0x0, 0x0, 0x0,
    0x0, 0xef, 0xff, 0xf7, 0x0, 0x0, 0x2f, 0xff,
    0xff, 0x20, 0x0, 0x0, 0x0, 0x0, 0x8, 0xff,
    0xff, 0xc0, 0x0, 0x8, 0xff, 0xff, 0xc0, 0x0,
    0x0, 0x0, 0x0, 0x0, 0x3f, 0xff, 0xff, 0x20,
    0x0, 0xdf, 0xff, 0xf7, 0x0, 0x0, 0x0, 0x0,
    0x0, 0x0, 0xef, 0xff, 0xf7, 0x0, 0x3f, 0xff,
    0xff, 0x20, 0x0, 0x0, 0x0, 0x0, 0x0, 0x8,
    0xff, 0xff, 0xd0, 0x9, 0xff, 0xff, 0xd0, 0x0,
    0x0, 0x0, 0x0, 0x0, 0x0, 0x3f, 0xff, 0xff,
    0x30, 0xef, 0xff, 0xf8, 0x0, 0x0, 0x0, 0x0,
    0x0, 0x0, 0x0, 0xdf, 0xff, 0xf8,

    /* U+00C3 "Ã" */
    0x0, 0x0, 0x0, 0x0, 0x5, 0xbd, 0xa2, 0x0,
    0xc, 0xdb, 0x0, 0x0, 0x0, 0x0, 0x0, 0x0,
    0x0, 0x5, 0xff, 0xff, 0xf7, 0x3, 0xff, 0xb0,
    0x0, 0x0, 0x0, 0x0, 0x0, 0x0, 0x0, 0xdf,
    0xff, 0xff, 0xff, 0xff, 0xf6, 0x0, 0x0, 0x0,
    0x0, 0x0, 0x0, 0x0, 0x1f, 0xfe, 0x14, 0xef,
    0xff, 0xfe, 0x0, 0x0, 0x0, 0x0, 0x0, 0x0,
    0x0, 0x3, 0xff, 0x90, 0x0, 0x8e, 0xfc, 0x20,
    0x0, 0x0, 0x0, 0x0, 0x0, 0x0, 0x0, 0x0,
    0x0, 0x0, 0x0, 0x0, 0x0, 0x0, 0x0, 0x0,
    0x0, 0x0, 0x0, 0x0, 0x0, 0x0, 0x0, 0x0,
    0x0, 0x0, 0x0, 0x0, 0x0, 0x0, 0x0, 0x0,
    0x0, 0x0, 0x0, 0x0, 0x0, 0x0, 0x0, 0x0,
    0x0, 0x0, 0x0, 0x0, 0x0, 0x0, 0x0, 0x0,
    0x0, 0x9f, 0xff, 0xff, 0xf1, 0x0, 0x0, 0x0,
    0x0, 0x0, 0x0, 0x0, 0x0, 0x0, 0xe, 0xff,
    0xff, 0xff, 0x60, 0x0, 0x0, 0x0, 0x0, 0x0,
    0x0, 0x0, 0x0, 0x4, 0xff, 0xff, 0xff, 0xfb,
    0x0, 0x0, 0x0, 0x0, 0x0, 0x0, 0x0, 0x0,
    0x0, 0xaf, 0xff, 0xff, 0xff, 0xf1, 0x0, 0x0,
    0x0, 0x0, 0x0, 0x0, 0x0, 0x0, 0xf, 0xff,
    0xfb, 0xff, 0xff, 0x70, 0x0, 0x0, 0x0, 0x0,
    0x0, 0x0, 0x0, 0x5, 0xff, 0xff, 0x4e, 0xff,
    0xfc, 0x0, 0x0, 0x0, 0x0, 0x0, 0x0, 0x0,
    0x0, 0xaf, 0xff, 0xf0, 0xaf, 0xff, 0xf2, 0x0,
    0x0, 0x0, 0x0, 0x0, 0x0, 0x0, 0xf, 0xff,
    0xfb, 0x5, 0xff, 0xff, 0x80, 0x0, 0x0, 0x0,
    0x0, 0x0, 0x0, 0x5, 0xff, 0xff, 0x70, 0x1f,
    0xff, 0xfd, 0x0, 0x0, 0x0, 0x0, 0x0, 0x0,
    0x0, 0xbf, 0xff, 0xf3, 0x0, 0xcf, 0xff, 0xf3,
    0x0, 0x0, 0x0, 0x0, 0x0, 0x0, 0x1f, 0xff,
    0xfe, 0x0, 0x8, 0xff, 0xff, 0x80, 0x0, 0x0,
    0x0, 0x0, 0x0, 0x6, 0xff, 0xff, 0xa0, 0x0,
    0x3f, 0xff, 0xfe, 0x0, 0x0, 0x0, 0x0, 0x0,
    0x0, 0xbf, 0xff, 0xf5, 0x0, 0x0, 0xef, 0xff,
    0xf4, 0x0, 0x0, 0x0, 0x0, 0x0, 0x1f, 0xff,
    0xff, 0x10, 0x0, 0x9, 0xff, 0xff, 0x90, 0x0,
    0x0, 0x0, 0x0, 0x6, 0xff, 0xff, 0xb0, 0x0,
    0x0, 0x4f, 0xff, 0xff, 0x0, 0x0, 0x0, 0x0,
    0x0, 0xcf, 0xff, 0xf6, 0x0, 0x0, 0x0, 0xef,
    0xff, 0xf5, 0x0, 0x0, 0x0, 0x0, 0x1f, 0xff,
    0xff, 0x10, 0x0, 0x0, 0x9, 0xff, 0xff, 0xa0,
    0x0, 0x0, 0x0, 0x7, 0xff, 0xff, 0xff, 0xff,
    0xff, 0xff, 0xff, 0xff, 0xff, 0x0, 0x0, 0x0,
    0x0, 0xcf, 0xff, 0xff, 0xff, 0xff, 0xff, 0xff,
    0xff, 0xff, 0xf6, 0x0, 0x0, 0x0, 0x2f, 0xff,
    0xff, 0xff, 0xff, 0xff, 0xff, 0xff, 0xff, 0xff,
    0xb0, 0x0, 0x0, 0x7, 0xff, 0xff, 0xff, 0xff,
    0xff, 0xff, 0xff, 0xff, 0xff, 0xff, 0x10, 0x0,
    0x0, 0xdf, 0xff, 0xf7, 0x0, 0x0, 0x0, 0x0,
    0x0, 0xef, 0xff, 0xf7, 0x0, 0x0, 0x2f, 0xff,
    0xff, 0x20, 0x0, 0x0, 0x0, 0x0, 0x8, 0xff,
    0xff, 0xc0, 0x0, 0x8, 0xff, 0xff, 0xc0, 0x0,
    0x0, 0x0, 0x0, 0x0, 0x3f, 0xff, 0xff, 0x20,
    0x0, 0xdf, 0xff, 0xf7, 0x0, 0x0, 0x0, 0x0,
    0x0, 0x0, 0xef, 0xff, 0xf7, 0x0, 0x3f, 0xff,
    0xff, 0x20, 0x0, 0x0, 0x0, 0x0, 0x0, 0x8,
    0xff, 0xff, 0xd0, 0x9, 0xff, 0xff, 0xd0, 0x0,
    0x0, 0x0, 0x0, 0x0, 0x0, 0x3f, 0xff, 0xff,
    0x30, 0xef, 0xff, 0xf8, 0x0, 0x0, 0x0, 0x0,
    0x0, 0x0, 0x0, 0xdf, 0xff, 0xf8,

    /* U+00C4 "Ä" */
    0x0, 0x0, 0x0, 0x0, 0x9f, 0xd4, 0x0, 0x0,
    0x9e, 0xd5, 0x0, 0x0, 0x0, 0x0, 0x0, 0x0,
    0x0, 0x8f, 0xff, 0xf1, 0x0, 0x7f, 0xff, 0xf2,
    0x0, 0x0, 0x0, 0x0, 0x0, 0x0, 0xc, 0xff,
    0xff, 0x40, 0xb, 0xff, 0xff, 0x50, 0x0, 0x0,
    0x0, 0x0, 0x0, 0x0, 0x9f, 0xff, 0xf1, 0x0,
    0x7f, 0xff, 0xf2, 0x0, 0x0, 0x0, 0x0, 0x0,
    0x0, 0x0, 0xbf, 0xe5, 0x0, 0x0, 0xaf, 0xe6,
    0x0, 0x0, 0x0, 0x0, 0x0, 0x0, 0x0, 0x0,
    0x0, 0x0, 0x0, 0x0, 0x0, 0x0, 0x0, 0x0,
    0x0, 0x0, 0x0, 0x0, 0x0, 0x0, 0x0, 0x0,
    0x0, 0x0, 0x0, 0x0, 0x0, 0x0, 0x0, 0x0,
    0x0, 0x0, 0x0, 0x0, 0x0, 0x0, 0x0, 0x0,
    0x0, 0x0, 0x0, 0x0, 0x0, 0x0, 0x0, 0x0,
    0x0, 0x9f, 0xff, 0xff, 0xf1, 0x0, 0x0, 0x0,
    0x0, 0x0, 0x0, 0x0, 0x0, 0x0, 0xe, 0xff,
    0xff, 0xff, 0x60, 0x0, 0x0, 0x0, 0x0, 0x0,
    0x0, 0x0, 0x0, 0x4, 0xff, 0xff, 0xff, 0xfb,
    0x0, 0x0, 0x0, 0x0, 0x0, 0x0, 0x0, 0x0,
    0x0, 0xaf, 0xff, 0xff, 0xff, 0xf1, 0x0, 0x0,
    0x0, 0x0, 0x0, 0x0, 0x0, 0x0, 0xf, 0xff,
    0xfb, 0xff, 0xff, 0x70, 0x0, 0x0, 0x0, 0x0,
    0x0, 0x0, 0x0, 0x5, 0xff, 0xff, 0x4e, 0xff,
    0xfc, 0x0, 0x0, 0x0, 0x0, 0x0, 0x0, 0x0,
    0x0, 0xaf, 0xff, 0xf0, 0xaf, 0xff, 0xf2, 0x0,
    0x0, 0x0, 0x0, 0x0, 0x0, 0x0, 0xf, 0xff,
    0xfb, 0x5, 0xff, 0xff, 0x80, 0x0, 0x0, 0x0,
    0x0, 0x0, 0x0, 0x5, 0xff, 0xff, 0x70, 0x1f,
    0xff, 0xfd, 0x0, 0x0, 0x0, 0x0, 0x0, 0x0,
    0x0, 0xbf, 0xff, 0xf3, 0x0, 0xcf, 0xff, 0xf3,
    0x0, 0x0, 0x0, 0x0, 0x0, 0x0, 0x1f, 0xff,
    0xfe, 0x0, 0x8, 0xff, 0xff, 0x80, 0x0, 0x0,
    0x0, 0x0, 0x0, 0x6, 0xff, 0xff, 0xa0, 0x0,
    0x3f, 0xff, 0xfe, 0x0, 0x0, 0x0, 0x0, 0x0,
    0x0, 0xbf, 0xff, 0xf5, 0x0, 0x0, 0xef, 0xff,
    0xf4, 0x0, 0x0, 0x0, 0x0, 0x0, 0x1f, 0xff,
    0xff, 0x10, 0x0, 0x9, 0xff, 0xff, 0x90, 0x0,
    0x0, 0x0, 0x0, 0x6, 0xff, 0xff, 0xb0, 0x0,
    0x0, 0x4f, 0xff, 0xff, 0x0, 0x0, 0x0, 0x0,
    0x0, 0xcf, 0xff, 0xf6, 0x0, 0x0, 0x0, 0xef,
    0xff, 0xf5, 0x0, 0x0, 0x0, 0x0, 0x1f, 0xff,
    0xff, 0x10, 0x0, 0x0, 0x9, 0xff, 0xff, 0xa0,
    0x0, 0x0, 0x0, 0x7, 0xff, 0xff, 0xff, 0xff,
    0xff, 0xff, 0xff, 0xff, 0xff, 0x0, 0x0, 0x0,
    0x0, 0xcf, 0xff, 0xff, 0xff, 0xff, 0xff, 0xff,
    0xff, 0xff, 0xf6, 0x0, 0x0, 0x0, 0x2f, 0xff,
    0xff, 0xff, 0xff, 0xff, 0xff, 0xff, 0xff, 0xff,
    0xb0, 0x0, 0x0, 0x7, 0xff, 0xff, 0xff, 0xff,
    0xff, 0xff, 0xff, 0xff, 0xff, 0xff, 0x10, 0x0,
    0x0, 0xdf, 0xff, 0xf7, 0x0, 0x0, 0x0, 0x0,
    0x0, 0xef, 0xff, 0xf7, 0x0, 0x0, 0x2f, 0xff,
    0xff, 0x20, 0x0, 0x0, 0x0, 0x0, 0x8, 0xff,
    0xff, 0xc0, 0x0, 0x8, 0xff, 0xff, 0xc0, 0x0,
    0x0, 0x0, 0x0, 0x0, 0x3f, 0xff, 0xff, 0x20,
    0x0, 0xdf, 0xff, 0xf7, 0x0, 0x0, 0x0, 0x0,
    0x0, 0x0, 0xef, 0xff, 0xf7, 0x0, 0x3f, 0xff,
    0xff, 0x20, 0x0, 0x0, 0x0, 0x0, 0x0, 0x8,
    0xff, 0xff, 0xd0, 0x9, 0xff, 0xff, 0xd0, 0x0,
    0x0, 0x0, 0x0, 0x0, 0x0, 0x3f, 0xff, 0xff,
    0x30, 0xef, 0xff, 0xf8, 0x0, 0x0, 0x0, 0x0,
    0x0, 0x0, 0x0, 0xdf, 0xff, 0xf8,

    /* U+00C5 "Å" */
    0x0, 0x0, 0x0, 0x0, 0x0, 0x7, 0xdf, 0xfb,
    0x40, 0x0, 0x0, 0x0, 0x0, 0x0, 0x0, 0x0,
    0x0, 0x0, 0x1d, 0xff, 0xff, 0xff, 0x70, 0x0,
    0x0, 0x0, 0x0, 0x0, 0x0, 0x0, 0x0, 0xa,
    0xff, 0xd7, 0x8f, 0xff, 0x30, 0x0, 0x0, 0x0,
    0x0, 0x0, 0x0, 0x0, 0x1, 0xff, 0xe0, 0x0,
    0x5f, 0xfa, 0x0, 0x0, 0x0, 0x0, 0x0, 0x0,
    0x0, 0x0, 0x3f, 0xf9, 0x0, 0x0, 0xff, 0xc0,
    0x0, 0x0, 0x0, 0x0, 0x0, 0x0, 0x0, 0x2,
    0xff, 0xb0, 0x0, 0x2f, 0xfb, 0x0, 0x0, 0x0,
    0x0, 0x0, 0x0, 0x0, 0x0, 0xd, 0xff, 0x71,
    0x2c, 0xff, 0x70, 0x0, 0x0, 0x0, 0x0, 0x0,
    0x0, 0x0, 0x0, 0x4f, 0xff, 0xff, 0xff, 0xc0,
    0x0, 0x0, 0x0, 0x0, 0x0, 0x0, 0x0, 0x0,
    0x0, 0x4e, 0xff, 0xff, 0xa1, 0x0, 0x0, 0x0,
    0x0, 0x0, 0x0, 0x0, 0x0, 0x0, 0x0, 0x3,
    0x55, 0x20, 0x0, 0x0, 0x0, 0x0, 0x0, 0x0,
    0x0, 0x0, 0x0, 0x0, 0x9f, 0xff, 0xff, 0xf1,
    0x0, 0x0, 0x0, 0x0, 0x0, 0x0, 0x0, 0x0,
    0x0, 0xe, 0xff, 0xff, 0xff, 0x60, 0x0, 0x0,
    0x0, 0x0, 0x0, 0x0, 0x0, 0x0, 0x4, 0xff,
    0xff, 0xff, 0xfb, 0x0, 0x0, 0x0, 0x0, 0x0,
    0x0, 0x0, 0x0, 0x0, 0xaf, 0xff, 0xff, 0xff,
    0xf1, 0x0, 0x0, 0x0, 0x0, 0x0, 0x0, 0x0,
    0x0, 0xf, 0xff, 0xfb, 0xff, 0xff, 0x70, 0x0,
    0x0, 0x0, 0x0, 0x0, 0x0, 0x0, 0x5, 0xff,
    0xff, 0x4e, 0xff, 0xfc, 0x0, 0x0, 0x0, 0x0,
    0x0, 0x0, 0x0, 0x0, 0xaf, 0xff, 0xf0, 0xaf,
    0xff, 0xf2, 0x0, 0x0, 0x0, 0x0, 0x0, 0x0,
    0x0, 0xf, 0xff, 0xfb, 0x5, 0xff, 0xff, 0x80,
    0x0, 0x0, 0x0, 0x0, 0x0, 0x0, 0x5, 0xff,
    0xff, 0x70, 0x1f, 0xff, 0xfd, 0x0, 0x0, 0x0,
    0x0, 0x0, 0x0, 0x0, 0xbf, 0xff, 0xf3, 0x0,
    0xcf, 0xff, 0xf3, 0x0, 0x0, 0x0, 0x0, 0x0,
    0x0, 0x1f, 0xff, 0xfe, 0x0, 0x8, 0xff, 0xff,
    0x80, 0x0, 0x0, 0x0, 0x0, 0x0, 0x6, 0xff,
    0xff, 0xa0, 0x0, 0x3f, 0xff, 0xfe, 0x0, 0x0,
    0x0, 0x0, 0x0, 0x0, 0xbf, 0xff, 0xf5, 0x0,
    0x0, 0xef, 0xff, 0xf4, 0x0, 0x0, 0x0, 0x0,
    0x0, 0x1f, 0xff, 0xff, 0x10, 0x0, 0x9, 0xff,
    0xff, 0x90, 0x0, 0x0, 0x0, 0x0, 0x6, 0xff,
    0xff, 0xb0, 0x0, 0x0, 0x4f, 0xff, 0xff, 0x0,
    0x0, 0x0, 0x0, 0x0, 0xcf, 0xff, 0xf6, 0x0,
    0x0, 0x0, 0xef, 0xff, 0xf5, 0x0, 0x0, 0x0,
    0x0, 0x1f, 0xff, 0xff, 0x10, 0x0, 0x0, 0x9,
    0xff, 0xff, 0xa0, 0x0, 0x0, 0x0, 0x7, 0xff,
    0xff, 0xff, 0xff, 0xff, 0xff, 0xff, 0xff, 0xff,
    0x0, 0x0, 0x0, 0x0, 0xcf, 0xff, 0xff, 0xff,
    0xff, 0xff, 0xff, 0xff, 0xff, 0xf6, 0x0, 0x0,
    0x0, 0x2f, 0xff, 0xff, 0xff, 0xff, 0xff, 0xff,
    0xff, 0xff, 0xff, 0xb0, 0x0, 0x0, 0x7, 0xff,
    0xff, 0xff, 0xff, 0xff, 0xff, 0xff, 0xff, 0xff,
    0xff, 0x10, 0x0, 0x0, 0xdf, 0xff, 0xf7, 0x0,
    0x0, 0x0, 0x0, 0x0, 0xef, 0xff, 0xf7, 0x0,
    0x0, 0x2f, 0xff, 0xff, 0x20, 0x0, 0x0, 0x0,
    0x0, 0x8, 0xff, 0xff, 0xc0, 0x0, 0x8, 0xff,
    0xff, 0xc0, 0x0, 0x0, 0x0, 0x0, 0x0, 0x3f,
    0xff, 0xff, 0x20, 0x0, 0xdf, 0xff, 0xf7, 0x0,
    0x0, 0x0, 0x0, 0x0, 0x0, 0xef, 0xff, 0xf7,
    0x0, 0x3f, 0xff, 0xff, 0x20, 0x0, 0x0, 0x0,
    0x0, 0x0, 0x8, 0xff, 0xff, 0xd0, 0x9, 0xff,
    0xff, 0xd0, 0x0, 0x0, 0x0, 0x0, 0x0, 0x0,
    0x3f, 0xff, 0xff, 0x30, 0xef, 0xff, 0xf8, 0x0,
    0x0, 0x0, 0x0, 0x0, 0x0, 0x0, 0xdf, 0xff,
    0xf8,

    /* U+00C6 "Æ" */
    0x0, 0x0, 0x0, 0x0, 0x0, 0x0, 0xe, 0xff,
    0xff, 0xff, 0xff, 0xff, 0xff, 0xff, 0xff, 0xff,
    0xff, 0xff, 0x30, 0x0, 0x0, 0x0, 0x0, 0x0,
    0x5, 0xff, 0xff, 0xff, 0xff, 0xff, 0xff, 0xff,
    0xff, 0xff, 0xff, 0xff, 0xf3, 0x0, 0x0, 0x0,
    0x0, 0x0, 0x0, 0xcf, 0xff, 0xff, 0xff, 0xff,
    0xff, 0xff, 0xff, 0xff, 0xff, 0xff, 0xff, 0x30,
    0x0, 0x0, 0x0, 0x0, 0x0, 0x3f, 0xff, 0xfc,
    0x29, 0xff, 0xff, 0xff, 0xff, 0xff, 0xff, 0xff,
    0xff, 0xf3, 0x0, 0x0, 0x0, 0x0, 0x0, 0xa,
    0xff, 0xff, 0x60, 0x8f, 0xff, 0xf5, 0x22, 0x22,
    0x22, 0x22, 0x22, 0x22, 0x0, 0x0, 0x0, 0x0,
    0x0, 0x1, 0xff, 0xff, 0xe0, 0x8, 0xff, 0xff,
    0x30, 0x0, 0x0, 0x0, 0x0, 0x0, 0x0, 0x0,
    0x0, 0x0, 0x0, 0x0, 0x8f, 0xff, 0xf8, 0x0,
    0x8f, 0xff, 0xf3, 0x0, 0x0, 0x0, 0x0, 0x0,
    0x0, 0x0, 0x0, 0x0, 0x0, 0x0, 0xf, 0xff,
    0xff, 0x20, 0x8, 0xff, 0xff, 0x30, 0x0, 0x0,
    0x0, 0x0, 0x0, 0x0, 0x0, 0x0, 0x0, 0x0,
    0x7, 0xff, 0xff, 0xb0, 0x0, 0x8f, 0xff, 0xf3,
    0x0, 0x0, 0x0, 0x0, 0x0, 0x0, 0x0, 0x0,
    0x0, 0x0, 0x0, 0xdf, 0xff, 0xf4, 0x0, 0x8,
    0xff, 0xff, 0x30, 0x0, 0x0, 0x0, 0x0, 0x0,
    0x0, 0x0, 0x0, 0x0, 0x0, 0x5f, 0xff, 0xfd,
    0x0, 0x0, 0x8f, 0xff, 0xf3, 0x0, 0x0, 0x0,
    0x0, 0x0, 0x0, 0x0, 0x0, 0x0, 0x0, 0xc,
    0xff, 0xff, 0x60, 0x0, 0x8, 0xff, 0xff, 0x30,
    0x0, 0x0, 0x0, 0x0, 0x0, 0x0, 0x0, 0x0,
    0x0, 0x3, 0xff, 0xff, 0xf0, 0x0, 0x0, 0x8f,
    0xff, 0xff, 0xff, 0xff, 0xff, 0xff, 0xff, 0xf4,
    0x0, 0x0, 0x0, 0x0, 0xaf, 0xff, 0xf9, 0x0,
    0x0, 0x8, 0xff, 0xff, 0xff, 0xff, 0xff, 0xff,
    0xff, 0xff, 0x40, 0x0, 0x0, 0x0, 0x1f, 0xff,
    0xff, 0x20, 0x0, 0x0, 0x8f, 0xff, 0xff, 0xff,
    0xff, 0xff, 0xff, 0xff, 0xf4, 0x0, 0x0, 0x0,
    0x8, 0xff, 0xff, 0xc0, 0x0, 0x0, 0x8, 0xff,
    0xff, 0xff, 0xff, 0xff, 0xff, 0xff, 0xff, 0x40,
    0x0, 0x0, 0x0, 0xef, 0xff, 0xf5, 0x0, 0x0,
    0x0, 0x8f, 0xff, 0xf5, 0x11, 0x11, 0x11, 0x11,
    0x11, 0x10, 0x0, 0x0, 0x0, 0x6f, 0xff, 0xff,
    0xba, 0xaa, 0xaa, 0xad, 0xff, 0xff, 0x30, 0x0,
    0x0, 0x0, 0x0, 0x0, 0x0, 0x0, 0x0, 0xd,
    0xff, 0xff, 0xff, 0xff, 0xff, 0xff, 0xff, 0xff,
    0xf3, 0x0, 0x0, 0x0, 0x0, 0x0, 0x0, 0x0,
    0x0, 0x5, 0xff, 0xff, 0xff, 0xff, 0xff, 0xff,
    0xff, 0xff, 0xff, 0x30, 0x0, 0x0, 0x0, 0x0,
    0x0, 0x0, 0x0, 0x0, 0xcf, 0xff, 0xff, 0xff,
    0xff, 0xff, 0xff, 0xff, 0xff, 0xf3, 0x0, 0x0,
    0x0, 0x0, 0x0, 0x0, 0x0, 0x0, 0x3f, 0xff,
    0xff, 0x20, 0x0, 0x0, 0x0, 0x8, 0xff, 0xff,
    0x30, 0x0, 0x0, 0x0, 0x0, 0x0, 0x0, 0x0,
    0xa, 0xff, 0xff, 0xb0, 0x0, 0x0, 0x0, 0x0,
    0x8f, 0xff, 0xf3, 0x0, 0x0, 0x0, 0x0, 0x0,
    0x0, 0x0, 0x1, 0xff, 0xff, 0xf5, 0x0, 0x0,
    0x0, 0x0, 0x8, 0xff, 0xff, 0x52, 0x22, 0x22,
    0x22, 0x22, 0x22, 0x20, 0x0, 0x8f, 0xff, 0xfe,
    0x0, 0x0, 0x0, 0x0, 0x0, 0x8f, 0xff, 0xff,
    0xff, 0xff, 0xff, 0xff, 0xff, 0xff, 0x50, 0xe,
    0xff, 0xff, 0x70, 0x0, 0x0, 0x0, 0x0, 0x8,
    0xff, 0xff, 0xff, 0xff, 0xff, 0xff, 0xff, 0xff,
    0xf5, 0x6, 0xff, 0xff, 0xf1, 0x0, 0x0, 0x0,
    0x0, 0x0, 0x8f, 0xff, 0xff, 0xff, 0xff, 0xff,
    0xff, 0xff, 0xff, 0x50, 0xdf, 0xff, 0xf9, 0x0,
    0x0, 0x0, 0x0, 0x0, 0x8, 0xff, 0xff, 0xff,
    0xff, 0xff, 0xff, 0xff, 0xff, 0xf5,

    /* U+00C7 "Ç" */
    0x0, 0x0, 0x0, 0x0, 0x5, 0xad, 0xef, 0xfd,
    0xb7, 0x10, 0x0, 0x0, 0x0, 0x0, 0x0, 0x0,
    0x8, 0xff, 0xff, 0xff, 0xff, 0xff, 0xf9, 0x10,
    0x0, 0x0, 0x0, 0x0, 0x3, 0xdf, 0xff, 0xff,
    0xff, 0xff, 0xff, 0xff, 0xe5, 0x0, 0x0, 0x0,
    0x0, 0x4f, 0xff, 0xff, 0xff, 0xff, 0xff, 0xff,
    0xff, 0xff, 0x50, 0x0, 0x0, 0x2, 0xff, 0xff,
    0xff, 0xfc, 0x87, 0x8a, 0xff, 0xff, 0xff, 0xf3,
    0x0, 0x0, 0xd, 0xff, 0xff, 0xfa, 0x20, 0x0,
    0x0, 0x8, 0xff, 0xff, 0xfd, 0x0, 0x0, 0x6f,
    0xff, 0xff, 0x80, 0x0, 0x0, 0x0, 0x0, 0x4f,
    0xff, 0xff, 0x50, 0x0, 0xef, 0xff, 0xfa, 0x0,
    0x0, 0x0, 0x0, 0x0, 0x8, 0xff, 0xff, 0xb0,
    0x4, 0xff, 0xff, 0xf1, 0x0, 0x0, 0x0, 0x0,
    0x0, 0x1, 0xff, 0xff, 0xf0, 0x8, 0xff, 0xff,
    0x90, 0x0, 0x0, 0x0, 0x0, 0x0, 0x0, 0x67,
    0x77, 0x71, 0xc, 0xff, 0xff, 0x40, 0x0, 0x0,
    0x0, 0x0, 0x0, 0x0, 0x0, 0x0, 0x0, 0xe,
    0xff, 0xff, 0x10, 0x0, 0x0, 0x0, 0x0, 0x0,
    0x0, 0x0, 0x0, 0x0, 0xf, 0xff, 0xff, 0x0,
    0x0, 0x0, 0x0, 0x0, 0x0, 0x0, 0x0, 0x0,
    0x0, 0x1f, 0xff, 0xfe, 0x0, 0x0, 0x0, 0x0,
    0x0, 0x0, 0x0, 0x0, 0x0, 0x0, 0x1f, 0xff,
    0xfe, 0x0, 0x0, 0x0, 0x0, 0x0, 0x0, 0x0,
    0x0, 0x0, 0x0, 0xf, 0xff, 0xff, 0x0, 0x0,
    0x0, 0x0, 0x0, 0x0, 0x0, 0x0, 0x0, 0x0,
    0xe, 0xff, 0xff, 0x10, 0x0, 0x0, 0x0, 0x0,
    0x0, 0x0, 0x0, 0x0, 0x0, 0xc, 0xff, 0xff,
    0x40, 0x0, 0x0, 0x0, 0x0, 0x0, 0x0, 0x0,
    0x0, 0x0, 0x9, 0xff, 0xff, 0x90, 0x0, 0x0,
    0x0, 0x0, 0x0, 0x0, 0x67, 0x77, 0x71, 0x4,
    0xff, 0xff, 0xf1, 0x0, 0x0, 0x0, 0x0, 0x0,
    0x1, 0xff, 0xff, 0xf0, 0x0, 0xef, 0xff, 0xfa,
    0x0, 0x0, 0x0, 0x0, 0x0, 0x8, 0xff, 0xff,
    0xb0, 0x0, 0x7f, 0xff, 0xff, 0x70, 0x0, 0x0,
    0x0, 0x0, 0x4f, 0xff, 0xff, 0x50, 0x0, 0xd,
    0xff, 0xff, 0xfa, 0x10, 0x0, 0x0, 0x7, 0xff,
    0xff, 0xfc, 0x0, 0x0, 0x2, 0xff, 0xff, 0xff,
    0xfc, 0x87, 0x7a, 0xff, 0xff, 0xff, 0xf2, 0x0,
    0x0, 0x0, 0x4f, 0xff, 0xff, 0xff, 0xff, 0xff,
    0xff, 0xff, 0xff, 0x40, 0x0, 0x0, 0x0, 0x3,
    0xef, 0xff, 0xff, 0xff, 0xff, 0xff, 0xff, 0xe4,
    0x0, 0x0, 0x0, 0x0, 0x0, 0x18, 0xff, 0xff,
    0xff, 0xff, 0xff, 0xf9, 0x0, 0x0, 0x0, 0x0,
    0x0, 0x0, 0x0, 0x16, 0xad, 0xff, 0xfd, 0xb7,
    0x10, 0x0, 0x0, 0x0, 0x0, 0x0, 0x0, 0x0,
    0x0, 0x0, 0xbf, 0x80, 0x0, 0x0, 0x0, 0x0,
    0x0, 0x0, 0x0, 0x0, 0x0, 0x0, 0x0, 0xdf,
    0xc6, 0x20, 0x0, 0x0, 0x0, 0x0, 0x0, 0x0,
    0x0, 0x0, 0x0, 0x0, 0xff, 0xff, 0xf5, 0x0,
    0x0, 0x0, 0x0, 0x0, 0x0, 0x0, 0x0, 0x0,
    0x0, 0x55, 0x7f, 0xfe, 0x0, 0x0, 0x0, 0x0,
    0x0, 0x0, 0x0, 0x0, 0x0, 0x0, 0x0, 0xc,
    0xff, 0x0, 0x0, 0x0, 0x0, 0x0, 0x0, 0x0,
    0x0, 0x0, 0x1, 0x11, 0x4f, 0xff, 0x0, 0x0,
    0x0, 0x0, 0x0, 0x0, 0x0, 0x0, 0x0, 0xc,
    0xff, 0xff, 0xf9, 0x0, 0x0, 0x0, 0x0, 0x0,
    0x0, 0x0, 0x0, 0x0, 0xc, 0xff, 0xfd, 0x70,
    0x0, 0x0, 0x0, 0x0,

    /* U+00C8 "È" */
    0x0, 0x0, 0x5f, 0xff, 0xf4, 0x0, 0x0, 0x0,
    0x0, 0x0, 0x0, 0x0, 0xaf, 0xff, 0xb0, 0x0,
    0x0, 0x0, 0x0, 0x0, 0x0, 0x1, 0xef, 0xff,
    0x20, 0x0, 0x0, 0x0, 0x0, 0x0, 0x0, 0x5,
    0xff, 0xfa, 0x0, 0x0, 0x0, 0x0, 0x0, 0x0,
    0x0, 0xb, 0xff, 0xf1, 0x0, 0x0, 0x0, 0x0,
    0x0, 0x0, 0x0, 0x1a, 0xbb, 0x50, 0x0, 0x0,
    0x0, 0x0, 0x0, 0x0, 0x0, 0x0, 0x0, 0x0,
    0x0, 0x0, 0x0, 0x0, 0x0, 0x0, 0x0, 0x0,
    0x0, 0x0, 0x0, 0x0, 0x3f, 0xff, 0xff, 0xff,
    0xff, 0xff, 0xff, 0xff, 0xff, 0xc3, 0xff, 0xff,
    0xff, 0xff, 0xff, 0xff, 0xff, 0xff, 0xfc, 0x3f,
    0xff, 0xff, 0xff, 0xff, 0xff, 0xff, 0xff, 0xff,
    0xc3, 0xff, 0xff, 0xff, 0xff, 0xff, 0xff, 0xff,
    0xff, 0xfc, 0x3f, 0xff, 0xfc, 0x22, 0x22, 0x22,
    0x22, 0x22, 0x22, 0x23, 0xff, 0xff, 0xb0, 0x0,
    0x0, 0x0, 0x0, 0x0, 0x0, 0x3f, 0xff, 0xfb,
    0x0, 0x0, 0x0, 0x0, 0x0, 0x0, 0x3, 0xff,
    0xff, 0xb0, 0x0, 0x0, 0x0, 0x0, 0x0, 0x0,
    0x3f, 0xff, 0xfb, 0x0, 0x0, 0x0, 0x0, 0x0,
    0x0, 0x3, 0xff, 0xff, 0xb0, 0x0, 0x0, 0x0,
    0x0, 0x0, 0x0, 0x3f, 0xff, 0xfb, 0x0, 0x0,
    0x0, 0x0, 0x0, 0x0, 0x3, 0xff, 0xff, 0xb0,
    0x0, 0x0, 0x0, 0x0, 0x0, 0x0, 0x3f, 0xff,
    0xff, 0xff, 0xff, 0xff, 0xff, 0xff, 0xfc, 0x3,
    0xff, 0xff, 0xff, 0xff, 0xff, 0xff, 0xff, 0xff,
    0xc0, 0x3f, 0xff, 0xff, 0xff, 0xff, 0xff, 0xff,
    0xff, 0xfc, 0x3, 0xff, 0xff, 0xff, 0xff, 0xff,
    0xff, 0xff, 0xff, 0xc0, 0x3f, 0xff, 0xfc, 0x22,
    0x22, 0x22, 0x22, 0x22, 0x21, 0x3, 0xff, 0xff,
    0xb0, 0x0, 0x0, 0x0, 0x0, 0x0, 0x0, 0x3f,
    0xff, 0xfb, 0x0, 0x0, 0x0, 0x0, 0x0, 0x0,
    0x3, 0xff, 0xff, 0xb0, 0x0, 0x0, 0x0, 0x0,
    0x0, 0x0, 0x3f, 0xff, 0xfb, 0x0, 0x0, 0x0,
    0x0, 0x0, 0x0, 0x3, 0xff, 0xff, 0xb0, 0x0,
    0x0, 0x0, 0x0, 0x0, 0x0, 0x3f, 0xff, 0xfb,
    0x0, 0x0, 0x0, 0x0, 0x0, 0x0, 0x3, 0xff,
    0xff, 0xc2, 0x22, 0x22, 0x22, 0x22, 0x22, 0x22,
    0x3f, 0xff, 0xff, 0xff, 0xff, 0xff, 0xff, 0xff,
    0xff, 0xd3, 0xff, 0xff, 0xff, 0xff, 0xff, 0xff,
    0xff, 0xff, 0xfd, 0x3f, 0xff, 0xff, 0xff, 0xff,
    0xff, 0xff, 0xff, 0xff, 0xd3, 0xff, 0xff, 0xff,
    0xff, 0xff, 0xff, 0xff, 0xff, 0xfd,

    /* U+00C9 "É" */
    0x0, 0x0, 0x0, 0x0, 0x0, 0xaf, 0xff, 0xd0,
    0x0, 0x0, 0x0, 0x0, 0x0, 0x0, 0x2f, 0xff,
    0xf4, 0x0, 0x0, 0x0, 0x0, 0x0, 0x0, 0x9,
    0xff, 0xf9, 0x0, 0x0, 0x0, 0x0, 0x0, 0x0,
    0x1, 0xff, 0xfe, 0x0, 0x0, 0x0, 0x0, 0x0,
    0x0, 0x0, 0x7f, 0xff, 0x40, 0x0, 0x0, 0x0,
    0x0, 0x0, 0x0, 0x9, 0xbb, 0x70, 0x0, 0x0,
    0x0, 0x0, 0x0, 0x0, 0x0, 0x0, 0x0, 0x0,
    0x0, 0x0, 0x0, 0x0, 0x0, 0x0, 0x0, 0x0,
    0x0, 0x0, 0x0, 0x0, 0x3f, 0xff, 0xff, 0xff,
    0xff, 0xff, 0xff, 0xff, 0xff, 0xc3, 0xff, 0xff,
    0xff, 0xff, 0xff, 0xff, 0xff, 0xff, 0xfc, 0x3f,
    0xff, 0xff, 0xff, 0xff, 0xff, 0xff, 0xff, 0xff,
    0xc3, 0xff, 0xff, 0xff, 0xff, 0xff, 0xff, 0xff,
    0xff, 0xfc, 0x3f, 0xff, 0xfc, 0x22, 0x22, 0x22,
    0x22, 0x22, 0x22, 0x23, 0xff, 0xff, 0xb0, 0x0,
    0x0, 0x0, 0x0, 0x0, 0x0, 0x3f, 0xff, 0xfb,
    0x0, 0x0, 0x0, 0x0, 0x0, 0x0, 0x3, 0xff,
    0xff, 0xb0, 0x0, 0x0, 0x0, 0x0, 0x0, 0x0,
    0x3f, 0xff, 0xfb, 0x0, 0x0, 0x0, 0x0, 0x0,
    0x0, 0x3, 0xff, 0xff, 0xb0, 0x0, 0x0, 0x0,
    0x0, 0x0, 0x0, 0x3f, 0xff, 0xfb, 0x0, 0x0,
    0x0, 0x0, 0x0, 0x0, 0x3, 0xff, 0xff, 0xb0,
    0x0, 0x0, 0x0, 0x0, 0x0, 0x0, 0x3f, 0xff,
    0xff, 0xff, 0xff, 0xff, 0xff, 0xff, 0xfc, 0x3,
    0xff, 0xff, 0xff, 0xff, 0xff, 0xff, 0xff, 0xff,
    0xc0, 0x3f, 0xff, 0xff, 0xff, 0xff, 0xff, 0xff,
    0xff, 0xfc, 0x3, 0xff, 0xff, 0xff, 0xff, 0xff,
    0xff, 0xff, 0xff, 0xc0, 0x3f, 0xff, 0xfc, 0x22,
    0x22, 0x22, 0x22, 0x22, 0x21, 0x3, 0xff, 0xff,
    0xb0, 0x0, 0x0, 0x0, 0x0, 0x0, 0x0, 0x3f,
    0xff, 0xfb, 0x0, 0x0, 0x0, 0x0, 0x0, 0x0,
    0x3, 0xff, 0xff, 0xb0, 0x0, 0x0, 0x0, 0x0,
    0x0, 0x0, 0x3f, 0xff, 0xfb, 0x0, 0x0, 0x0,
    0x0, 0x0, 0x0, 0x3, 0xff, 0xff, 0xb0, 0x0,
    0x0, 0x0, 0x0, 0x0, 0x0, 0x3f, 0xff, 0xfb,
    0x0, 0x0, 0x0, 0x0, 0x0, 0x0, 0x3, 0xff,
    0xff, 0xc2, 0x22, 0x22, 0x22, 0x22, 0x22, 0x22,
    0x3f, 0xff, 0xff, 0xff, 0xff, 0xff, 0xff, 0xff,
    0xff, 0xd3, 0xff, 0xff, 0xff, 0xff, 0xff, 0xff,
    0xff, 0xff, 0xfd, 0x3f, 0xff, 0xff, 0xff, 0xff,
    0xff, 0xff, 0xff, 0xff, 0xd3, 0xff, 0xff, 0xff,
    0xff, 0xff, 0xff, 0xff, 0xff, 0xfd,

    /* U+00CA "Ê" */
    0x0, 0x0, 0x0, 0x9, 0xff, 0xff, 0x40, 0x0,
    0x0, 0x0, 0x0, 0x0, 0x8, 0xff, 0xff, 0xff,
    0x30, 0x0, 0x0, 0x0, 0x0, 0x7, 0xff, 0xfa,
    0xef, 0xfe, 0x20, 0x0, 0x0, 0x0, 0x6, 0xff,
    0xfc, 0x3, 0xff, 0xfd, 0x10, 0x0, 0x0, 0x5,
    0xff, 0xfe, 0x10, 0x5, 0xff, 0xfd, 0x0, 0x0,
    0x0, 0x78, 0x88, 0x30, 0x0, 0x6, 0x88, 0x84,
    0x0, 0x0, 0x0, 0x0, 0x0, 0x0, 0x0, 0x0,
    0x0, 0x0, 0x0, 0x0, 0x0, 0x0, 0x0, 0x0,
    0x0, 0x0, 0x0, 0x0, 0x3f, 0xff, 0xff, 0xff,
    0xff, 0xff, 0xff, 0xff, 0xff, 0xc3, 0xff, 0xff,
    0xff, 0xff, 0xff, 0xff, 0xff, 0xff, 0xfc, 0x3f,
    0xff, 0xff, 0xff, 0xff, 0xff, 0xff, 0xff, 0xff,
    0xc3, 0xff, 0xff, 0xff, 0xff, 0xff, 0xff, 0xff,
    0xff, 0xfc, 0x3f, 0xff, 0xfc, 0x22, 0x22, 0x22,
    0x22, 0x22, 0x22, 0x23, 0xff, 0xff, 0xb0, 0x0,
    0x0, 0x0, 0x0, 0x0, 0x0, 0x3f, 0xff, 0xfb,
    0x0, 0x0, 0x0, 0x0, 0x0, 0x0, 0x3, 0xff,
    0xff, 0xb0, 0x0, 0x0, 0x0, 0x0, 0x0, 0x0,
    0x3f, 0xff, 0xfb, 0x0, 0x0, 0x0, 0x0, 0x0,
    0x0, 0x3, 0xff, 0xff, 0xb0, 0x0, 0x0, 0x0,
    0x0, 0x0, 0x0, 0x3f, 0xff, 0xfb, 0x0, 0x0,
    0x0, 0x0, 0x0, 0x0, 0x3, 0xff, 0xff, 0xb0,
    0x0, 0x0, 0x0, 0x0, 0x0, 0x0, 0x3f, 0xff,
    0xff, 0xff, 0xff, 0xff, 0xff, 0xff, 0xfc, 0x3,
    0xff, 0xff, 0xff, 0xff, 0xff, 0xff, 0xff, 0xff,
    0xc0, 0x3f, 0xff, 0xff, 0xff, 0xff, 0xff, 0xff,
    0xff, 0xfc, 0x3, 0xff, 0xff, 0xff, 0xff, 0xff,
    0xff, 0xff, 0xff, 0xc0, 0x3f, 0xff, 0xfc, 0x22,
    0x22, 0x22, 0x22, 0x22, 0x21, 0x3, 0xff, 0xff,
    0xb0, 0x0, 0x0, 0x0, 0x0, 0x0, 0x0, 0x3f,
    0xff, 0xfb, 0x0, 0x0, 0x0, 0x0, 0x0, 0x0,
    0x3, 0xff, 0xff, 0xb0, 0x0, 0x0, 0x0, 0x0,
    0x0, 0x0, 0x3f, 0xff, 0xfb, 0x0, 0x0, 0x0,
    0x0, 0x0, 0x0, 0x3, 0xff, 0xff, 0xb0, 0x0,
    0x0, 0x0, 0x0, 0x0, 0x0, 0x3f, 0xff, 0xfb,
    0x0, 0x0, 0x0, 0x0, 0x0, 0x0, 0x3, 0xff,
    0xff, 0xc2, 0x22, 0x22, 0x22, 0x22, 0x22, 0x22,
    0x3f, 0xff, 0xff, 0xff, 0xff, 0xff, 0xff, 0xff,
    0xff, 0xd3, 0xff, 0xff, 0xff, 0xff, 0xff, 0xff,
    0xff, 0xff, 0xfd, 0x3f, 0xff, 0xff, 0xff, 0xff,
    0xff, 0xff, 0xff, 0xff, 0xd3, 0xff, 0xff, 0xff,
    0xff, 0xff, 0xff, 0xff, 0xff, 0xfd,

    /* U+00CB "Ë" */
    0x0, 0x0, 0x9f, 0xd4, 0x0, 0x0, 0x9e, 0xd5,
    0x0, 0x0, 0x0, 0x8f, 0xff, 0xf1, 0x0, 0x7f,
    0xff, 0xf2, 0x0, 0x0, 0xb, 0xff, 0xff, 0x40,
    0xa, 0xff, 0xff, 0x60, 0x0, 0x0, 0x8f, 0xff,
    0xf2, 0x0, 0x7f, 0xff, 0xf3, 0x0, 0x0, 0x0,
    0xaf, 0xe5, 0x0, 0x0, 0xaf, 0xe6, 0x0, 0x0,
    0x0, 0x0, 0x0, 0x0, 0x0, 0x0, 0x0, 0x0,
    0x0, 0x0, 0x0, 0x0, 0x0, 0x0, 0x0, 0x0,
    0x0, 0x0, 0x0, 0x0, 0x0, 0x0, 0x0, 0x0,
    0x0, 0x0, 0x0, 0x0, 0x3f, 0xff, 0xff, 0xff,
    0xff, 0xff, 0xff, 0xff, 0xff, 0xc3, 0xff, 0xff,
    0xff, 0xff, 0xff, 0xff, 0xff, 0xff, 0xfc, 0x3f,
    0xff, 0xff, 0xff, 0xff, 0xff, 0xff, 0xff, 0xff,
    0xc3, 0xff, 0xff, 0xff, 0xff, 0xff, 0xff, 0xff,
    0xff, 0xfc, 0x3f, 0xff, 0xfc, 0x22, 0x22, 0x22,
    0x22, 0x22, 0x22, 0x23, 0xff, 0xff, 0xb0, 0x0,
    0x0, 0x0, 0x0, 0x0, 0x0, 0x3f, 0xff, 0xfb,
    0x0, 0x0, 0x0, 0x0, 0x0, 0x0, 0x3, 0xff,
    0xff, 0xb0, 0x0, 0x0, 0x0, 0x0, 0x0, 0x0,
    0x3f, 0xff, 0xfb, 0x0, 0x0, 0x0, 0x0, 0x0,
    0x0, 0x3, 0xff, 0xff, 0xb0, 0x0, 0x0, 0x0,
    0x0, 0x0, 0x0, 0x3f, 0xff, 0xfb, 0x0, 0x0,
    0x0, 0x0, 0x0, 0x0, 0x3, 0xff, 0xff, 0xb0,
    0x0, 0x0, 0x0, 0x0, 0x0, 0x0, 0x3f, 0xff,
    0xff, 0xff, 0xff, 0xff, 0xff, 0xff, 0xfc, 0x3,
    0xff, 0xff, 0xff, 0xff, 0xff, 0xff, 0xff, 0xff,
    0xc0, 0x3f, 0xff, 0xff, 0xff, 0xff, 0xff, 0xff,
    0xff, 0xfc, 0x3, 0xff, 0xff, 0xff, 0xff, 0xff,
    0xff, 0xff, 0xff, 0xc0, 0x3f, 0xff, 0xfc, 0x22,
    0x22, 0x22, 0x22, 0x22, 0x21, 0x3, 0xff, 0xff,
    0xb0, 0x0, 0x0, 0x0, 0x0, 0x0, 0x0, 0x3f,
    0xff, 0xfb, 0x0, 0x0, 0x0, 0x0, 0x0, 0x0,
    0x3, 0xff, 0xff, 0xb0, 0x0, 0x0, 0x0, 0x0,
    0x0, 0x0, 0x3f, 0xff, 0xfb, 0x0, 0x0, 0x0,
    0x0, 0x0, 0x0, 0x3, 0xff, 0xff, 0xb0, 0x0,
    0x0, 0x0, 0x0, 0x0, 0x0, 0x3f, 0xff, 0xfb,
    0x0, 0x0, 0x0, 0x0, 0x0, 0x0, 0x3, 0xff,
    0xff, 0xc2, 0x22, 0x22, 0x22, 0x22, 0x22, 0x22,
    0x3f, 0xff, 0xff, 0xff, 0xff, 0xff, 0xff, 0xff,
    0xff, 0xd3, 0xff, 0xff, 0xff, 0xff, 0xff, 0xff,
    0xff, 0xff, 0xfd, 0x3f, 0xff, 0xff, 0xff, 0xff,
    0xff, 0xff, 0xff, 0xff, 0xd3, 0xff, 0xff, 0xff,
    0xff, 0xff, 0xff, 0xff, 0xff, 0xfd,

    /* U+00CC "Ì" */
    0xd, 0xff, 0xfb, 0x0, 0x0, 0x3f, 0xff, 0xf3,
    0x0, 0x0, 0x8f, 0xff, 0xa0, 0x0, 0x0, 0xdf,
    0xff, 0x10, 0x0, 0x3, 0xff, 0xf8, 0x0, 0x0,
    0x7, 0xbb, 0xa0, 0x0, 0x0, 0x0, 0x0, 0x0,
    0x0, 0x0, 0x0, 0x0, 0x0, 0x3, 0xff, 0xff,
    0xb0, 0x0, 0x3f, 0xff, 0xfb, 0x0, 0x3, 0xff,
    0xff, 0xb0, 0x0, 0x3f, 0xff, 0xfb, 0x0, 0x3,
    0xff, 0xff, 0xb0, 0x0, 0x3f, 0xff, 0xfb, 0x0,
    0x3, 0xff, 0xff, 0xb0, 0x0, 0x3f, 0xff, 0xfb,
    0x0, 0x3, 0xff, 0xff, 0xb0, 0x0, 0x3f, 0xff,
    0xfb, 0x0, 0x3, 0xff, 0xff, 0xb0, 0x0, 0x3f,
    0xff, 0xfb, 0x0, 0x3, 0xff, 0xff, 0xb0, 0x0,
    0x3f, 0xff, 0xfb, 0x0, 0x3, 0xff, 0xff, 0xb0,
    0x0, 0x3f, 0xff, 0xfb, 0x0, 0x3, 0xff, 0xff,
    0xb0, 0x0, 0x3f, 0xff, 0xfb, 0x0, 0x3, 0xff,
    0xff, 0xb0, 0x0, 0x3f, 0xff, 0xfb, 0x0, 0x3,
    0xff, 0xff, 0xb0, 0x0, 0x3f, 0xff, 0xfb, 0x0,
    0x3, 0xff, 0xff, 0xb0, 0x0, 0x3f, 0xff, 0xfb,
    0x0, 0x3, 0xff, 0xff, 0xb0, 0x0, 0x3f, 0xff,
    0xfb, 0x0, 0x3, 0xff, 0xff, 0xb0, 0x0, 0x3f,
    0xff, 0xfb,

    /* U+00CD "Í" */
    0x0, 0x3, 0xff, 0xff, 0x50, 0x0, 0xaf, 0xff,
    0xb0, 0x0, 0x2f, 0xff, 0xe1, 0x0, 0x9, 0xff,
    0xf6, 0x0, 0x1, 0xff, 0xfb, 0x0, 0x0, 0x4b,
    0xba, 0x10, 0x0, 0x0, 0x0, 0x0, 0x0, 0x0,
    0x0, 0x0, 0x0, 0x0, 0x3f, 0xff, 0xfb, 0x0,
    0x3, 0xff, 0xff, 0xb0, 0x0, 0x3f, 0xff, 0xfb,
    0x0, 0x3, 0xff, 0xff, 0xb0, 0x0, 0x3f, 0xff,
    0xfb, 0x0, 0x3, 0xff, 0xff, 0xb0, 0x0, 0x3f,
    0xff, 0xfb, 0x0, 0x3, 0xff, 0xff, 0xb0, 0x0,
    0x3f, 0xff, 0xfb, 0x0, 0x3, 0xff, 0xff, 0xb0,
    0x0, 0x3f, 0xff, 0xfb, 0x0, 0x3, 0xff, 0xff,
    0xb0, 0x0, 0x3f, 0xff, 0xfb, 0x0, 0x3, 0xff,
    0xff, 0xb0, 0x0, 0x3f, 0xff, 0xfb, 0x0, 0x3,
    0xff, 0xff, 0xb0, 0x0, 0x3f, 0xff, 0xfb, 0x0,
    0x3, 0xff, 0xff, 0xb0, 0x0, 0x3f, 0xff, 0xfb,
    0x0, 0x3, 0xff, 0xff, 0xb0, 0x0, 0x3f, 0xff,
    0xfb, 0x0, 0x3, 0xff, 0xff, 0xb0, 0x0, 0x3f,
    0xff, 0xfb, 0x0, 0x3, 0xff, 0xff, 0xb0, 0x0,
    0x3f, 0xff, 0xfb, 0x0, 0x3, 0xff, 0xff, 0xb0,
    0x0, 0x3f, 0xff, 0xfb, 0x0, 0x3, 0xff, 0xff,
    0xb0, 0x0,

    /* U+00CE "Î" */
    0x0, 0x0, 0x3f, 0xff, 0xfa, 0x0, 0x0, 0x0,
    0x0, 0x2e, 0xff, 0xff, 0xf9, 0x0, 0x0, 0x0,
    0x2e, 0xff, 0xfa, 0xff, 0xf8, 0x0, 0x0, 0x1d,
    0xff, 0xf4, 0xb, 0xff, 0xf6, 0x0, 0x1d, 0xff,
    0xf7, 0x0, 0x1d, 0xff, 0xf5, 0x4, 0x88, 0x86,
    0x0, 0x0, 0x28, 0x88, 0x70, 0x0, 0x0, 0x0,
    0x0, 0x0, 0x0, 0x0, 0x0, 0x0, 0x0, 0x0,
    0x0, 0x0, 0x0, 0x0, 0x0, 0x0, 0x3f, 0xff,
    0xfb, 0x0, 0x0, 0x0, 0x0, 0x3, 0xff, 0xff,
    0xb0, 0x0, 0x0, 0x0, 0x0, 0x3f, 0xff, 0xfb,
    0x0, 0x0, 0x0, 0x0, 0x3, 0xff, 0xff, 0xb0,
    0x0, 0x0, 0x0, 0x0, 0x3f, 0xff, 0xfb, 0x0,
    0x0, 0x0, 0x0, 0x3, 0xff, 0xff, 0xb0, 0x0,
    0x0, 0x0, 0x0, 0x3f, 0xff, 0xfb, 0x0, 0x0,
    0x0, 0x0, 0x3, 0xff, 0xff, 0xb0, 0x0, 0x0,
    0x0, 0x0, 0x3f, 0xff, 0xfb, 0x0, 0x0, 0x0,
    0x0, 0x3, 0xff, 0xff, 0xb0, 0x0, 0x0, 0x0,
    0x0, 0x3f, 0xff, 0xfb, 0x0, 0x0, 0x0, 0x0,
    0x3, 0xff, 0xff, 0xb0, 0x0, 0x0, 0x0, 0x0,
    0x3f, 0xff, 0xfb, 0x0, 0x0, 0x0, 0x0, 0x3,
    0xff, 0xff, 0xb0, 0x0, 0x0, 0x0, 0x0, 0x3f,
    0xff, 0xfb, 0x0, 0x0, 0x0, 0x0, 0x3, 0xff,
    0xff, 0xb0, 0x0, 0x0, 0x0, 0x0, 0x3f, 0xff,
    0xfb, 0x0, 0x0, 0x0, 0x0, 0x3, 0xff, 0xff,
    0xb0, 0x0, 0x0, 0x0, 0x0, 0x3f, 0xff, 0xfb,
    0x0, 0x0, 0x0, 0x0, 0x3, 0xff, 0xff, 0xb0,
    0x0, 0x0, 0x0, 0x0, 0x3f, 0xff, 0xfb, 0x0,
    0x0, 0x0, 0x0, 0x3, 0xff, 0xff, 0xb0, 0x0,
    0x0, 0x0, 0x0, 0x3f, 0xff, 0xfb, 0x0, 0x0,
    0x0, 0x0, 0x3, 0xff, 0xff, 0xb0, 0x0, 0x0,
    0x0, 0x0, 0x3f, 0xff, 0xfb, 0x0, 0x0, 0x0,
    0x0, 0x3, 0xff, 0xff, 0xb0, 0x0, 0x0, 0x0,
    0x0, 0x3f, 0xff, 0xfb, 0x0, 0x0, 0x0, 0x0,
    0x3, 0xff, 0xff, 0xb0, 0x0, 0x0,

    /* U+00CF "Ï" */
    0x4, 0xde, 0x90, 0x0, 0x3, 0xdf, 0xa0, 0x1f,
    0xff, 0xf8, 0x0, 0x1f, 0xff, 0xf9, 0x4f, 0xff,
    0xfb, 0x0, 0x3f, 0xff, 0xfd, 0x2f, 0xff, 0xf8,
    0x0, 0x1f, 0xff, 0xfa, 0x5, 0xef, 0xa0, 0x0,
    0x4, 0xef, 0xb1, 0x0, 0x0, 0x0, 0x0, 0x0,
    0x0, 0x0, 0x0, 0x0, 0x0, 0x0, 0x0, 0x0,
    0x0, 0x0, 0x0, 0x0, 0x0, 0x0, 0x0, 0x0,
    0x0, 0x0, 0x3f, 0xff, 0xfb, 0x0, 0x0, 0x0,
    0x0, 0x3f, 0xff, 0xfb, 0x0, 0x0, 0x0, 0x0,
    0x3f, 0xff, 0xfb, 0x0, 0x0, 0x0, 0x0, 0x3f,
    0xff, 0xfb, 0x0, 0x0, 0x0, 0x0, 0x3f, 0xff,
    0xfb, 0x0, 0x0, 0x0, 0x0, 0x3f, 0xff, 0xfb,
    0x0, 0x0, 0x0, 0x0, 0x3f, 0xff, 0xfb, 0x0,
    0x0, 0x0, 0x0, 0x3f, 0xff, 0xfb, 0x0, 0x0,
    0x0, 0x0, 0x3f, 0xff, 0xfb, 0x0, 0x0, 0x0,
    0x0, 0x3f, 0xff, 0xfb, 0x0, 0x0, 0x0, 0x0,
    0x3f, 0xff, 0xfb, 0x0, 0x0, 0x0, 0x0, 0x3f,
    0xff, 0xfb, 0x0, 0x0, 0x0, 0x0, 0x3f, 0xff,
    0xfb, 0x0, 0x0, 0x0, 0x0, 0x3f, 0xff, 0xfb,
    0x0, 0x0, 0x0, 0x0, 0x3f, 0xff, 0xfb, 0x0,
    0x0, 0x0, 0x0, 0x3f, 0xff, 0xfb, 0x0, 0x0,
    0x0, 0x0, 0x3f, 0xff, 0xfb, 0x0, 0x0, 0x0,
    0x0, 0x3f, 0xff, 0xfb, 0x0, 0x0, 0x0, 0x0,
    0x3f, 0xff, 0xfb, 0x0, 0x0, 0x0, 0x0, 0x3f,
    0xff, 0xfb, 0x0, 0x0, 0x0, 0x0, 0x3f, 0xff,
    0xfb, 0x0, 0x0, 0x0, 0x0, 0x3f, 0xff, 0xfb,
    0x0, 0x0, 0x0, 0x0, 0x3f, 0xff, 0xfb, 0x0,
    0x0, 0x0, 0x0, 0x3f, 0xff, 0xfb, 0x0, 0x0,
    0x0, 0x0, 0x3f, 0xff, 0xfb, 0x0, 0x0, 0x0,
    0x0, 0x3f, 0xff, 0xfb, 0x0, 0x0, 0x0, 0x0,
    0x3f, 0xff, 0xfb, 0x0, 0x0, 0x0, 0x0, 0x3f,
    0xff, 0xfb, 0x0, 0x0,

    /* U+00D0 "Ð" */
    0x0, 0x1, 0xff, 0xff, 0xff, 0xff, 0xff, 0xfd,
    0xb7, 0x30, 0x0, 0x0, 0x0, 0x0, 0x0, 0x1f,
    0xff, 0xff, 0xff, 0xff, 0xff, 0xff, 0xff, 0xc4,
    0x0, 0x0, 0x0, 0x0, 0x1, 0xff, 0xff, 0xff,
    0xff, 0xff, 0xff, 0xff, 0xff, 0xfa, 0x0, 0x0,
    0x0, 0x0, 0x1f, 0xff, 0xff, 0xff, 0xff, 0xff,
    0xff, 0xff, 0xff, 0xfc, 0x10, 0x0, 0x0, 0x1,
    0xff, 0xff, 0xe4, 0x44, 0x44, 0x68, 0xcf, 0xff,
    0xff, 0xfb, 0x0, 0x0, 0x0, 0x1f, 0xff, 0xfd,
    0x0, 0x0, 0x0, 0x0, 0x3c, 0xff, 0xff, 0xf7,
    0x0, 0x0, 0x1, 0xff, 0xff, 0xd0, 0x0, 0x0,
    0x0, 0x0, 0xa, 0xff, 0xff, 0xf1, 0x0, 0x0,
    0x1f, 0xff, 0xfd, 0x0, 0x0, 0x0, 0x0, 0x0,
    0xd, 0xff, 0xff, 0x70, 0x0, 0x1, 0xff, 0xff,
    0xd0, 0x0, 0x0, 0x0, 0x0, 0x0, 0x4f, 0xff,
    0xfd, 0x0, 0x0, 0x1f, 0xff, 0xfd, 0x0, 0x0,
    0x0, 0x0, 0x0, 0x0, 0xef, 0xff, 0xf1, 0x0,
    0x1, 0xff, 0xff, 0xd0, 0x0, 0x0, 0x0, 0x0,
    0x0, 0xa, 0xff, 0xff, 0x50, 0x0, 0x1f, 0xff,
    0xfd, 0x0, 0x0, 0x0, 0x0, 0x0, 0x0, 0x6f,
    0xff, 0xf7, 0x47, 0x79, 0xff, 0xff, 0xf7, 0x77,
    0x77, 0x71, 0x0, 0x0, 0x5, 0xff, 0xff, 0x8a,
    0xff, 0xff, 0xff, 0xff, 0xff, 0xff, 0xff, 0x30,
    0x0, 0x0, 0x4f, 0xff, 0xf9, 0xaf, 0xff, 0xff,
    0xff, 0xff, 0xff, 0xff, 0xf3, 0x0, 0x0, 0x4,
    0xff, 0xff, 0x9a, 0xff, 0xff, 0xff, 0xff, 0xff,
    0xff, 0xff, 0x30, 0x0, 0x0, 0x5f, 0xff, 0xf8,
    0x0, 0x1, 0xff, 0xff, 0xd0, 0x0, 0x0, 0x0,
    0x0, 0x0, 0x7, 0xff, 0xff, 0x70, 0x0, 0x1f,
    0xff, 0xfd, 0x0, 0x0, 0x0, 0x0, 0x0, 0x0,
    0xaf, 0xff, 0xf4, 0x0, 0x1, 0xff, 0xff, 0xd0,
    0x0, 0x0, 0x0, 0x0, 0x0, 0xe, 0xff, 0xff,
    0x10, 0x0, 0x1f, 0xff, 0xfd, 0x0, 0x0, 0x0,
    0x0, 0x0, 0x5, 0xff, 0xff, 0xd0, 0x0, 0x1,
    0xff, 0xff, 0xd0, 0x0, 0x0, 0x0, 0x0, 0x0,
    0xdf, 0xff, 0xf7, 0x0, 0x0, 0x1f, 0xff, 0xfd,
    0x0, 0x0, 0x0, 0x0, 0x0, 0xaf, 0xff, 0xfe,
    0x10, 0x0, 0x1, 0xff, 0xff, 0xd0, 0x0, 0x0,
    0x0, 0x3, 0xcf, 0xff, 0xff, 0x60, 0x0, 0x0,
    0x1f, 0xff, 0xfe, 0x44, 0x44, 0x56, 0x8c, 0xff,
    0xff, 0xff, 0xb0, 0x0, 0x0, 0x1, 0xff, 0xff,
    0xff, 0xff, 0xff, 0xff, 0xff, 0xff, 0xff, 0xc0,
    0x0, 0x0, 0x0, 0x1f, 0xff, 0xff, 0xff, 0xff,
    0xff, 0xff, 0xff, 0xff, 0x90, 0x0, 0x0, 0x0,
    0x1, 0xff, 0xff, 0xff, 0xff, 0xff, 0xff, 0xff,
    0xfc, 0x40, 0x0, 0x0, 0x0, 0x0, 0x1f, 0xff,
    0xff, 0xff, 0xff, 0xfe, 0xdb, 0x72, 0x0, 0x0,
    0x0, 0x0,

    /* U+00D1 "Ñ" */
    0x0, 0x0, 0x0, 0x0, 0x8d, 0xc8, 0x0, 0x3,
    0xdd, 0x60, 0x0, 0x0, 0x0, 0x0, 0x0, 0x0,
    0xaf, 0xff, 0xfd, 0x40, 0x9f, 0xf5, 0x0, 0x0,
    0x0, 0x0, 0x0, 0x0, 0x2f, 0xff, 0xff, 0xff,
    0xef, 0xff, 0x10, 0x0, 0x0, 0x0, 0x0, 0x0,
    0x7, 0xff, 0x91, 0x8f, 0xff, 0xff, 0x90, 0x0,
    0x0, 0x0, 0x0, 0x0, 0x0, 0x9f, 0xf4, 0x0,
    0x2b, 0xfe, 0x90, 0x0, 0x0, 0x0, 0x0, 0x0,
    0x0, 0x0, 0x0, 0x0, 0x0, 0x0, 0x0, 0x0,
    0x0, 0x0, 0x0, 0x0, 0x0, 0x0, 0x0, 0x0,
    0x0, 0x0, 0x0, 0x0, 0x0, 0x0, 0x0, 0x0,
    0x0, 0x0, 0x0, 0x0, 0x0, 0x0, 0x0, 0x0,
    0x0, 0x0, 0x0, 0x0, 0x3f, 0xff, 0xff, 0xb0,
    0x0, 0x0, 0x0, 0x0, 0x0, 0xf, 0xff, 0xff,
    0x13, 0xff, 0xff, 0xff, 0x50, 0x0, 0x0, 0x0,
    0x0, 0x0, 0xff, 0xff, 0xf1, 0x3f, 0xff, 0xff,
    0xfe, 0x0, 0x0, 0x0, 0x0, 0x0, 0xf, 0xff,
    0xff, 0x13, 0xff, 0xff, 0xff, 0xf8, 0x0, 0x0,
    0x0, 0x0, 0x0, 0xff, 0xff, 0xf1, 0x3f, 0xff,
    0xff, 0xff, 0xf2, 0x0, 0x0, 0x0, 0x0, 0xf,
    0xff, 0xff, 0x13, 0xff, 0xff, 0xff, 0xff, 0xc0,
    0x0, 0x0, 0x0, 0x0, 0xff, 0xff, 0xf1, 0x3f,
    0xff, 0xfd, 0xff, 0xff, 0x60, 0x0, 0x0, 0x0,
    0xf, 0xff, 0xff, 0x13, 0xff, 0xff, 0x8c, 0xff,
    0xfe, 0x10, 0x0, 0x0, 0x0, 0xff, 0xff, 0xf1,
    0x3f, 0xff, 0xf9, 0x4f, 0xff, 0xfa, 0x0, 0x0,
    0x0, 0xf, 0xff, 0xff, 0x13, 0xff, 0xff, 0xa0,
    0xcf, 0xff, 0xf4, 0x0, 0x0, 0x0, 0xff, 0xff,
    0xf1, 0x3f, 0xff, 0xfb, 0x3, 0xff, 0xff, 0xd0,
    0x0, 0x0, 0xf, 0xff, 0xff, 0x13, 0xff, 0xff,
    0xb0, 0xb, 0xff, 0xff, 0x80, 0x0, 0x0, 0xff,
    0xff, 0xf1, 0x3f, 0xff, 0xfc, 0x0, 0x2f, 0xff,
    0xff, 0x20, 0x0, 0xf, 0xff, 0xff, 0x13, 0xff,
    0xff, 0xd0, 0x0, 0x8f, 0xff, 0xfb, 0x0, 0x0,
    0xff, 0xff, 0xf1, 0x3f, 0xff, 0xfd, 0x0, 0x0,
    0xef, 0xff, 0xf5, 0x0, 0xf, 0xff, 0xff, 0x13,
    0xff, 0xff, 0xd0, 0x0, 0x5, 0xff, 0xff, 0xe0,
    0x0, 0xff, 0xff, 0xf1, 0x3f, 0xff, 0xfd, 0x0,
    0x0, 0xb, 0xff, 0xff, 0x90, 0xe, 0xff, 0xff,
    0x13, 0xff, 0xff, 0xd0, 0x0, 0x0, 0x1f, 0xff,
    0xff, 0x20, 0xef, 0xff, 0xf1, 0x3f, 0xff, 0xfd,
    0x0, 0x0, 0x0, 0x7f, 0xff, 0xfa, 0xd, 0xff,
    0xff, 0x13, 0xff, 0xff, 0xd0, 0x0, 0x0, 0x0,
    0xdf, 0xff, 0xf3, 0xcf, 0xff, 0xf1, 0x3f, 0xff,
    0xfd, 0x0, 0x0, 0x0, 0x3, 0xff, 0xff, 0xab,
    0xff, 0xff, 0x13, 0xff, 0xff, 0xd0, 0x0, 0x0,
    0x0, 0x9, 0xff, 0xff, 0xdf, 0xff, 0xf1, 0x3f,
    0xff, 0xfd, 0x0, 0x0, 0x0, 0x0, 0x1e, 0xff,
    0xff, 0xff, 0xff, 0x13, 0xff, 0xff, 0xd0, 0x0,
    0x0, 0x0, 0x0, 0x5f, 0xff, 0xff, 0xff, 0xf1,
    0x3f, 0xff, 0xfd, 0x0, 0x0, 0x0, 0x0, 0x0,
    0xbf, 0xff, 0xff, 0xff, 0x13, 0xff, 0xff, 0xd0,
    0x0, 0x0, 0x0, 0x0, 0x2, 0xff, 0xff, 0xff,
    0xf1, 0x3f, 0xff, 0xfd, 0x0, 0x0, 0x0, 0x0,
    0x0, 0x7, 0xff, 0xff, 0xff, 0x13, 0xff, 0xff,
    0xd0, 0x0, 0x0, 0x0, 0x0, 0x0, 0xd, 0xff,
    0xff, 0xf1,

    /* U+00D2 "Ò" */
    0x0, 0x0, 0x0, 0x0, 0x6b, 0xbb, 0xa0, 0x0,
    0x0, 0x0, 0x0, 0x0, 0x0, 0x0, 0x0, 0x0,
    0x0, 0x2, 0xff, 0xff, 0x60, 0x0, 0x0, 0x0,
    0x0, 0x0, 0x0, 0x0, 0x0, 0x0, 0x0, 0x6,
    0xff, 0xfd, 0x0, 0x0, 0x0, 0x0, 0x0, 0x0,
    0x0, 0x0, 0x0, 0x0, 0x0, 0xc, 0xff, 0xf4,
    0x0, 0x0, 0x0, 0x0, 0x0, 0x0, 0x0, 0x0,
    0x0, 0x0, 0x0, 0x2f, 0xff, 0xb0, 0x0, 0x0,
    0x0, 0x0, 0x0, 0x0, 0x0, 0x0, 0x0, 0x0,
    0x0, 0x7f, 0xff, 0x30, 0x0, 0x0, 0x0, 0x0,
    0x0, 0x0, 0x0, 0x0, 0x0, 0x0, 0x0, 0x0,
    0x0, 0x0, 0x0, 0x0, 0x0, 0x0, 0x0, 0x0,
    0x0, 0x0, 0x0, 0x0, 0x0, 0x0, 0x0, 0x0,
    0x0, 0x0, 0x0, 0x0, 0x0, 0x0, 0x0, 0x0,
    0x0, 0x0, 0x0, 0x0, 0x0, 0x0, 0x0, 0x0,
    0x0, 0x0, 0x0, 0x0, 0x0, 0x0, 0x5a, 0xde,
    0xff, 0xda, 0x61, 0x0, 0x0, 0x0, 0x0, 0x0,
    0x0, 0x0, 0x8, 0xff, 0xff, 0xff, 0xff, 0xff,
    0xf9, 0x10, 0x0, 0x0, 0x0, 0x0, 0x0, 0x3d,
    0xff, 0xff, 0xff, 0xff, 0xff, 0xff, 0xff, 0x50,
    0x0, 0x0, 0x0, 0x0, 0x4f, 0xff, 0xff, 0xff,
    0xff, 0xff, 0xff, 0xff, 0xff, 0x60, 0x0, 0x0,
    0x0, 0x2f, 0xff, 0xff, 0xff, 0xc8, 0x78, 0xaf,
    0xff, 0xff, 0xff, 0x50, 0x0, 0x0, 0xc, 0xff,
    0xff, 0xfa, 0x10, 0x0, 0x0, 0x8, 0xff, 0xff,
    0xfe, 0x10, 0x0, 0x6, 0xff, 0xff, 0xf7, 0x0,
    0x0, 0x0, 0x0, 0x5, 0xff, 0xff, 0xf9, 0x0,
    0x0, 0xdf, 0xff, 0xfa, 0x0, 0x0, 0x0, 0x0,
    0x0, 0x7, 0xff, 0xff, 0xf1, 0x0, 0x4f, 0xff,
    0xff, 0x10, 0x0, 0x0, 0x0, 0x0, 0x0, 0xd,
    0xff, 0xff, 0x70, 0x8, 0xff, 0xff, 0x90, 0x0,
    0x0, 0x0, 0x0, 0x0, 0x0, 0x6f, 0xff, 0xfc,
    0x0, 0xcf, 0xff, 0xf4, 0x0, 0x0, 0x0, 0x0,
    0x0, 0x0, 0x1, 0xff, 0xff, 0xf0, 0xe, 0xff,
    0xff, 0x10, 0x0, 0x0, 0x0, 0x0, 0x0, 0x0,
    0xe, 0xff, 0xff, 0x20, 0xff, 0xff, 0xf0, 0x0,
    0x0, 0x0, 0x0, 0x0, 0x0, 0x0, 0xcf, 0xff,
    0xf3, 0x1f, 0xff, 0xfe, 0x0, 0x0, 0x0, 0x0,
    0x0, 0x0, 0x0, 0xb, 0xff, 0xff, 0x41, 0xff,
    0xff, 0xe0, 0x0, 0x0, 0x0, 0x0, 0x0, 0x0,
    0x0, 0xbf, 0xff, 0xf4, 0xf, 0xff, 0xff, 0x0,
    0x0, 0x0, 0x0, 0x0, 0x0, 0x0, 0xc, 0xff,
    0xff, 0x30, 0xef, 0xff, 0xf1, 0x0, 0x0, 0x0,
    0x0, 0x0, 0x0, 0x0, 0xef, 0xff, 0xf2, 0xc,
    0xff, 0xff, 0x40, 0x0, 0x0, 0x0, 0x0, 0x0,
    0x0, 0x1f, 0xff, 0xff, 0x0, 0x8f, 0xff, 0xf9,
    0x0, 0x0, 0x0, 0x0, 0x0, 0x0, 0x6, 0xff,
    0xff, 0xc0, 0x4, 0xff, 0xff, 0xf1, 0x0, 0x0,
    0x0, 0x0, 0x0, 0x0, 0xdf, 0xff, 0xf7, 0x0,
    0xe, 0xff, 0xff, 0xa0, 0x0, 0x0, 0x0, 0x0,
    0x0, 0x7f, 0xff, 0xff, 0x10, 0x0, 0x6f, 0xff,
    0xff, 0x70, 0x0, 0x0, 0x0, 0x0, 0x4f, 0xff,
    0xff, 0xa0, 0x0, 0x0, 0xdf, 0xff, 0xff, 0xa1,
    0x0, 0x0, 0x0, 0x8f, 0xff, 0xff, 0xf1, 0x0,
    0x0, 0x2, 0xff, 0xff, 0xff, 0xfb, 0x87, 0x8a,
    0xff, 0xff, 0xff, 0xf5, 0x0, 0x0, 0x0, 0x4,
    0xff, 0xff, 0xff, 0xff, 0xff, 0xff, 0xff, 0xff,
    0xf7, 0x0, 0x0, 0x0, 0x0, 0x3, 0xef, 0xff,
    0xff, 0xff, 0xff, 0xff, 0xff, 0xf5, 0x0, 0x0,
    0x0, 0x0, 0x0, 0x0, 0x8f, 0xff, 0xff, 0xff,
    0xff, 0xff, 0xa1, 0x0, 0x0, 0x0, 0x0, 0x0,
    0x0, 0x0, 0x5, 0xad, 0xff, 0xfd, 0xb6, 0x10,
    0x0, 0x0, 0x0, 0x0,

    /* U+00D3 "Ó" */
    0x0, 0x0, 0x0, 0x0, 0x0, 0x0, 0x0, 0x8b,
    0xbb, 0x80, 0x0, 0x0, 0x0, 0x0, 0x0, 0x0,
    0x0, 0x0, 0x0, 0x0, 0x2f, 0xff, 0xf4, 0x0,
    0x0, 0x0, 0x0, 0x0, 0x0, 0x0, 0x0, 0x0,
    0x0, 0xa, 0xff, 0xf9, 0x0, 0x0, 0x0, 0x0,
    0x0, 0x0, 0x0, 0x0, 0x0, 0x0, 0x1, 0xff,
    0xfe, 0x0, 0x0, 0x0, 0x0, 0x0, 0x0, 0x0,
    0x0, 0x0, 0x0, 0x0, 0x8f, 0xff, 0x40, 0x0,
    0x0, 0x0, 0x0, 0x0, 0x0, 0x0, 0x0, 0x0,
    0x0, 0xf, 0xff, 0xa0, 0x0, 0x0, 0x0, 0x0,
    0x0, 0x0, 0x0, 0x0, 0x0, 0x0, 0x0, 0x0,
    0x0, 0x0, 0x0, 0x0, 0x0, 0x0, 0x0, 0x0,
    0x0, 0x0, 0x0, 0x0, 0x0, 0x0, 0x0, 0x0,
    0x0, 0x0, 0x0, 0x0, 0x0, 0x0, 0x0, 0x0,
    0x0, 0x0, 0x0, 0x0, 0x0, 0x0, 0x0, 0x0,
    0x0, 0x0, 0x0, 0x0, 0x0, 0x0, 0x5a, 0xde,
    0xff, 0xda, 0x61, 0x0, 0x0, 0x0, 0x0, 0x0,
    0x0, 0x0, 0x8, 0xff, 0xff, 0xff, 0xff, 0xff,
    0xf9, 0x10, 0x0, 0x0, 0x0, 0x0, 0x0, 0x3d,
    0xff, 0xff, 0xff, 0xff, 0xff, 0xff, 0xff, 0x50,
    0x0, 0x0, 0x0, 0x0, 0x4f, 0xff, 0xff, 0xff,
    0xff, 0xff, 0xff, 0xff, 0xff, 0x60, 0x0, 0x0,
    0x0, 0x2f, 0xff, 0xff, 0xff, 0xc8, 0x78, 0xaf,
    0xff, 0xff, 0xff, 0x50, 0x0, 0x0, 0xc, 0xff,
    0xff, 0xfa, 0x10, 0x0, 0x0, 0x8, 0xff, 0xff,
    0xfe, 0x10, 0x0, 0x6, 0xff, 0xff, 0xf7, 0x0,
    0x0, 0x0, 0x0, 0x5, 0xff, 0xff, 0xf9, 0x0,
    0x0, 0xdf, 0xff, 0xfa, 0x0, 0x0, 0x0, 0x0,
    0x0, 0x7, 0xff, 0xff, 0xf1, 0x0, 0x4f, 0xff,
    0xff, 0x10, 0x0, 0x0, 0x0, 0x0, 0x0, 0xd,
    0xff, 0xff, 0x70, 0x8, 0xff, 0xff, 0x90, 0x0,
    0x0, 0x0, 0x0, 0x0, 0x0, 0x6f, 0xff, 0xfc,
    0x0, 0xcf, 0xff, 0xf4, 0x0, 0x0, 0x0, 0x0,
    0x0, 0x0, 0x1, 0xff, 0xff, 0xf0, 0xe, 0xff,
    0xff, 0x10, 0x0, 0x0, 0x0, 0x0, 0x0, 0x0,
    0xe, 0xff, 0xff, 0x20, 0xff, 0xff, 0xf0, 0x0,
    0x0, 0x0, 0x0, 0x0, 0x0, 0x0, 0xcf, 0xff,
    0xf3, 0x1f, 0xff, 0xfe, 0x0, 0x0, 0x0, 0x0,
    0x0, 0x0, 0x0, 0xb, 0xff, 0xff, 0x41, 0xff,
    0xff, 0xe0, 0x0, 0x0, 0x0, 0x0, 0x0, 0x0,
    0x0, 0xbf, 0xff, 0xf4, 0xf, 0xff, 0xff, 0x0,
    0x0, 0x0, 0x0, 0x0, 0x0, 0x0, 0xc, 0xff,
    0xff, 0x30, 0xef, 0xff, 0xf1, 0x0, 0x0, 0x0,
    0x0, 0x0, 0x0, 0x0, 0xef, 0xff, 0xf2, 0xc,
    0xff, 0xff, 0x40, 0x0, 0x0, 0x0, 0x0, 0x0,
    0x0, 0x1f, 0xff, 0xff, 0x0, 0x8f, 0xff, 0xf9,
    0x0, 0x0, 0x0, 0x0, 0x0, 0x0, 0x6, 0xff,
    0xff, 0xc0, 0x4, 0xff, 0xff, 0xf1, 0x0, 0x0,
    0x0, 0x0, 0x0, 0x0, 0xdf, 0xff, 0xf7, 0x0,
    0xe, 0xff, 0xff, 0xa0, 0x0, 0x0, 0x0, 0x0,
    0x0, 0x7f, 0xff, 0xff, 0x10, 0x0, 0x6f, 0xff,
    0xff, 0x70, 0x0, 0x0, 0x0, 0x0, 0x4f, 0xff,
    0xff, 0xa0, 0x0, 0x0, 0xdf, 0xff, 0xff, 0xa1,
    0x0, 0x0, 0x0, 0x8f, 0xff, 0xff, 0xf1, 0x0,
    0x0, 0x2, 0xff, 0xff, 0xff, 0xfb, 0x87, 0x8a,
    0xff, 0xff, 0xff, 0xf5, 0x0, 0x0, 0x0, 0x4,
    0xff, 0xff, 0xff, 0xff, 0xff, 0xff, 0xff, 0xff,
    0xf7, 0x0, 0x0, 0x0, 0x0, 0x3, 0xef, 0xff,
    0xff, 0xff, 0xff, 0xff, 0xff, 0xf5, 0x0, 0x0,
    0x0, 0x0, 0x0, 0x0, 0x8f, 0xff, 0xff, 0xff,
    0xff, 0xff, 0xa1, 0x0, 0x0, 0x0, 0x0, 0x0,
    0x0, 0x0, 0x5, 0xad, 0xff, 0xfd, 0xb6, 0x10,
    0x0, 0x0, 0x0, 0x0,

    /* U+00D4 "Ô" */
    0x0, 0x0, 0x0, 0x0, 0x0, 0x4, 0x88, 0x86,
    0x0, 0x0, 0x0, 0x0, 0x0, 0x0, 0x0, 0x0,
    0x0, 0x0, 0x4, 0xff, 0xff, 0xf7, 0x0, 0x0,
    0x0, 0x0, 0x0, 0x0, 0x0, 0x0, 0x0, 0x3,
    0xff, 0xff, 0xff, 0xf6, 0x0, 0x0, 0x0, 0x0,
    0x0, 0x0, 0x0, 0x0, 0x3, 0xff, 0xfe, 0x2c,
    0xff, 0xf5, 0x0, 0x0, 0x0, 0x0, 0x0, 0x0,
    0x0, 0x2, 0xef, 0xff, 0x30, 0x1e, 0xff, 0xf4,
    0x0, 0x0, 0x0, 0x0, 0x0, 0x0, 0x1, 0xef,
    0xff, 0x60, 0x0, 0x3f, 0xff, 0xf3, 0x0, 0x0,
    0x0, 0x0, 0x0, 0x0, 0x0, 0x0, 0x0, 0x0,
    0x0, 0x0, 0x0, 0x0, 0x0, 0x0, 0x0, 0x0,
    0x0, 0x0, 0x0, 0x0, 0x0, 0x0, 0x0, 0x0,
    0x0, 0x0, 0x0, 0x0, 0x0, 0x0, 0x0, 0x0,
    0x0, 0x0, 0x0, 0x0, 0x0, 0x0, 0x0, 0x0,
    0x0, 0x0, 0x0, 0x0, 0x0, 0x0, 0x5a, 0xde,
    0xff, 0xda, 0x61, 0x0, 0x0, 0x0, 0x0, 0x0,
    0x0, 0x0, 0x8, 0xff, 0xff, 0xff, 0xff, 0xff,
    0xf9, 0x10, 0x0, 0x0, 0x0, 0x0, 0x0, 0x3d,
    0xff, 0xff, 0xff, 0xff, 0xff, 0xff, 0xff, 0x50,
    0x0, 0x0, 0x0, 0x0, 0x4f, 0xff, 0xff, 0xff,
    0xff, 0xff, 0xff, 0xff, 0xff, 0x60, 0x0, 0x0,
    0x0, 0x2f, 0xff, 0xff, 0xff, 0xc8, 0x78, 0xaf,
    0xff, 0xff, 0xff, 0x50, 0x0, 0x0, 0xc, 0xff,
    0xff, 0xfa, 0x10, 0x0, 0x0, 0x8, 0xff, 0xff,
    0xfe, 0x10, 0x0, 0x6, 0xff, 0xff, 0xf7, 0x0,
    0x0, 0x0, 0x0, 0x5, 0xff, 0xff, 0xf9, 0x0,
    0x0, 0xdf, 0xff, 0xfa, 0x0, 0x0, 0x0, 0x0,
    0x0, 0x7, 0xff, 0xff, 0xf1, 0x0, 0x4f, 0xff,
    0xff, 0x10, 0x0, 0x0, 0x0, 0x0, 0x0, 0xd,
    0xff, 0xff, 0x70, 0x8, 0xff, 0xff, 0x90, 0x0,
    0x0, 0x0, 0x0, 0x0, 0x0, 0x6f, 0xff, 0xfc,
    0x0, 0xcf, 0xff, 0xf4, 0x0, 0x0, 0x0, 0x0,
    0x0, 0x0, 0x1, 0xff, 0xff, 0xf0, 0xe, 0xff,
    0xff, 0x10, 0x0, 0x0, 0x0, 0x0, 0x0, 0x0,
    0xe, 0xff, 0xff, 0x20, 0xff, 0xff, 0xf0, 0x0,
    0x0, 0x0, 0x0, 0x0, 0x0, 0x0, 0xcf, 0xff,
    0xf3, 0x1f, 0xff, 0xfe, 0x0, 0x0, 0x0, 0x0,
    0x0, 0x0, 0x0, 0xb, 0xff, 0xff, 0x41, 0xff,
    0xff, 0xe0, 0x0, 0x0, 0x0, 0x0, 0x0, 0x0,
    0x0, 0xbf, 0xff, 0xf4, 0xf, 0xff, 0xff, 0x0,
    0x0, 0x0, 0x0, 0x0, 0x0, 0x0, 0xc, 0xff,
    0xff, 0x30, 0xef, 0xff, 0xf1, 0x0, 0x0, 0x0,
    0x0, 0x0, 0x0, 0x0, 0xef, 0xff, 0xf2, 0xc,
    0xff, 0xff, 0x40, 0x0, 0x0, 0x0, 0x0, 0x0,
    0x0, 0x1f, 0xff, 0xff, 0x0, 0x8f, 0xff, 0xf9,
    0x0, 0x0, 0x0, 0x0, 0x0, 0x0, 0x6, 0xff,
    0xff, 0xc0, 0x4, 0xff, 0xff, 0xf1, 0x0, 0x0,
    0x0, 0x0, 0x0, 0x0, 0xdf, 0xff, 0xf7, 0x0,
    0xe, 0xff, 0xff, 0xa0, 0x0, 0x0, 0x0, 0x0,
    0x0, 0x7f, 0xff, 0xff, 0x10, 0x0, 0x6f, 0xff,
    0xff, 0x70, 0x0, 0x0, 0x0, 0x0, 0x4f, 0xff,
    0xff, 0xa0, 0x0, 0x0, 0xdf, 0xff, 0xff, 0xa1,
    0x0, 0x0, 0x0, 0x8f, 0xff, 0xff, 0xf1, 0x0,
    0x0, 0x2, 0xff, 0xff, 0xff, 0xfb, 0x87, 0x8a,
    0xff, 0xff, 0xff, 0xf5, 0x0, 0x0, 0x0, 0x4,
    0xff, 0xff, 0xff, 0xff, 0xff, 0xff, 0xff, 0xff,
    0xf7, 0x0, 0x0, 0x0, 0x0, 0x3, 0xef, 0xff,
    0xff, 0xff, 0xff, 0xff, 0xff, 0xf5, 0x0, 0x0,
    0x0, 0x0, 0x0, 0x0, 0x8f, 0xff, 0xff, 0xff,
    0xff, 0xff, 0xa1, 0x0, 0x0, 0x0, 0x0, 0x0,
    0x0, 0x0, 0x5, 0xad, 0xff, 0xfd, 0xb6, 0x10,
    0x0, 0x0, 0x0, 0x0,

    /* U+00D5 "Õ" */
    0x0, 0x0, 0x0, 0x0, 0x7, 0xcc, 0x91, 0x0,
    0x1d, 0xd8, 0x0, 0x0, 0x0, 0x0, 0x0, 0x0,
    0x0, 0x8, 0xff, 0xff, 0xf7, 0x7, 0xff, 0x80,
    0x0, 0x0, 0x0, 0x0, 0x0, 0x0, 0x1, 0xff,
    0xff, 0xff, 0xff, 0xff, 0xf3, 0x0, 0x0, 0x0,
    0x0, 0x0, 0x0, 0x0, 0x5f, 0xfb, 0x6, 0xef,
    0xff, 0xfb, 0x0, 0x0, 0x0, 0x0, 0x0, 0x0,
    0x0, 0x6, 0xee, 0x50, 0x1, 0x8c, 0xd8, 0x0,
    0x0, 0x0, 0x0, 0x0, 0x0, 0x0, 0x0, 0x0,
    0x0, 0x0, 0x0, 0x0, 0x0, 0x0, 0x0, 0x0,
    0x0, 0x0, 0x0, 0x0, 0x0, 0x0, 0x0, 0x0,
    0x0, 0x0, 0x0, 0x0, 0x0, 0x0, 0x0, 0x0,
    0x0, 0x0, 0x0, 0x0, 0x0, 0x0, 0x0, 0x0,
    0x0, 0x0, 0x0, 0x0, 0x0, 0x0, 0x0, 0x0,
    0x5, 0xad, 0xef, 0xfd, 0xa6, 0x10, 0x0, 0x0,
    0x0, 0x0, 0x0, 0x0, 0x0, 0x8f, 0xff, 0xff,
    0xff, 0xff, 0xff, 0x91, 0x0, 0x0, 0x0, 0x0,
    0x0, 0x3, 0xdf, 0xff, 0xff, 0xff, 0xff, 0xff,
    0xff, 0xf5, 0x0, 0x0, 0x0, 0x0, 0x4, 0xff,
    0xff, 0xff, 0xff, 0xff, 0xff, 0xff, 0xff, 0xf6,
    0x0, 0x0, 0x0, 0x2, 0xff, 0xff, 0xff, 0xfc,
    0x87, 0x8a, 0xff, 0xff, 0xff, 0xf5, 0x0, 0x0,
    0x0, 0xcf, 0xff, 0xff, 0xa1, 0x0, 0x0, 0x0,
    0x8f, 0xff, 0xff, 0xe1, 0x0, 0x0, 0x6f, 0xff,
    0xff, 0x70, 0x0, 0x0, 0x0, 0x0, 0x5f, 0xff,
    0xff, 0x90, 0x0, 0xd, 0xff, 0xff, 0xa0, 0x0,
    0x0, 0x0, 0x0, 0x0, 0x7f, 0xff, 0xff, 0x10,
    0x4, 0xff, 0xff, 0xf1, 0x0, 0x0, 0x0, 0x0,
    0x0, 0x0, 0xdf, 0xff, 0xf7, 0x0, 0x8f, 0xff,
    0xf9, 0x0, 0x0, 0x0, 0x0, 0x0, 0x0, 0x6,
    0xff, 0xff, 0xc0, 0xc, 0xff, 0xff, 0x40, 0x0,
    0x0, 0x0, 0x0, 0x0, 0x0, 0x1f, 0xff, 0xff,
    0x0, 0xef, 0xff, 0xf1, 0x0, 0x0, 0x0, 0x0,
    0x0, 0x0, 0x0, 0xef, 0xff, 0xf2, 0xf, 0xff,
    0xff, 0x0, 0x0, 0x0, 0x0, 0x0, 0x0, 0x0,
    0xc, 0xff, 0xff, 0x31, 0xff, 0xff, 0xe0, 0x0,
    0x0, 0x0, 0x0, 0x0, 0x0, 0x0, 0xbf, 0xff,
    0xf4, 0x1f, 0xff, 0xfe, 0x0, 0x0, 0x0, 0x0,
    0x0, 0x0, 0x0, 0xb, 0xff, 0xff, 0x40, 0xff,
    0xff, 0xf0, 0x0, 0x0, 0x0, 0x0, 0x0, 0x0,
    0x0, 0xcf, 0xff, 0xf3, 0xe, 0xff, 0xff, 0x10,
    0x0, 0x0, 0x0, 0x0, 0x0, 0x0, 0xe, 0xff,
    0xff, 0x20, 0xcf, 0xff, 0xf4, 0x0, 0x0, 0x0,
    0x0, 0x0, 0x0, 0x1, 0xff, 0xff, 0xf0, 0x8,
    0xff, 0xff, 0x90, 0x0, 0x0, 0x0, 0x0, 0x0,
    0x0, 0x6f, 0xff, 0xfc, 0x0, 0x4f, 0xff, 0xff,
    0x10, 0x0, 0x0, 0x0, 0x0, 0x0, 0xd, 0xff,
    0xff, 0x70, 0x0, 0xef, 0xff, 0xfa, 0x0, 0x0,
    0x0, 0x0, 0x0, 0x7, 0xff, 0xff, 0xf1, 0x0,
    0x6, 0xff, 0xff, 0xf7, 0x0, 0x0, 0x0, 0x0,
    0x4, 0xff, 0xff, 0xfa, 0x0, 0x0, 0xd, 0xff,
    0xff, 0xfa, 0x10, 0x0, 0x0, 0x8, 0xff, 0xff,
    0xff, 0x10, 0x0, 0x0, 0x2f, 0xff, 0xff, 0xff,
    0xb8, 0x78, 0xaf, 0xff, 0xff, 0xff, 0x50, 0x0,
    0x0, 0x0, 0x4f, 0xff, 0xff, 0xff, 0xff, 0xff,
    0xff, 0xff, 0xff, 0x70, 0x0, 0x0, 0x0, 0x0,
    0x3e, 0xff, 0xff, 0xff, 0xff, 0xff, 0xff, 0xff,
    0x50, 0x0, 0x0, 0x0, 0x0, 0x0, 0x8, 0xff,
    0xff, 0xff, 0xff, 0xff, 0xfa, 0x10, 0x0, 0x0,
    0x0, 0x0, 0x0, 0x0, 0x0, 0x5a, 0xdf, 0xff,
    0xdb, 0x61, 0x0, 0x0, 0x0, 0x0,

    /* U+00D6 "Ö" */
    0x0, 0x0, 0x0, 0x0, 0x0, 0x0, 0x0, 0x0,
    0x0, 0x0, 0x0, 0x0, 0x0, 0x0, 0x0, 0x0,
    0x0, 0x2c, 0xfd, 0x30, 0x0, 0x1b, 0xfd, 0x40,
    0x0, 0x0, 0x0, 0x0, 0x0, 0x0, 0xc, 0xff,
    0xfe, 0x0, 0xa, 0xff, 0xff, 0x0, 0x0, 0x0,
    0x0, 0x0, 0x0, 0x0, 0xff, 0xff, 0xf1, 0x0,
    0xef, 0xff, 0xf3, 0x0, 0x0, 0x0, 0x0, 0x0,
    0x0, 0xb, 0xff, 0xfd, 0x0, 0xa, 0xff, 0xfe,
    0x0, 0x0, 0x0, 0x0, 0x0, 0x0, 0x0, 0x1b,
    0xfc, 0x20, 0x0, 0x1a, 0xfd, 0x30, 0x0, 0x0,
    0x0, 0x0, 0x0, 0x0, 0x0, 0x0, 0x0, 0x0,
    0x0, 0x0, 0x0, 0x0, 0x0, 0x0, 0x0, 0x0,
    0x0, 0x0, 0x0, 0x0, 0x0, 0x0, 0x0, 0x0,
    0x0, 0x0, 0x0, 0x0, 0x0, 0x0, 0x0, 0x0,
    0x0, 0x0, 0x0, 0x0, 0x0, 0x0, 0x0, 0x0,
    0x0, 0x0, 0x0, 0x0, 0x0, 0x0, 0x5a, 0xde,
    0xff, 0xda, 0x61, 0x0, 0x0, 0x0, 0x0, 0x0,
    0x0, 0x0, 0x8, 0xff, 0xff, 0xff, 0xff, 0xff,
    0xf9, 0x10, 0x0, 0x0, 0x0, 0x0, 0x0, 0x3d,
    0xff, 0xff, 0xff, 0xff, 0xff, 0xff, 0xff, 0x50,
    0x0, 0x0, 0x0, 0x0, 0x4f, 0xff, 0xff, 0xff,
    0xff, 0xff, 0xff, 0xff, 0xff, 0x60, 0x0, 0x0,
    0x0, 0x2f, 0xff, 0xff, 0xff, 0xc8, 0x78, 0xaf,
    0xff, 0xff, 0xff, 0x50, 0x0, 0x0, 0xc, 0xff,
    0xff, 0xfa, 0x10, 0x0, 0x0, 0x8, 0xff, 0xff,
    0xfe, 0x10, 0x0, 0x6, 0xff, 0xff, 0xf7, 0x0,
    0x0, 0x0, 0x0, 0x5, 0xff, 0xff, 0xf9, 0x0,
    0x0, 0xdf, 0xff, 0xfa, 0x0, 0x0, 0x0, 0x0,
    0x0, 0x7, 0xff, 0xff, 0xf1, 0x0, 0x4f, 0xff,
    0xff, 0x10, 0x0, 0x0, 0x0, 0x0, 0x0, 0xd,
    0xff, 0xff, 0x70, 0x8, 0xff, 0xff, 0x90, 0x0,
    0x0, 0x0, 0x0, 0x0, 0x0, 0x6f, 0xff, 0xfc,
    0x0, 0xcf, 0xff, 0xf4, 0x0, 0x0, 0x0, 0x0,
    0x0, 0x0, 0x1, 0xff, 0xff, 0xf0, 0xe, 0xff,
    0xff, 0x10, 0x0, 0x0, 0x0, 0x0, 0x0, 0x0,
    0xe, 0xff, 0xff, 0x20, 0xff, 0xff, 0xf0, 0x0,
    0x0, 0x0, 0x0, 0x0, 0x0, 0x0, 0xcf, 0xff,
    0xf3, 0x1f, 0xff, 0xfe, 0x0, 0x0, 0x0, 0x0,
    0x0, 0x0, 0x0, 0xb, 0xff, 0xff, 0x41, 0xff,
    0xff, 0xe0, 0x0, 0x0, 0x0, 0x0, 0x0, 0x0,
    0x0, 0xbf, 0xff, 0xf4, 0xf, 0xff, 0xff, 0x0,
    0x0, 0x0, 0x0, 0x0, 0x0, 0x0, 0xc, 0xff,
    0xff, 0x30, 0xef, 0xff, 0xf1, 0x0, 0x0, 0x0,
    0x0, 0x0, 0x0, 0x0, 0xef, 0xff, 0xf2, 0xc,
    0xff, 0xff, 0x40, 0x0, 0x0, 0x0, 0x0, 0x0,
    0x0, 0x1f, 0xff, 0xff, 0x0, 0x8f, 0xff, 0xf9,
    0x0, 0x0, 0x0, 0x0, 0x0, 0x0, 0x6, 0xff,
    0xff, 0xc0, 0x4, 0xff, 0xff, 0xf1, 0x0, 0x0,
    0x0, 0x0, 0x0, 0x0, 0xdf, 0xff, 0xf7, 0x0,
    0xe, 0xff, 0xff, 0xa0, 0x0, 0x0, 0x0, 0x0,
    0x0, 0x7f, 0xff, 0xff, 0x10, 0x0, 0x6f, 0xff,
    0xff, 0x70, 0x0, 0x0, 0x0, 0x0, 0x4f, 0xff,
    0xff, 0xa0, 0x0, 0x0, 0xdf, 0xff, 0xff, 0xa1,
    0x0, 0x0, 0x0, 0x8f, 0xff, 0xff, 0xf1, 0x0,
    0x0, 0x2, 0xff, 0xff, 0xff, 0xfb, 0x87, 0x8a,
    0xff, 0xff, 0xff, 0xf5, 0x0, 0x0, 0x0, 0x4,
    0xff, 0xff, 0xff, 0xff, 0xff, 0xff, 0xff, 0xff,
    0xf7, 0x0, 0x0, 0x0, 0x0, 0x3, 0xef, 0xff,
    0xff, 0xff, 0xff, 0xff, 0xff, 0xf5, 0x0, 0x0,
    0x0, 0x0, 0x0, 0x0, 0x8f, 0xff, 0xff, 0xff,
    0xff, 0xff, 0xa1, 0x0, 0x0, 0x0, 0x0, 0x0,
    0x0, 0x0, 0x5, 0xad, 0xff, 0xfd, 0xb6, 0x10,
    0x0, 0x0, 0x0, 0x0,

    /* U+00D7 "×" */
    0x0, 0x1, 0x0, 0x0, 0x0, 0x0, 0x0, 0x0,
    0x20, 0x0, 0x0, 0x1d, 0xc0, 0x0, 0x0, 0x0,
    0x0, 0x3, 0xf9, 0x0, 0x1, 0xdf, 0xfc, 0x0,
    0x0, 0x0, 0x0, 0x3f, 0xff, 0x80, 0xd, 0xff,
    0xff, 0xb0, 0x0, 0x0, 0x3, 0xff, 0xff, 0xf6,
    0x4, 0xff, 0xff, 0xfb, 0x0, 0x0, 0x3f, 0xff,
    0xff, 0xc1, 0x0, 0x4f, 0xff, 0xff, 0xb0, 0x3,
    0xff, 0xff, 0xfc, 0x10, 0x0, 0x4, 0xff, 0xff,
    0xfb, 0x4f, 0xff, 0xff, 0xc1, 0x0, 0x0, 0x0,
    0x4f, 0xff, 0xff, 0xff, 0xff, 0xfc, 0x10, 0x0,
    0x0, 0x0, 0x4, 0xff, 0xff, 0xff, 0xff, 0xc1,
    0x0, 0x0, 0x0, 0x0, 0x0, 0x4f, 0xff, 0xff,
    0xfc, 0x10, 0x0, 0x0, 0x0, 0x0, 0x0, 0x3f,
    0xff, 0xff, 0xfb, 0x0, 0x0, 0x0, 0x0, 0x0,
    0x3, 0xff, 0xff, 0xff, 0xff, 0xb0, 0x0, 0x0,
    0x0, 0x0, 0x3f, 0xff, 0xff, 0xff, 0xff, 0xfb,
    0x0, 0x0, 0x0, 0x3, 0xff, 0xff, 0xfc, 0x5f,
    0xff, 0xff, 0xb0, 0x0, 0x0, 0x3f, 0xff, 0xff,
    0xc1, 0x4, 0xff, 0xff, 0xfb, 0x0, 0x3, 0xff,
    0xff, 0xfc, 0x10, 0x0, 0x4f, 0xff, 0xff, 0xb0,
    0xd, 0xff, 0xff, 0xc1, 0x0, 0x0, 0x4, 0xff,
    0xff, 0xf7, 0x2, 0xef, 0xfc, 0x10, 0x0, 0x0,
    0x0, 0x4f, 0xff, 0xa0, 0x0, 0x2e, 0xc1, 0x0,
    0x0, 0x0, 0x0, 0x4, 0xfa, 0x0, 0x0, 0x2,
    0x10, 0x0, 0x0, 0x0, 0x0, 0x0, 0x30, 0x0,

    /* U+00D8 "Ø" */
    0x0, 0x0, 0x0, 0x0, 0x0, 0x0, 0x0, 0x0,
    0x0, 0x0, 0x1, 0x60, 0x0, 0x0, 0x0, 0x0,
    0x0, 0x0, 0x5a, 0xde, 0xff, 0xda, 0x61, 0x0,
    0xbf, 0xb1, 0x0, 0x0, 0x0, 0x0, 0x8, 0xff,
    0xff, 0xff, 0xff, 0xff, 0xf9, 0x9f, 0xff, 0x70,
    0x0, 0x0, 0x0, 0x3d, 0xff, 0xff, 0xff, 0xff,
    0xff, 0xff, 0xff, 0xff, 0xb0, 0x0, 0x0, 0x0,
    0x4f, 0xff, 0xff, 0xff, 0xff, 0xff, 0xff, 0xff,
    0xff, 0xf1, 0x0, 0x0, 0x0, 0x2f, 0xff, 0xff,
    0xff, 0xc8, 0x78, 0xaf, 0xff, 0xff, 0xff, 0x50,
    0x0, 0x0, 0xc, 0xff, 0xff, 0xfa, 0x10, 0x0,
    0x0, 0xd, 0xff, 0xff, 0xfe, 0x10, 0x0, 0x6,
    0xff, 0xff, 0xf7, 0x0, 0x0, 0x0, 0x1, 0xef,
    0xff, 0xff, 0xf9, 0x0, 0x0, 0xdf, 0xff, 0xfa,
    0x0, 0x0, 0x0, 0x0, 0xbf, 0xff, 0xff, 0xff,
    0xf1, 0x0, 0x4f, 0xff, 0xff, 0x10, 0x0, 0x0,
    0x0, 0x6f, 0xff, 0x8d, 0xff, 0xff, 0x70, 0x8,
    0xff, 0xff, 0x90, 0x0, 0x0, 0x0, 0x2f, 0xff,
    0xc0, 0x6f, 0xff, 0xfc, 0x0, 0xcf, 0xff, 0xf4,
    0x0, 0x0, 0x0, 0xd, 0xff, 0xf2, 0x1, 0xff,
    0xff, 0xf0, 0xe, 0xff, 0xff, 0x10, 0x0, 0x0,
    0x9, 0xff, 0xf5, 0x0, 0xe, 0xff, 0xff, 0x20,
    0xff, 0xff, 0xf0, 0x0, 0x0, 0x4, 0xff, 0xfa,
    0x0, 0x0, 0xcf, 0xff, 0xf3, 0x1f, 0xff, 0xfe,
    0x0, 0x0, 0x1, 0xef, 0xfe, 0x10, 0x0, 0xb,
    0xff, 0xff, 0x41, 0xff, 0xff, 0xe0, 0x0, 0x0,
    0xbf, 0xff, 0x30, 0x0, 0x0, 0xbf, 0xff, 0xf4,
    0xf, 0xff, 0xff, 0x0, 0x0, 0x6f, 0xff, 0x80,
    0x0, 0x0, 0xc, 0xff, 0xff, 0x30, 0xef, 0xff,
    0xf1, 0x0, 0x2f, 0xff, 0xc0, 0x0, 0x0, 0x0,
    0xef, 0xff, 0xf2, 0xc, 0xff, 0xff, 0x40, 0xc,
    0xff, 0xf2, 0x0, 0x0, 0x0, 0x1f, 0xff, 0xff,
    0x0, 0x8f, 0xff, 0xf9, 0x8, 0xff, 0xf6, 0x0,
    0x0, 0x0, 0x6, 0xff, 0xff, 0xc0, 0x4, 0xff,
    0xff, 0xf5, 0xff, 0xfa, 0x0, 0x0, 0x0, 0x0,
    0xdf, 0xff, 0xf7, 0x0, 0xe, 0xff, 0xff, 0xff,
    0xfe, 0x10, 0x0, 0x0, 0x0, 0x7f, 0xff, 0xff,
    0x10, 0x0, 0x6f, 0xff, 0xff, 0xff, 0x40, 0x0,
    0x0, 0x0, 0x4f, 0xff, 0xff, 0xa0, 0x0, 0x0,
    0xdf, 0xff, 0xff, 0xf1, 0x0, 0x0, 0x0, 0x8f,
    0xff, 0xff, 0xf1, 0x0, 0x0, 0x2, 0xff, 0xff,
    0xff, 0xfb, 0x87, 0x8a, 0xff, 0xff, 0xff, 0xf5,
    0x0, 0x0, 0x0, 0xf, 0xff, 0xff, 0xff, 0xff,
    0xff, 0xff, 0xff, 0xff, 0xf7, 0x0, 0x0, 0x0,
    0x8, 0xff, 0xff, 0xff, 0xff, 0xff, 0xff, 0xff,
    0xff, 0xf5, 0x0, 0x0, 0x0, 0x3, 0xff, 0xfc,
    0x8f, 0xff, 0xff, 0xff, 0xff, 0xff, 0xa1, 0x0,
    0x0, 0x0, 0x0, 0x9, 0xfe, 0x10, 0x5, 0xad,
    0xff, 0xfd, 0xb6, 0x10, 0x0, 0x0, 0x0, 0x0,
    0x0, 0x4, 0x40, 0x0, 0x0, 0x0, 0x0, 0x0,
    0x0, 0x0, 0x0, 0x0, 0x0,

    /* U+00D9 "Ù" */
    0x0, 0x0, 0x0, 0x2b, 0xbb, 0xb4, 0x0, 0x0,
    0x0, 0x0, 0x0, 0x0, 0x0, 0x0, 0x0, 0xb,
    0xff, 0xfc, 0x0, 0x0, 0x0, 0x0, 0x0, 0x0,
    0x0, 0x0, 0x0, 0x1, 0xef, 0xff, 0x30, 0x0,
    0x0, 0x0, 0x0, 0x0, 0x0, 0x0, 0x0, 0x0,
    0x5f, 0xff, 0xa0, 0x0, 0x0, 0x0, 0x0, 0x0,
    0x0, 0x0, 0x0, 0x0, 0xb, 0xff, 0xf2, 0x0,
    0x0, 0x0, 0x0, 0x0, 0x0, 0x0, 0x0, 0x0,
    0x1, 0xff, 0xf9, 0x0, 0x0, 0x0, 0x0, 0x0,
    0x0, 0x0, 0x0, 0x0, 0x0, 0x0, 0x0, 0x0,
    0x0, 0x0, 0x0, 0x0, 0x0, 0x0, 0x0, 0x0,
    0x0, 0x0, 0x0, 0x0, 0x0, 0x0, 0x0, 0x0,
    0x0, 0x0, 0x0, 0x0, 0x0, 0x0, 0x0, 0x0,
    0x0, 0x0, 0x0, 0x0, 0x3f, 0xff, 0xfb, 0x0,
    0x0, 0x0, 0x0, 0x0, 0x0, 0xcf, 0xff, 0xf3,
    0x3f, 0xff, 0xfb, 0x0, 0x0, 0x0, 0x0, 0x0,
    0x0, 0xcf, 0xff, 0xf3, 0x3f, 0xff, 0xfb, 0x0,
    0x0, 0x0, 0x0, 0x0, 0x0, 0xcf, 0xff, 0xf3,
    0x3f, 0xff, 0xfb, 0x0, 0x0, 0x0, 0x0, 0x0,
    0x0, 0xcf, 0xff, 0xf3, 0x3f, 0xff, 0xfb, 0x0,
    0x0, 0x0, 0x0, 0x0, 0x0, 0xcf, 0xff, 0xf3,
    0x3f, 0xff, 0xfb, 0x0, 0x0, 0x0, 0x0, 0x0,
    0x0, 0xcf, 0xff, 0xf3, 0x3f, 0xff, 0xfb, 0x0,
    0x0, 0x0, 0x0, 0x0, 0x0, 0xcf, 0xff, 0xf3,
    0x3f, 0xff, 0xfb, 0x0, 0x0, 0x0, 0x0, 0x0,
    0x0, 0xcf, 0xff, 0xf3, 0x3f, 0xff, 0xfb, 0x0,
    0x0, 0x0, 0x0, 0x0, 0x0, 0xcf, 0xff, 0xf3,
    0x3f, 0xff, 0xfb, 0x0, 0x0, 0x0, 0x0, 0x0,
    0x0, 0xcf, 0xff, 0xf3, 0x3f, 0xff, 0xfb, 0x0,
    0x0, 0x0, 0x0, 0x0, 0x0, 0xcf, 0xff, 0xf3,
    0x3f, 0xff, 0xfb, 0x0, 0x0, 0x0, 0x0, 0x0,
    0x0, 0xcf, 0xff, 0xf3, 0x3f, 0xff, 0xfb, 0x0,
    0x0, 0x0, 0x0, 0x0, 0x0, 0xcf, 0xff, 0xf3,
    0x3f, 0xff, 0xfb, 0x0, 0x0, 0x0, 0x0, 0x0,
    0x0, 0xcf, 0xff, 0xf3, 0x3f, 0xff, 0xfb, 0x0,
    0x0, 0x0, 0x0, 0x0, 0x0, 0xcf, 0xff, 0xf3,
    0x3f, 0xff, 0xfb, 0x0, 0x0, 0x0, 0x0, 0x0,
    0x0, 0xcf, 0xff, 0xf3, 0x3f, 0xff, 0xfb, 0x0,
    0x0, 0x0, 0x0, 0x0, 0x0, 0xcf, 0xff, 0xf3,
    0x3f, 0xff, 0xfb, 0x0, 0x0, 0x0, 0x0, 0x0,
    0x0, 0xcf, 0xff, 0xf3, 0x3f, 0xff, 0xfc, 0x0,
    0x0, 0x0, 0x0, 0x0, 0x0, 0xdf, 0xff, 0xf2,
    0x1f, 0xff, 0xff, 0x0, 0x0, 0x0, 0x0, 0x0,
    0x0, 0xff, 0xff, 0xf1, 0xe, 0xff, 0xff, 0x70,
    0x0, 0x0, 0x0, 0x0, 0x7, 0xff, 0xff, 0xe0,
    0xa, 0xff, 0xff, 0xf2, 0x0, 0x0, 0x0, 0x0,
    0x3f, 0xff, 0xff, 0x90, 0x3, 0xff, 0xff, 0xfe,
    0x50, 0x0, 0x0, 0x5, 0xff, 0xff, 0xff, 0x20,
    0x0, 0x9f, 0xff, 0xff, 0xfd, 0x97, 0x79, 0xdf,
    0xff, 0xff, 0xf9, 0x0, 0x0, 0xc, 0xff, 0xff,
    0xff, 0xff, 0xff, 0xff, 0xff, 0xff, 0xc0, 0x0,
    0x0, 0x1, 0xbf, 0xff, 0xff, 0xff, 0xff, 0xff,
    0xff, 0xfa, 0x0, 0x0, 0x0, 0x0, 0x6, 0xef,
    0xff, 0xff, 0xff, 0xff, 0xfd, 0x50, 0x0, 0x0,
    0x0, 0x0, 0x0, 0x4, 0x9c, 0xef, 0xfe, 0xc9,
    0x40, 0x0, 0x0, 0x0,

    /* U+00DA "Ú" */
    0x0, 0x0, 0x0, 0x0, 0x0, 0x0, 0x4b, 0xbb,
    0xa2, 0x0, 0x0, 0x0, 0x0, 0x0, 0x0, 0x0,
    0x0, 0x0, 0xcf, 0xff, 0x90, 0x0, 0x0, 0x0,
    0x0, 0x0, 0x0, 0x0, 0x0, 0x4, 0xff, 0xfe,
    0x10, 0x0, 0x0, 0x0, 0x0, 0x0, 0x0, 0x0,
    0x0, 0xb, 0xff, 0xf4, 0x0, 0x0, 0x0, 0x0,
    0x0, 0x0, 0x0, 0x0, 0x0, 0x2f, 0xff, 0xa0,
    0x0, 0x0, 0x0, 0x0, 0x0, 0x0, 0x0, 0x0,
    0x0, 0x9f, 0xfe, 0x10, 0x0, 0x0, 0x0, 0x0,
    0x0, 0x0, 0x0, 0x0, 0x0, 0x0, 0x0, 0x0,
    0x0, 0x0, 0x0, 0x0, 0x0, 0x0, 0x0, 0x0,
    0x0, 0x0, 0x0, 0x0, 0x0, 0x0, 0x0, 0x0,
    0x0, 0x0, 0x0, 0x0, 0x0, 0x0, 0x0, 0x0,
    0x0, 0x0, 0x0, 0x0, 0x3f, 0xff, 0xfb, 0x0,
    0x0, 0x0, 0x0, 0x0, 0x0, 0xcf, 0xff, 0xf3,
    0x3f, 0xff, 0xfb, 0x0, 0x0, 0x0, 0x0, 0x0,
    0x0, 0xcf, 0xff, 0xf3, 0x3f, 0xff, 0xfb, 0x0,
    0x0, 0x0, 0x0, 0x0, 0x0, 0xcf, 0xff, 0xf3,
    0x3f, 0xff, 0xfb, 0x0, 0x0, 0x0, 0x0, 0x0,
    0x0, 0xcf, 0xff, 0xf3, 0x3f, 0xff, 0xfb, 0x0,
    0x0, 0x0, 0x0, 0x0, 0x0, 0xcf, 0xff, 0xf3,
    0x3f, 0xff, 0xfb, 0x0, 0x0, 0x0, 0x0, 0x0,
    0x0, 0xcf, 0xff, 0xf3, 0x3f, 0xff, 0xfb, 0x0,
    0x0, 0x0, 0x0, 0x0, 0x0, 0xcf, 0xff, 0xf3,
    0x3f, 0xff, 0xfb, 0x0, 0x0, 0x0, 0x0, 0x0,
    0x0, 0xcf, 0xff, 0xf3, 0x3f, 0xff, 0xfb, 0x0,
    0x0, 0x0, 0x0, 0x0, 0x0, 0xcf, 0xff, 0xf3,
    0x3f, 0xff, 0xfb, 0x0, 0x0, 0x0, 0x0, 0x0,
    0x0, 0xcf, 0xff, 0xf3, 0x3f, 0xff, 0xfb, 0x0,
    0x0, 0x0, 0x0, 0x0, 0x0, 0xcf, 0xff, 0xf3,
    0x3f, 0xff, 0xfb, 0x0, 0x0, 0x0, 0x0, 0x0,
    0x0, 0xcf, 0xff, 0xf3, 0x3f, 0xff, 0xfb, 0x0,
    0x0, 0x0, 0x0, 0x0, 0x0, 0xcf, 0xff, 0xf3,
    0x3f, 0xff, 0xfb, 0x0, 0x0, 0x0, 0x0, 0x0,
    0x0, 0xcf, 0xff, 0xf3, 0x3f, 0xff, 0xfb, 0x0,
    0x0, 0x0, 0x0, 0x0, 0x0, 0xcf, 0xff, 0xf3,
    0x3f, 0xff, 0xfb, 0x0, 0x0, 0x0, 0x0, 0x0,
    0x0, 0xcf, 0xff, 0xf3, 0x3f, 0xff, 0xfb, 0x0,
    0x0, 0x0, 0x0, 0x0, 0x0, 0xcf, 0xff, 0xf3,
    0x3f, 0xff, 0xfb, 0x0, 0x0, 0x0, 0x0, 0x0,
    0x0, 0xcf, 0xff, 0xf3, 0x3f, 0xff, 0xfc, 0x0,
    0x0, 0x0, 0x0, 0x0, 0x0, 0xdf, 0xff, 0xf2,
    0x1f, 0xff, 0xff, 0x0, 0x0, 0x0, 0x0, 0x0,
    0x0, 0xff, 0xff, 0xf1, 0xe, 0xff, 0xff, 0x70,
    0x0, 0x0, 0x0, 0x0, 0x7, 0xff, 0xff, 0xe0,
    0xa, 0xff, 0xff, 0xf2, 0x0, 0x0, 0x0, 0x0,
    0x3f, 0xff, 0xff, 0x90, 0x3, 0xff, 0xff, 0xfe,
    0x50, 0x0, 0x0, 0x5, 0xff, 0xff, 0xff, 0x20,
    0x0, 0x9f, 0xff, 0xff, 0xfd, 0x97, 0x79, 0xdf,
    0xff, 0xff, 0xf9, 0x0, 0x0, 0xc, 0xff, 0xff,
    0xff, 0xff, 0xff, 0xff, 0xff, 0xff, 0xc0, 0x0,
    0x0, 0x1, 0xbf, 0xff, 0xff, 0xff, 0xff, 0xff,
    0xff, 0xfa, 0x0, 0x0, 0x0, 0x0, 0x6, 0xef,
    0xff, 0xff, 0xff, 0xff, 0xfd, 0x50, 0x0, 0x0,
    0x0, 0x0, 0x0, 0x4, 0x9c, 0xef, 0xfe, 0xc9,
    0x40, 0x0, 0x0, 0x0,

    /* U+00DB "Û" */
    0x0, 0x0, 0x0, 0x0, 0x1, 0x78, 0x87, 0x10,
    0x0, 0x0, 0x0, 0x0, 0x0, 0x0, 0x0, 0x0,
    0x1d, 0xff, 0xff, 0xc0, 0x0, 0x0, 0x0, 0x0,
    0x0, 0x0, 0x0, 0x0, 0xcf, 0xff, 0xff, 0xfb,
    0x0, 0x0, 0x0, 0x0, 0x0, 0x0, 0x0, 0xb,
    0xff, 0xf6, 0x7f, 0xff, 0xa0, 0x0, 0x0, 0x0,
    0x0, 0x0, 0x0, 0xbf, 0xff, 0x90, 0x9, 0xff,
    0xf9, 0x0, 0x0, 0x0, 0x0, 0x0, 0xa, 0xff,
    0xfb, 0x0, 0x0, 0xcf, 0xff, 0x80, 0x0, 0x0,
    0x0, 0x0, 0x0, 0x0, 0x0, 0x0, 0x0, 0x0,
    0x0, 0x0, 0x0, 0x0, 0x0, 0x0, 0x0, 0x0,
    0x0, 0x0, 0x0, 0x0, 0x0, 0x0, 0x0, 0x0,
    0x0, 0x0, 0x0, 0x0, 0x0, 0x0, 0x0, 0x0,
    0x0, 0x0, 0x0, 0x0, 0x3f, 0xff, 0xfb, 0x0,
    0x0, 0x0, 0x0, 0x0, 0x0, 0xcf, 0xff, 0xf3,
    0x3f, 0xff, 0xfb, 0x0, 0x0, 0x0, 0x0, 0x0,
    0x0, 0xcf, 0xff, 0xf3, 0x3f, 0xff, 0xfb, 0x0,
    0x0, 0x0, 0x0, 0x0, 0x0, 0xcf, 0xff, 0xf3,
    0x3f, 0xff, 0xfb, 0x0, 0x0, 0x0, 0x0, 0x0,
    0x0, 0xcf, 0xff, 0xf3, 0x3f, 0xff, 0xfb, 0x0,
    0x0, 0x0, 0x0, 0x0, 0x0, 0xcf, 0xff, 0xf3,
    0x3f, 0xff, 0xfb, 0x0, 0x0, 0x0, 0x0, 0x0,
    0x0, 0xcf, 0xff, 0xf3, 0x3f, 0xff, 0xfb, 0x0,
    0x0, 0x0, 0x0, 0x0, 0x0, 0xcf, 0xff, 0xf3,
    0x3f, 0xff, 0xfb, 0x0, 0x0, 0x0, 0x0, 0x0,
    0x0, 0xcf, 0xff, 0xf3, 0x3f, 0xff, 0xfb, 0x0,
    0x0, 0x0, 0x0, 0x0, 0x0, 0xcf, 0xff, 0xf3,
    0x3f, 0xff, 0xfb, 0x0, 0x0, 0x0, 0x0, 0x0,
    0x0, 0xcf, 0xff, 0xf3, 0x3f, 0xff, 0xfb, 0x0,
    0x0, 0x0, 0x0, 0x0, 0x0, 0xcf, 0xff, 0xf3,
    0x3f, 0xff, 0xfb, 0x0, 0x0, 0x0, 0x0, 0x0,
    0x0, 0xcf, 0xff, 0xf3, 0x3f, 0xff, 0xfb, 0x0,
    0x0, 0x0, 0x0, 0x0, 0x0, 0xcf, 0xff, 0xf3,
    0x3f, 0xff, 0xfb, 0x0, 0x0, 0x0, 0x0, 0x0,
    0x0, 0xcf, 0xff, 0xf3, 0x3f, 0xff, 0xfb, 0x0,
    0x0, 0x0, 0x0, 0x0, 0x0, 0xcf, 0xff, 0xf3,
    0x3f, 0xff, 0xfb, 0x0, 0x0, 0x0, 0x0, 0x0,
    0x0, 0xcf, 0xff, 0xf3, 0x3f, 0xff, 0xfb, 0x0,
    0x0, 0x0, 0x0, 0x0, 0x0, 0xcf, 0xff, 0xf3,
    0x3f, 0xff, 0xfb, 0x0, 0x0, 0x0, 0x0, 0x0,
    0x0, 0xcf, 0xff, 0xf3, 0x3f, 0xff, 0xfc, 0x0,
    0x0, 0x0, 0x0, 0x0, 0x0, 0xdf, 0xff, 0xf2,
    0x1f, 0xff, 0xff, 0x0, 0x0, 0x0, 0x0, 0x0,
    0x0, 0xff, 0xff, 0xf1, 0xe, 0xff, 0xff, 0x70,
    0x0, 0x0, 0x0, 0x0, 0x7, 0xff, 0xff, 0xe0,
    0xa, 0xff, 0xff, 0xf2, 0x0, 0x0, 0x0, 0x0,
    0x3f, 0xff, 0xff, 0x90, 0x3, 0xff, 0xff, 0xfe,
    0x50, 0x0, 0x0, 0x5, 0xff, 0xff, 0xff, 0x20,
    0x0, 0x9f, 0xff, 0xff, 0xfd, 0x97, 0x79, 0xdf,
    0xff, 0xff, 0xf9, 0x0, 0x0, 0xc, 0xff, 0xff,
    0xff, 0xff, 0xff, 0xff, 0xff, 0xff, 0xc0, 0x0,
    0x0, 0x1, 0xbf, 0xff, 0xff, 0xff, 0xff, 0xff,
    0xff, 0xfa, 0x0, 0x0, 0x0, 0x0, 0x6, 0xef,
    0xff, 0xff, 0xff, 0xff, 0xfd, 0x50, 0x0, 0x0,
    0x0, 0x0, 0x0, 0x4, 0x9c, 0xef, 0xfe, 0xc9,
    0x40, 0x0, 0x0, 0x0,

    /* U+00DC "Ü" */
    0x0, 0x0, 0x0, 0x0, 0x0, 0x0, 0x0, 0x0,
    0x0, 0x0, 0x0, 0x0, 0x0, 0x0, 0x0, 0x9f,
    0xf7, 0x0, 0x0, 0x8f, 0xf8, 0x0, 0x0, 0x0,
    0x0, 0x0, 0x6, 0xff, 0xff, 0x40, 0x5, 0xff,
    0xff, 0x50, 0x0, 0x0, 0x0, 0x0, 0x9, 0xff,
    0xff, 0x70, 0x8, 0xff, 0xff, 0x80, 0x0, 0x0,
    0x0, 0x0, 0x5, 0xff, 0xff, 0x40, 0x4, 0xff,
    0xff, 0x50, 0x0, 0x0, 0x0, 0x0, 0x0, 0x8e,
    0xe6, 0x0, 0x0, 0x7e, 0xe7, 0x0, 0x0, 0x0,
    0x0, 0x0, 0x0, 0x0, 0x0, 0x0, 0x0, 0x0,
    0x0, 0x0, 0x0, 0x0, 0x0, 0x0, 0x0, 0x0,
    0x0, 0x0, 0x0, 0x0, 0x0, 0x0, 0x0, 0x0,
    0x0, 0x0, 0x0, 0x0, 0x0, 0x0, 0x0, 0x0,
    0x0, 0x0, 0x0, 0x0, 0x3f, 0xff, 0xfb, 0x0,
    0x0, 0x0, 0x0, 0x0, 0x0, 0xcf, 0xff, 0xf3,
    0x3f, 0xff, 0xfb, 0x0, 0x0, 0x0, 0x0, 0x0,
    0x0, 0xcf, 0xff, 0xf3, 0x3f, 0xff, 0xfb, 0x0,
    0x0, 0x0, 0x0, 0x0, 0x0, 0xcf, 0xff, 0xf3,
    0x3f, 0xff, 0xfb, 0x0, 0x0, 0x0, 0x0, 0x0,
    0x0, 0xcf, 0xff, 0xf3, 0x3f, 0xff, 0xfb, 0x0,
    0x0, 0x0, 0x0, 0x0, 0x0, 0xcf, 0xff, 0xf3,
    0x3f, 0xff, 0xfb, 0x0, 0x0, 0x0, 0x0, 0x0,
    0x0, 0xcf, 0xff, 0xf3, 0x3f, 0xff, 0xfb, 0x0,
    0x0, 0x0, 0x0, 0x0, 0x0, 0xcf, 0xff, 0xf3,
    0x3f, 0xff, 0xfb, 0x0, 0x0, 0x0, 0x0, 0x0,
    0x0, 0xcf, 0xff, 0xf3, 0x3f, 0xff, 0xfb, 0x0,
    0x0, 0x0, 0x0, 0x0, 0x0, 0xcf, 0xff, 0xf3,
    0x3f, 0xff, 0xfb, 0x0, 0x0, 0x0, 0x0, 0x0,
    0x0, 0xcf, 0xff, 0xf3, 0x3f, 0xff, 0xfb, 0x0,
    0x0, 0x0, 0x0, 0x0, 0x0, 0xcf, 0xff, 0xf3,
    0x3f, 0xff, 0xfb, 0x0, 0x0, 0x0, 0x0, 0x0,
    0x0, 0xcf, 0xff, 0xf3, 0x3f, 0xff, 0xfb, 0x0,
    0x0, 0x0, 0x0, 0x0, 0x0, 0xcf, 0xff, 0xf3,
    0x3f, 0xff, 0xfb, 0x0, 0x0, 0x0, 0x0, 0x0,
    0x0, 0xcf, 0xff, 0xf3, 0x3f, 0xff, 0xfb, 0x0,
    0x0, 0x0, 0x0, 0x0, 0x0, 0xcf, 0xff, 0xf3,
    0x3f, 0xff, 0xfb, 0x0, 0x0, 0x0, 0x0, 0x0,
    0x0, 0xcf, 0xff, 0xf3, 0x3f, 0xff, 0xfb, 0x0,
    0x0, 0x0, 0x0, 0x0, 0x0, 0xcf, 0xff, 0xf3,
    0x3f, 0xff, 0xfb, 0x0, 0x0, 0x0, 0x0, 0x0,
    0x0, 0xcf, 0xff, 0xf3, 0x3f, 0xff, 0xfc, 0x0,
    0x0, 0x0, 0x0, 0x0, 0x0, 0xdf, 0xff, 0xf2,
    0x1f, 0xff, 0xff, 0x0, 0x0, 0x0, 0x0, 0x0,
    0x0, 0xff, 0xff, 0xf1, 0xe, 0xff, 0xff, 0x70,
    0x0, 0x0, 0x0, 0x0, 0x7, 0xff, 0xff, 0xe0,
    0xa, 0xff, 0xff, 0xf2, 0x0, 0x0, 0x0, 0x0,
    0x3f, 0xff, 0xff, 0x90, 0x3, 0xff, 0xff, 0xfe,
    0x50, 0x0, 0x0, 0x5, 0xff, 0xff, 0xff, 0x20,
    0x0, 0x9f, 0xff, 0xff, 0xfd, 0x97, 0x79, 0xdf,
    0xff, 0xff, 0xf9, 0x0, 0x0, 0xc, 0xff, 0xff,
    0xff, 0xff, 0xff, 0xff, 0xff, 0xff, 0xc0, 0x0,
    0x0, 0x1, 0xbf, 0xff, 0xff, 0xff, 0xff, 0xff,
    0xff, 0xfa, 0x0, 0x0, 0x0, 0x0, 0x6, 0xef,
    0xff, 0xff, 0xff, 0xff, 0xfd, 0x50, 0x0, 0x0,
    0x0, 0x0, 0x0, 0x4, 0x9c, 0xef, 0xfe, 0xc9,
    0x40, 0x0, 0x0, 0x0,

    /* U+00DD "Ý" */
    0x0, 0x0, 0x0, 0x0, 0x0, 0x0, 0x0, 0xef,
    0xff, 0xa0, 0x0, 0x0, 0x0, 0x0, 0x0, 0x0,
    0x0, 0x0, 0x0, 0x0, 0x5f, 0xff, 0xe1, 0x0,
    0x0, 0x0, 0x0, 0x0, 0x0, 0x0, 0x0, 0x0,
    0x0, 0xd, 0xff, 0xf5, 0x0, 0x0, 0x0, 0x0,
    0x0, 0x0, 0x0, 0x0, 0x0, 0x0, 0x4, 0xff,
    0xfa, 0x0, 0x0, 0x0, 0x0, 0x0, 0x0, 0x0,
    0x0, 0x0, 0x0, 0x0, 0xbf, 0xfe, 0x10, 0x0,
    0x0, 0x0, 0x0, 0x0, 0x0, 0x0, 0x0, 0x0,
    0x0, 0x1a, 0xbb, 0x50, 0x0, 0x0, 0x0, 0x0,
    0x0, 0x0, 0x0, 0x0, 0x0, 0x0, 0x0, 0x0,
    0x0, 0x0, 0x0, 0x0, 0x0, 0x0, 0x0, 0x0,
    0x0, 0x0, 0x0, 0x0, 0x0, 0x0, 0x0, 0x0,
    0x0, 0x0, 0x0, 0x0, 0xc, 0xff, 0xff, 0xe1,
    0x0, 0x0, 0x0, 0x0, 0x0, 0x0, 0xdf, 0xff,
    0xfd, 0x0, 0x3f, 0xff, 0xff, 0x80, 0x0, 0x0,
    0x0, 0x0, 0x0, 0x6f, 0xff, 0xff, 0x40, 0x0,
    0x9f, 0xff, 0xff, 0x20, 0x0, 0x0, 0x0, 0x0,
    0xe, 0xff, 0xff, 0xb0, 0x0, 0x1, 0xef, 0xff,
    0xfa, 0x0, 0x0, 0x0, 0x0, 0x7, 0xff, 0xff,
    0xf2, 0x0, 0x0, 0x6, 0xff, 0xff, 0xf3, 0x0,
    0x0, 0x0, 0x1, 0xff, 0xff, 0xf8, 0x0, 0x0,
    0x0, 0xc, 0xff, 0xff, 0xc0, 0x0, 0x0, 0x0,
    0x9f, 0xff, 0xfe, 0x0, 0x0, 0x0, 0x0, 0x3f,
    0xff, 0xff, 0x50, 0x0, 0x0, 0x2f, 0xff, 0xff,
    0x50, 0x0, 0x0, 0x0, 0x0, 0x9f, 0xff, 0xfe,
    0x0, 0x0, 0xa, 0xff, 0xff, 0xc0, 0x0, 0x0,
    0x0, 0x0, 0x1, 0xef, 0xff, 0xf7, 0x0, 0x3,
    0xff, 0xff, 0xf3, 0x0, 0x0, 0x0, 0x0, 0x0,
    0x6, 0xff, 0xff, 0xf1, 0x0, 0xcf, 0xff, 0xf9,
    0x0, 0x0, 0x0, 0x0, 0x0, 0x0, 0xd, 0xff,
    0xff, 0x80, 0x4f, 0xff, 0xfe, 0x10, 0x0, 0x0,
    0x0, 0x0, 0x0, 0x0, 0x3f, 0xff, 0xff, 0xb,
    0xff, 0xff, 0x60, 0x0, 0x0, 0x0, 0x0, 0x0,
    0x0, 0x0, 0xaf, 0xff, 0xf9, 0xff, 0xff, 0xd0,
    0x0, 0x0, 0x0, 0x0, 0x0, 0x0, 0x0, 0x1,
    0xff, 0xff, 0xff, 0xff, 0xf3, 0x0, 0x0, 0x0,
    0x0, 0x0, 0x0, 0x0, 0x0, 0x7, 0xff, 0xff,
    0xff, 0xfa, 0x0, 0x0, 0x0, 0x0, 0x0, 0x0,
    0x0, 0x0, 0x0, 0xd, 0xff, 0xff, 0xff, 0x10,
    0x0, 0x0, 0x0, 0x0, 0x0, 0x0, 0x0, 0x0,
    0x0, 0x4f, 0xff, 0xff, 0x70, 0x0, 0x0, 0x0,
    0x0, 0x0, 0x0, 0x0, 0x0, 0x0, 0x0, 0xdf,
    0xff, 0xf1, 0x0, 0x0, 0x0, 0x0, 0x0, 0x0,
    0x0, 0x0, 0x0, 0x0, 0xd, 0xff, 0xff, 0x10,
    0x0, 0x0, 0x0, 0x0, 0x0, 0x0, 0x0, 0x0,
    0x0, 0x0, 0xdf, 0xff, 0xf1, 0x0, 0x0, 0x0,
    0x0, 0x0, 0x0, 0x0, 0x0, 0x0, 0x0, 0xd,
    0xff, 0xff, 0x10, 0x0, 0x0, 0x0, 0x0, 0x0,
    0x0, 0x0, 0x0, 0x0, 0x0, 0xdf, 0xff, 0xf1,
    0x0, 0x0, 0x0, 0x0, 0x0, 0x0, 0x0, 0x0,
    0x0, 0x0, 0xd, 0xff, 0xff, 0x10, 0x0, 0x0,
    0x0, 0x0, 0x0, 0x0, 0x0, 0x0, 0x0, 0x0,
    0xdf, 0xff, 0xf1, 0x0, 0x0, 0x0, 0x0, 0x0,
    0x0, 0x0, 0x0, 0x0, 0x0, 0xd, 0xff, 0xff,
    0x10, 0x0, 0x0, 0x0, 0x0, 0x0, 0x0, 0x0,
    0x0, 0x0, 0x0, 0xdf, 0xff, 0xf1, 0x0, 0x0,
    0x0, 0x0, 0x0, 0x0, 0x0, 0x0, 0x0, 0x0,
    0xd, 0xff, 0xff, 0x10, 0x0, 0x0, 0x0, 0x0,
    0x0, 0x0, 0x0, 0x0, 0x0, 0x0, 0xdf, 0xff,
    0xf1, 0x0, 0x0, 0x0, 0x0, 0x0,

    /* U+00DE "Þ" */
    0x5f, 0xff, 0xfa, 0x0, 0x0, 0x0, 0x0, 0x0,
    0x0, 0x0, 0x5, 0xff, 0xff, 0xa0, 0x0, 0x0,
    0x0, 0x0, 0x0, 0x0, 0x0, 0x5f, 0xff, 0xfa,
    0x0, 0x0, 0x0, 0x0, 0x0, 0x0, 0x0, 0x5,
    0xff, 0xff, 0xa0, 0x0, 0x0, 0x0, 0x0, 0x0,
    0x0, 0x0, 0x5f, 0xff, 0xfa, 0x0, 0x0, 0x0,
    0x0, 0x0, 0x0, 0x0, 0x5, 0xff, 0xff, 0xa0,
    0x0, 0x0, 0x0, 0x0, 0x0, 0x0, 0x0, 0x5f,
    0xff, 0xff, 0xff, 0xff, 0xfe, 0xda, 0x50, 0x0,
    0x0, 0x5, 0xff, 0xff, 0xff, 0xff, 0xff, 0xff,
    0xff, 0xe6, 0x0, 0x0, 0x5f, 0xff, 0xff, 0xff,
    0xff, 0xff, 0xff, 0xff, 0xfa, 0x0, 0x5, 0xff,
    0xff, 0xff, 0xff, 0xff, 0xff, 0xff, 0xff, 0xf9,
    0x0, 0x5f, 0xff, 0xfa, 0x0, 0x0, 0x1, 0x4c,
    0xff, 0xff, 0xf3, 0x5, 0xff, 0xff, 0xa0, 0x0,
    0x0, 0x0, 0xa, 0xff, 0xff, 0x90, 0x5f, 0xff,
    0xfa, 0x0, 0x0, 0x0, 0x0, 0xf, 0xff, 0xfd,
    0x5, 0xff, 0xff, 0xa0, 0x0, 0x0, 0x0, 0x0,
    0xbf, 0xff, 0xf0, 0x5f, 0xff, 0xfa, 0x0, 0x0,
    0x0, 0x0, 0xb, 0xff, 0xff, 0x5, 0xff, 0xff,
    0xa0, 0x0, 0x0, 0x0, 0x0, 0xff, 0xff, 0xe0,
    0x5f, 0xff, 0xfa, 0x0, 0x0, 0x0, 0x0, 0x9f,
    0xff, 0xf9, 0x5, 0xff, 0xff, 0xa0, 0x0, 0x0,
    0x4, 0xbf, 0xff, 0xff, 0x30, 0x5f, 0xff, 0xff,
    0xff, 0xff, 0xff, 0xff, 0xff, 0xff, 0x90, 0x5,
    0xff, 0xff, 0xff, 0xff, 0xff, 0xff, 0xff, 0xff,
    0xa0, 0x0, 0x5f, 0xff, 0xff, 0xff, 0xff, 0xff,
    0xff, 0xfe, 0x60, 0x0, 0x5, 0xff, 0xff, 0xff,
    0xff, 0xff, 0xfd, 0xa5, 0x0, 0x0, 0x0, 0x5f,
    0xff, 0xfa, 0x0, 0x0, 0x0, 0x0, 0x0, 0x0,
    0x0, 0x5, 0xff, 0xff, 0xa0, 0x0, 0x0, 0x0,
    0x0, 0x0, 0x0, 0x0, 0x5f, 0xff, 0xfa, 0x0,
    0x0, 0x0, 0x0, 0x0, 0x0, 0x0, 0x5, 0xff,
    0xff, 0xa0, 0x0, 0x0, 0x0, 0x0, 0x0, 0x0,
    0x0, 0x5f, 0xff, 0xfa, 0x0, 0x0, 0x0, 0x0,
    0x0, 0x0, 0x0, 0x5, 0xff, 0xff, 0xa0, 0x0,
    0x0, 0x0, 0x0, 0x0, 0x0, 0x0,

    /* U+00DF "ß" */
    0x0, 0x0, 0x3, 0x8c, 0xef, 0xed, 0xb6, 0x10,
    0x0, 0x0, 0x0, 0x0, 0x2b, 0xff, 0xff, 0xff,
    0xff, 0xff, 0x80, 0x0, 0x0, 0x0, 0x3f, 0xff,
    0xff, 0xff, 0xff, 0xff, 0xff, 0xc1, 0x0, 0x0,
    0x1e, 0xff, 0xff, 0xff, 0xff, 0xff, 0xff, 0xff,
    0xc0, 0x0, 0x9, 0xff, 0xff, 0xfc, 0x53, 0x36,
    0xdf, 0xff, 0xff, 0x60, 0x0, 0xef, 0xff, 0xf9,
    0x0, 0x0, 0x1, 0xdf, 0xff, 0xfb, 0x0, 0x2f,
    0xff, 0xfe, 0x0, 0x0, 0x0, 0x4, 0xff, 0xff,
    0xe0, 0x3, 0xff, 0xff, 0xb0, 0x0, 0x0, 0x0,
    0xf, 0xff, 0xff, 0x0, 0x3f, 0xff, 0xfa, 0x0,
    0x0, 0x0, 0x0, 0xff, 0xff, 0xd0, 0x3, 0xff,
    0xff, 0xa0, 0x0, 0x0, 0x0, 0x3f, 0xff, 0xfa,
    0x0, 0x3f, 0xff, 0xfa, 0x0, 0x0, 0x0, 0xc,
    0xff, 0xff, 0x30, 0x3, 0xff, 0xff, 0xa0, 0x0,
    0x0, 0x2b, 0xff, 0xff, 0x70, 0x0, 0x3f, 0xff,
    0xfa, 0x0, 0x2f, 0xff, 0xff, 0xfe, 0x60, 0x0,
    0x3, 0xff, 0xff, 0xa0, 0x2, 0xff, 0xff, 0xff,
    0x61, 0x0, 0x0, 0x3f, 0xff, 0xfa, 0x0, 0x2f,
    0xff, 0xff, 0xff, 0xfa, 0x10, 0x3, 0xff, 0xff,
    0xa0, 0x2, 0xff, 0xff, 0xff, 0xff, 0xfd, 0x10,
    0x3f, 0xff, 0xfa, 0x0, 0x0, 0x0, 0x16, 0xef,
    0xff, 0xfb, 0x3, 0xff, 0xff, 0xa0, 0x0, 0x0,
    0x0, 0x2, 0xef, 0xff, 0xf3, 0x3f, 0xff, 0xfa,
    0x0, 0x0, 0x0, 0x0, 0x6, 0xff, 0xff, 0x83,
    0xff, 0xff, 0xa0, 0x0, 0x0, 0x0, 0x0, 0x2f,
    0xff, 0xfb, 0x3f, 0xff, 0xfa, 0x0, 0x0, 0x0,
    0x0, 0x2, 0xff, 0xff, 0xb3, 0xff, 0xff, 0xa0,
    0x0, 0x0, 0x0, 0x0, 0x6f, 0xff, 0xfa, 0x3f,
    0xff, 0xfa, 0x0, 0x0, 0x0, 0x0, 0x1e, 0xff,
    0xff, 0x73, 0xff, 0xff, 0xa0, 0x0, 0x11, 0x12,
    0x6e, 0xff, 0xff, 0xf2, 0x3f, 0xff, 0xfa, 0x0,
    0x4f, 0xff, 0xff, 0xff, 0xff, 0xf9, 0x3, 0xff,
    0xff, 0xa0, 0x4, 0xff, 0xff, 0xff, 0xff, 0xfb,
    0x0, 0x3f, 0xff, 0xfa, 0x0, 0x4f, 0xff, 0xff,
    0xff, 0xf8, 0x0, 0x3, 0xff, 0xff, 0xa0, 0x4,
    0xff, 0xff, 0xec, 0x72, 0x0, 0x0,

    /* U+00E0 "à" */
    0x0, 0x0, 0x5b, 0xbb, 0xa1, 0x0, 0x0, 0x0,
    0x0, 0x0, 0x0, 0x0, 0xef, 0xff, 0x80, 0x0,
    0x0, 0x0, 0x0, 0x0, 0x0, 0x4, 0xff, 0xfe,
    0x0, 0x0, 0x0, 0x0, 0x0, 0x0, 0x0, 0xa,
    0xff, 0xf6, 0x0, 0x0, 0x0, 0x0, 0x0, 0x0,
    0x0, 0x1e, 0xff, 0xd0, 0x0, 0x0, 0x0, 0x0,
    0x0, 0x0, 0x0, 0x5f, 0xff, 0x50, 0x0, 0x0,
    0x0, 0x0, 0x0, 0x0, 0x0, 0x0, 0x0, 0x0,
    0x0, 0x0, 0x0, 0x0, 0x0, 0x0, 0x0, 0x0,
    0x0, 0x0, 0x0, 0x0, 0x0, 0x0, 0x0, 0x0,
    0x0, 0x0, 0x0, 0x0, 0x0, 0x0, 0x0, 0x0,
    0x38, 0xce, 0xff, 0xdb, 0x61, 0x0, 0x0, 0x0,
    0x2, 0xcf, 0xff, 0xff, 0xff, 0xff, 0xf7, 0x0,
    0x0, 0x4, 0xff, 0xff, 0xff, 0xff, 0xff, 0xff,
    0xf9, 0x0, 0x1, 0xff, 0xff, 0xff, 0xdb, 0xcf,
    0xff, 0xff, 0xf5, 0x0, 0xaf, 0xff, 0xfc, 0x30,
    0x0, 0x9, 0xff, 0xff, 0xc0, 0x6, 0xad, 0xfd,
    0x0, 0x0, 0x0, 0xd, 0xff, 0xff, 0x10, 0x0,
    0x0, 0x10, 0x0, 0x0, 0x0, 0xaf, 0xff, 0xf3,
    0x0, 0x0, 0x0, 0x0, 0x0, 0x0, 0xb, 0xff,
    0xff, 0x40, 0x0, 0x0, 0x0, 0x14, 0x57, 0xad,
    0xff, 0xff, 0xf4, 0x0, 0x1, 0x7b, 0xff, 0xff,
    0xff, 0xff, 0xff, 0xff, 0x40, 0x6, 0xff, 0xff,
    0xff, 0xff, 0xff, 0xff, 0xff, 0xf4, 0x8, 0xff,
    0xff, 0xff, 0xfc, 0xa7, 0x48, 0xff, 0xff, 0x42,
    0xff, 0xff, 0xf9, 0x30, 0x0, 0x0, 0x8f, 0xff,
    0xf4, 0x7f, 0xff, 0xf7, 0x0, 0x0, 0x0, 0x8,
    0xff, 0xff, 0x49, 0xff, 0xff, 0x20, 0x0, 0x0,
    0x0, 0xcf, 0xff, 0xf4, 0x8f, 0xff, 0xf3, 0x0,
    0x0, 0x0, 0x4f, 0xff, 0xff, 0x46, 0xff, 0xff,
    0xc1, 0x0, 0x0, 0x5f, 0xff, 0xff, 0xf4, 0x1f,
    0xff, 0xff, 0xfb, 0x9a, 0xef, 0xfe, 0xff, 0xff,
    0x40, 0x7f, 0xff, 0xff, 0xff, 0xff, 0xfd, 0x6f,
    0xff, 0xf4, 0x0, 0x7f, 0xff, 0xff, 0xff, 0xfd,
    0x25, 0xff, 0xff, 0x40, 0x0, 0x28, 0xce, 0xfe,
    0xb5, 0x0, 0x5f, 0xff, 0xf4,

    /* U+00E1 "á" */
    0x0, 0x0, 0x0, 0x0, 0x0, 0x7b, 0xbb, 0x90,
    0x0, 0x0, 0x0, 0x0, 0x0, 0x0, 0x1f, 0xff,
    0xf5, 0x0, 0x0, 0x0, 0x0, 0x0, 0x0, 0x8,
    0xff, 0xfb, 0x0, 0x0, 0x0, 0x0, 0x0, 0x0,
    0x0, 0xef, 0xff, 0x10, 0x0, 0x0, 0x0, 0x0,
    0x0, 0x0, 0x6f, 0xff, 0x60, 0x0, 0x0, 0x0,
    0x0, 0x0, 0x0, 0xd, 0xff, 0xb0, 0x0, 0x0,
    0x0, 0x0, 0x0, 0x0, 0x0, 0x0, 0x0, 0x0,
    0x0, 0x0, 0x0, 0x0, 0x0, 0x0, 0x0, 0x0,
    0x0, 0x0, 0x0, 0x0, 0x0, 0x0, 0x0, 0x0,
    0x0, 0x0, 0x0, 0x0, 0x0, 0x0, 0x0, 0x0,
    0x38, 0xce, 0xff, 0xdb, 0x61, 0x0, 0x0, 0x0,
    0x2, 0xcf, 0xff, 0xff, 0xff, 0xff, 0xf7, 0x0,
    0x0, 0x4, 0xff, 0xff, 0xff, 0xff, 0xff, 0xff,
    0xf9, 0x0, 0x1, 0xff, 0xff, 0xff, 0xdb, 0xcf,
    0xff, 0xff, 0xf5, 0x0, 0xaf, 0xff, 0xfc, 0x30,
    0x0, 0x9, 0xff, 0xff, 0xc0, 0x6, 0xad, 0xfd,
    0x0, 0x0, 0x0, 0xd, 0xff, 0xff, 0x10, 0x0,
    0x0, 0x10, 0x0, 0x0, 0x0, 0xaf, 0xff, 0xf3,
    0x0, 0x0, 0x0, 0x0, 0x0, 0x0, 0xb, 0xff,
    0xff, 0x40, 0x0, 0x0, 0x0, 0x14, 0x57, 0xad,
    0xff, 0xff, 0xf4, 0x0, 0x1, 0x7b, 0xff, 0xff,
    0xff, 0xff, 0xff, 0xff, 0x40, 0x6, 0xff, 0xff,
    0xff, 0xff, 0xff, 0xff, 0xff, 0xf4, 0x8, 0xff,
    0xff, 0xff, 0xfc, 0xa7, 0x48, 0xff, 0xff, 0x42,
    0xff, 0xff, 0xf9, 0x30, 0x0, 0x0, 0x8f, 0xff,
    0xf4, 0x7f, 0xff, 0xf7, 0x0, 0x0, 0x0, 0x8,
    0xff, 0xff, 0x49, 0xff, 0xff, 0x20, 0x0, 0x0,
    0x0, 0xcf, 0xff, 0xf4, 0x8f, 0xff, 0xf3, 0x0,
    0x0, 0x0, 0x4f, 0xff, 0xff, 0x46, 0xff, 0xff,
    0xc1, 0x0, 0x0, 0x5f, 0xff, 0xff, 0xf4, 0x1f,
    0xff, 0xff, 0xfb, 0x9a, 0xef, 0xfe, 0xff, 0xff,
    0x40, 0x7f, 0xff, 0xff, 0xff, 0xff, 0xfd, 0x6f,
    0xff, 0xf4, 0x0, 0x7f, 0xff, 0xff, 0xff, 0xfd,
    0x25, 0xff, 0xff, 0x40, 0x0, 0x28, 0xce, 0xfe,
    0xb5, 0x0, 0x5f, 0xff, 0xf4,

    /* U+00E2 "â" */
    0x0, 0x0, 0x0, 0x3, 0x88, 0x87, 0x0, 0x0,
    0x0, 0x0, 0x0, 0x0, 0x3, 0xff, 0xff, 0xf9,
    0x0, 0x0, 0x0, 0x0, 0x0, 0x2, 0xef, 0xff,
    0xff, 0xf8, 0x0, 0x0, 0x0, 0x0, 0x2, 0xef,
    0xff, 0x3a, 0xff, 0xf6, 0x0, 0x0, 0x0, 0x1,
    0xdf, 0xff, 0x50, 0xd, 0xff, 0xf5, 0x0, 0x0,
    0x0, 0xdf, 0xff, 0x80, 0x0, 0x1e, 0xff, 0xf4,
    0x0, 0x0, 0x0, 0x0, 0x0, 0x0, 0x0, 0x0,
    0x0, 0x0, 0x0, 0x0, 0x0, 0x0, 0x0, 0x0,
    0x0, 0x0, 0x0, 0x0, 0x0, 0x0, 0x0, 0x0,
    0x0, 0x0, 0x0, 0x0, 0x0, 0x0, 0x0, 0x0,
    0x38, 0xce, 0xff, 0xdb, 0x61, 0x0, 0x0, 0x0,
    0x2, 0xcf, 0xff, 0xff, 0xff, 0xff, 0xf7, 0x0,
    0x0, 0x4, 0xff, 0xff, 0xff, 0xff, 0xff, 0xff,
    0xf9, 0x0, 0x1, 0xff, 0xff, 0xff, 0xdb, 0xcf,
    0xff, 0xff, 0xf5, 0x0, 0xaf, 0xff, 0xfc, 0x30,
    0x0, 0x9, 0xff, 0xff, 0xc0, 0x6, 0xad, 0xfd,
    0x0, 0x0, 0x0, 0xd, 0xff, 0xff, 0x10, 0x0,
    0x0, 0x10, 0x0, 0x0, 0x0, 0xaf, 0xff, 0xf3,
    0x0, 0x0, 0x0, 0x0, 0x0, 0x0, 0xb, 0xff,
    0xff, 0x40, 0x0, 0x0, 0x0, 0x14, 0x57, 0xad,
    0xff, 0xff, 0xf4, 0x0, 0x1, 0x7b, 0xff, 0xff,
    0xff, 0xff, 0xff, 0xff, 0x40, 0x6, 0xff, 0xff,
    0xff, 0xff, 0xff, 0xff, 0xff, 0xf4, 0x8, 0xff,
    0xff, 0xff, 0xfc, 0xa7, 0x48, 0xff, 0xff, 0x42,
    0xff, 0xff, 0xf9, 0x30, 0x0, 0x0, 0x8f, 0xff,
    0xf4, 0x7f, 0xff, 0xf7, 0x0, 0x0, 0x0, 0x8,
    0xff, 0xff, 0x49, 0xff, 0xff, 0x20, 0x0, 0x0,
    0x0, 0xcf, 0xff, 0xf4, 0x8f, 0xff, 0xf3, 0x0,
    0x0, 0x0, 0x4f, 0xff, 0xff, 0x46, 0xff, 0xff,
    0xc1, 0x0, 0x0, 0x5f, 0xff, 0xff, 0xf4, 0x1f,
    0xff, 0xff, 0xfb, 0x9a, 0xef, 0xfe, 0xff, 0xff,
    0x40, 0x7f, 0xff, 0xff, 0xff, 0xff, 0xfd, 0x6f,
    0xff, 0xf4, 0x0, 0x7f, 0xff, 0xff, 0xff, 0xfd,
    0x25, 0xff, 0xff, 0x40, 0x0, 0x28, 0xce, 0xfe,
    0xb5, 0x0, 0x5f, 0xff, 0xf4,

    /* U+00E3 "ã" */
    0x0, 0x0, 0x7, 0xef, 0xc4, 0x0, 0xf, 0xfc,
    0x0, 0x0, 0x0, 0x6, 0xff, 0xff, 0xf9, 0x16,
    0xff, 0xa0, 0x0, 0x0, 0x0, 0xef, 0xfe, 0xff,
    0xff, 0xff, 0xf5, 0x0, 0x0, 0x0, 0x2f, 0xfc,
    0x3, 0xcf, 0xff, 0xfc, 0x0, 0x0, 0x0, 0x4,
    0xee, 0x70, 0x0, 0x6c, 0xd9, 0x10, 0x0, 0x0,
    0x0, 0x0, 0x0, 0x0, 0x0, 0x0, 0x0, 0x0,
    0x0, 0x0, 0x0, 0x0, 0x0, 0x0, 0x0, 0x0,
    0x0, 0x0, 0x0, 0x0, 0x0, 0x0, 0x0, 0x0,
    0x0, 0x0, 0x0, 0x0, 0x0, 0x0, 0x3, 0x8c,
    0xef, 0xfd, 0xb6, 0x10, 0x0, 0x0, 0x0, 0x2c,
    0xff, 0xff, 0xff, 0xff, 0xff, 0x70, 0x0, 0x0,
    0x4f, 0xff, 0xff, 0xff, 0xff, 0xff, 0xff, 0x90,
    0x0, 0x1f, 0xff, 0xff, 0xfd, 0xbc, 0xff, 0xff,
    0xff, 0x50, 0xa, 0xff, 0xff, 0xc3, 0x0, 0x0,
    0x9f, 0xff, 0xfc, 0x0, 0x6a, 0xdf, 0xd0, 0x0,
    0x0, 0x0, 0xdf, 0xff, 0xf1, 0x0, 0x0, 0x1,
    0x0, 0x0, 0x0, 0xa, 0xff, 0xff, 0x30, 0x0,
    0x0, 0x0, 0x0, 0x0, 0x0, 0xbf, 0xff, 0xf4,
    0x0, 0x0, 0x0, 0x1, 0x45, 0x7a, 0xdf, 0xff,
    0xff, 0x40, 0x0, 0x17, 0xbf, 0xff, 0xff, 0xff,
    0xff, 0xff, 0xf4, 0x0, 0x6f, 0xff, 0xff, 0xff,
    0xff, 0xff, 0xff, 0xff, 0x40, 0x8f, 0xff, 0xff,
    0xff, 0xca, 0x74, 0x8f, 0xff, 0xf4, 0x2f, 0xff,
    0xff, 0x93, 0x0, 0x0, 0x8, 0xff, 0xff, 0x47,
    0xff, 0xff, 0x70, 0x0, 0x0, 0x0, 0x8f, 0xff,
    0xf4, 0x9f, 0xff, 0xf2, 0x0, 0x0, 0x0, 0xc,
    0xff, 0xff, 0x48, 0xff, 0xff, 0x30, 0x0, 0x0,
    0x4, 0xff, 0xff, 0xf4, 0x6f, 0xff, 0xfc, 0x10,
    0x0, 0x5, 0xff, 0xff, 0xff, 0x41, 0xff, 0xff,
    0xff, 0xb9, 0xae, 0xff, 0xef, 0xff, 0xf4, 0x7,
    0xff, 0xff, 0xff, 0xff, 0xff, 0xd6, 0xff, 0xff,
    0x40, 0x7, 0xff, 0xff, 0xff, 0xff, 0xd2, 0x5f,
    0xff, 0xf4, 0x0, 0x2, 0x8c, 0xef, 0xeb, 0x50,
    0x5, 0xff, 0xff, 0x40,

    /* U+00E4 "ä" */
    0x0, 0x0, 0x0, 0x0, 0x0, 0x0, 0x0, 0x0,
    0x0, 0x0, 0x0, 0x1b, 0xfe, 0x40, 0x0, 0xa,
    0xfe, 0x50, 0x0, 0x0, 0xa, 0xff, 0xff, 0x10,
    0x9, 0xff, 0xff, 0x20, 0x0, 0x0, 0xdf, 0xff,
    0xf3, 0x0, 0xcf, 0xff, 0xf5, 0x0, 0x0, 0x9,
    0xff, 0xfe, 0x10, 0x8, 0xff, 0xff, 0x10, 0x0,
    0x0, 0x1a, 0xfd, 0x30, 0x0, 0x9, 0xfd, 0x40,
    0x0, 0x0, 0x0, 0x0, 0x0, 0x0, 0x0, 0x0,
    0x0, 0x0, 0x0, 0x0, 0x0, 0x0, 0x0, 0x0,
    0x0, 0x0, 0x0, 0x0, 0x0, 0x0, 0x0, 0x0,
    0x0, 0x0, 0x0, 0x0, 0x0, 0x0, 0x0, 0x0,
    0x38, 0xce, 0xff, 0xdb, 0x61, 0x0, 0x0, 0x0,
    0x2, 0xcf, 0xff, 0xff, 0xff, 0xff, 0xf7, 0x0,
    0x0, 0x4, 0xff, 0xff, 0xff, 0xff, 0xff, 0xff,
    0xf9, 0x0, 0x1, 0xff, 0xff, 0xff, 0xdb, 0xcf,
    0xff, 0xff, 0xf5, 0x0, 0xaf, 0xff, 0xfc, 0x30,
    0x0, 0x9, 0xff, 0xff, 0xc0, 0x6, 0xad, 0xfd,
    0x0, 0x0, 0x0, 0xd, 0xff, 0xff, 0x10, 0x0,
    0x0, 0x10, 0x0, 0x0, 0x0, 0xaf, 0xff, 0xf3,
    0x0, 0x0, 0x0, 0x0, 0x0, 0x0, 0xb, 0xff,
    0xff, 0x40, 0x0, 0x0, 0x0, 0x14, 0x57, 0xad,
    0xff, 0xff, 0xf4, 0x0, 0x1, 0x7b, 0xff, 0xff,
    0xff, 0xff, 0xff, 0xff, 0x40, 0x6, 0xff, 0xff,
    0xff, 0xff, 0xff, 0xff, 0xff, 0xf4, 0x8, 0xff,
    0xff, 0xff, 0xfc, 0xa7, 0x48, 0xff, 0xff, 0x42,
    0xff, 0xff, 0xf9, 0x30, 0x0, 0x0, 0x8f, 0xff,
    0xf4, 0x7f, 0xff, 0xf7, 0x0, 0x0, 0x0, 0x8,
    0xff, 0xff, 0x49, 0xff, 0xff, 0x20, 0x0, 0x0,
    0x0, 0xcf, 0xff, 0xf4, 0x8f, 0xff, 0xf3, 0x0,
    0x0, 0x0, 0x4f, 0xff, 0xff, 0x46, 0xff, 0xff,
    0xc1, 0x0, 0x0, 0x5f, 0xff, 0xff, 0xf4, 0x1f,
    0xff, 0xff, 0xfb, 0x9a, 0xef, 0xfe, 0xff, 0xff,
    0x40, 0x7f, 0xff, 0xff, 0xff, 0xff, 0xfd, 0x6f,
    0xff, 0xf4, 0x0, 0x7f, 0xff, 0xff, 0xff, 0xfd,
    0x25, 0xff, 0xff, 0x40, 0x0, 0x28, 0xce, 0xfe,
    0xb5, 0x0, 0x5f, 0xff, 0xf4,

    /* U+00E5 "å" */
    0x0, 0x0, 0x0, 0x7, 0xdf, 0xea, 0x30, 0x0,
    0x0, 0x0, 0x0, 0x0, 0x1c, 0xff, 0xff, 0xff,
    0x50, 0x0, 0x0, 0x0, 0x0, 0xa, 0xff, 0xd8,
    0xaf, 0xff, 0x20, 0x0, 0x0, 0x0, 0x1, 0xff,
    0xd0, 0x0, 0x6f, 0xf8, 0x0, 0x0, 0x0, 0x0,
    0x3f, 0xf8, 0x0, 0x0, 0xff, 0xb0, 0x0, 0x0,
    0x0, 0x2, 0xff, 0xa0, 0x0, 0x2f, 0xfa, 0x0,
    0x0, 0x0, 0x0, 0xe, 0xff, 0x60, 0x2c, 0xff,
    0x50, 0x0, 0x0, 0x0, 0x0, 0x5f, 0xff, 0xff,
    0xff, 0xc0, 0x0, 0x0, 0x0, 0x0, 0x0, 0x5e,
    0xff, 0xff, 0xa1, 0x0, 0x0, 0x0, 0x0, 0x0,
    0x0, 0x4, 0x66, 0x20, 0x0, 0x0, 0x0, 0x0,
    0x0, 0x0, 0x0, 0x0, 0x0, 0x0, 0x0, 0x0,
    0x0, 0x0, 0x0, 0x38, 0xce, 0xff, 0xdb, 0x61,
    0x0, 0x0, 0x0, 0x2, 0xcf, 0xff, 0xff, 0xff,
    0xff, 0xf7, 0x0, 0x0, 0x4, 0xff, 0xff, 0xff,
    0xff, 0xff, 0xff, 0xf9, 0x0, 0x1, 0xff, 0xff,
    0xff, 0xdb, 0xcf, 0xff, 0xff, 0xf5, 0x0, 0xaf,
    0xff, 0xfc, 0x30, 0x0, 0x9, 0xff, 0xff, 0xc0,
    0x6, 0xad, 0xfd, 0x0, 0x0, 0x0, 0xd, 0xff,
    0xff, 0x10, 0x0, 0x0, 0x10, 0x0, 0x0, 0x0,
    0xaf, 0xff, 0xf3, 0x0, 0x0, 0x0, 0x0, 0x0,
    0x0, 0xb, 0xff, 0xff, 0x40, 0x0, 0x0, 0x0,
    0x14, 0x57, 0xad, 0xff, 0xff, 0xf4, 0x0, 0x1,
    0x7b, 0xff, 0xff, 0xff, 0xff, 0xff, 0xff, 0x40,
    0x6, 0xff, 0xff, 0xff, 0xff, 0xff, 0xff, 0xff,
    0xf4, 0x8, 0xff, 0xff, 0xff, 0xfc, 0xa7, 0x48,
    0xff, 0xff, 0x42, 0xff, 0xff, 0xf9, 0x30, 0x0,
    0x0, 0x8f, 0xff, 0xf4, 0x7f, 0xff, 0xf7, 0x0,
    0x0, 0x0, 0x8, 0xff, 0xff, 0x49, 0xff, 0xff,
    0x20, 0x0, 0x0, 0x0, 0xcf, 0xff, 0xf4, 0x8f,
    0xff, 0xf3, 0x0, 0x0, 0x0, 0x4f, 0xff, 0xff,
    0x46, 0xff, 0xff, 0xc1, 0x0, 0x0, 0x5f, 0xff,
    0xff, 0xf4, 0x1f, 0xff, 0xff, 0xfb, 0x9a, 0xef,
    0xfe, 0xff, 0xff, 0x40, 0x7f, 0xff, 0xff, 0xff,
    0xff, 0xfd, 0x6f, 0xff, 0xf4, 0x0, 0x7f, 0xff,
    0xff, 0xff, 0xfd, 0x25, 0xff, 0xff, 0x40, 0x0,
    0x28, 0xce, 0xfe, 0xb5, 0x0, 0x5f, 0xff, 0xf4,

    /* U+00E6 "æ" */
    0x0, 0x0, 0x3, 0x9c, 0xef, 0xfd, 0x94, 0x0,
    0x0, 0x17, 0xce, 0xff, 0xd9, 0x40, 0x0, 0x0,
    0x0, 0x0, 0x3c, 0xff, 0xff, 0xff, 0xff, 0xfb,
    0x10, 0x8f, 0xff, 0xff, 0xff, 0xff, 0xd3, 0x0,
    0x0, 0x0, 0x5f, 0xff, 0xff, 0xff, 0xff, 0xff,
    0xfc, 0xbf, 0xff, 0xff, 0xff, 0xff, 0xff, 0xf6,
    0x0, 0x0, 0x2f, 0xff, 0xff, 0xfd, 0xbc, 0xef,
    0xff, 0xff, 0xff, 0xff, 0xdb, 0xcf, 0xff, 0xff,
    0xf4, 0x0, 0xb, 0xff, 0xff, 0xb2, 0x0, 0x0,
    0x8f, 0xff, 0xff, 0xfa, 0x10, 0x0, 0x8, 0xff,
    0xff, 0xe0, 0x0, 0x46, 0x9c, 0xb0, 0x0, 0x0,
    0x0, 0xcf, 0xff, 0xfb, 0x0, 0x0, 0x0, 0x7,
    0xff, 0xff, 0x60, 0x0, 0x0, 0x0, 0x0, 0x0,
    0x0, 0x9, 0xff, 0xff, 0x10, 0x0, 0x0, 0x0,
    0xe, 0xff, 0xfb, 0x0, 0x0, 0x0, 0x0, 0x0,
    0x0, 0x0, 0x9f, 0xff, 0xc0, 0x0, 0x0, 0x0,
    0x0, 0xaf, 0xff, 0xe0, 0x0, 0x0, 0x16, 0xad,
    0xef, 0xff, 0xff, 0xff, 0xff, 0xff, 0xff, 0xff,
    0xff, 0xff, 0xff, 0xff, 0x0, 0x0, 0x9f, 0xff,
    0xff, 0xff, 0xff, 0xff, 0xff, 0xff, 0xff, 0xff,
    0xff, 0xff, 0xff, 0xff, 0xf1, 0x2, 0xdf, 0xff,
    0xff, 0xff, 0xff, 0xff, 0xff, 0xff, 0xff, 0xff,
    0xff, 0xff, 0xff, 0xff, 0xff, 0x10, 0xcf, 0xff,
    0xff, 0xa6, 0x54, 0x44, 0xaf, 0xff, 0xc4, 0x44,
    0x44, 0x44, 0x44, 0x44, 0x44, 0x40, 0x4f, 0xff,
    0xfd, 0x20, 0x0, 0x0, 0x9, 0xff, 0xfc, 0x0,
    0x0, 0x0, 0x0, 0x0, 0x0, 0x0, 0x7, 0xff,
    0xff, 0x40, 0x0, 0x0, 0x0, 0xaf, 0xff, 0xf0,
    0x0, 0x0, 0x0, 0x0, 0x0, 0x0, 0x0, 0x9f,
    0xff, 0xf2, 0x0, 0x0, 0x0, 0xe, 0xff, 0xff,
    0x50, 0x0, 0x0, 0x0, 0x7, 0x75, 0x31, 0x8,
    0xff, 0xff, 0x50, 0x0, 0x0, 0x8, 0xff, 0xff,
    0xfe, 0x10, 0x0, 0x0, 0x4, 0xff, 0xff, 0xa0,
    0x5f, 0xff, 0xfe, 0x40, 0x0, 0x19, 0xff, 0xff,
    0xff, 0xfe, 0x50, 0x0, 0x7, 0xff, 0xff, 0xf4,
    0x0, 0xef, 0xff, 0xff, 0xec, 0xdf, 0xff, 0xff,
    0xcf, 0xff, 0xff, 0xfd, 0xdf, 0xff, 0xff, 0xfa,
    0x0, 0x6, 0xff, 0xff, 0xff, 0xff, 0xff, 0xff,
    0x60, 0xcf, 0xff, 0xff, 0xff, 0xff, 0xff, 0xfc,
    0x0, 0x0, 0x6, 0xff, 0xff, 0xff, 0xff, 0xfd,
    0x40, 0x0, 0x8f, 0xff, 0xff, 0xff, 0xff, 0xf8,
    0x0, 0x0, 0x0, 0x1, 0x7c, 0xef, 0xec, 0x94,
    0x0, 0x0, 0x0, 0x17, 0xbd, 0xff, 0xeb, 0x71,
    0x0, 0x0, 0x0,

    /* U+00E7 "ç" */
    0x0, 0x0, 0x0, 0x49, 0xcf, 0xfe, 0xd9, 0x40,
    0x0, 0x0, 0x0, 0x0, 0x2c, 0xff, 0xff, 0xff,
    0xff, 0xfd, 0x30, 0x0, 0x0, 0x4, 0xff, 0xff,
    0xff, 0xff, 0xff, 0xff, 0xf5, 0x0, 0x0, 0x3f,
    0xff, 0xff, 0xff, 0xff, 0xff, 0xff, 0xff, 0x30,
    0x0, 0xdf, 0xff, 0xfe, 0x50, 0x0, 0x5d, 0xff,
    0xff, 0xc0, 0x5, 0xff, 0xff, 0xe2, 0x0, 0x0,
    0x1, 0xdf, 0xff, 0xf3, 0xb, 0xff, 0xff, 0x60,
    0x0, 0x0, 0x0, 0x5f, 0xfd, 0xa3, 0xf, 0xff,
    0xff, 0x0, 0x0, 0x0, 0x0, 0x3, 0x0, 0x0,
    0x3f, 0xff, 0xfc, 0x0, 0x0, 0x0, 0x0, 0x0,
    0x0, 0x0, 0x4f, 0xff, 0xf9, 0x0, 0x0, 0x0,
    0x0, 0x0, 0x0, 0x0, 0x5f, 0xff, 0xf9, 0x0,
    0x0, 0x0, 0x0, 0x0, 0x0, 0x0, 0x4f, 0xff,
    0xfa, 0x0, 0x0, 0x0, 0x0, 0x0, 0x0, 0x0,
    0x3f, 0xff, 0xfc, 0x0, 0x0, 0x0, 0x0, 0x0,
    0x0, 0x0, 0xf, 0xff, 0xff, 0x0, 0x0, 0x0,
    0x0, 0x6, 0x20, 0x0, 0xb, 0xff, 0xff, 0x70,
    0x0, 0x0, 0x0, 0x5f, 0xff, 0xc4, 0x5, 0xff,
    0xff, 0xe2, 0x0, 0x0, 0x1, 0xef, 0xff, 0xf3,
    0x0, 0xdf, 0xff, 0xfe, 0x60, 0x0, 0x5d, 0xff,
    0xff, 0xc0, 0x0, 0x3f, 0xff, 0xff, 0xff, 0xff,
    0xff, 0xff, 0xff, 0x30, 0x0, 0x4, 0xff, 0xff,
    0xff, 0xff, 0xff, 0xff, 0xf5, 0x0, 0x0, 0x0,
    0x2c, 0xff, 0xff, 0xff, 0xff, 0xfd, 0x30, 0x0,
    0x0, 0x0, 0x0, 0x49, 0xdf, 0xff, 0xd9, 0x40,
    0x0, 0x0, 0x0, 0x0, 0x0, 0x0, 0xa, 0xf8,
    0x0, 0x0, 0x0, 0x0, 0x0, 0x0, 0x0, 0x0,
    0xc, 0xfd, 0x84, 0x0, 0x0, 0x0, 0x0, 0x0,
    0x0, 0x0, 0xf, 0xff, 0xff, 0x70, 0x0, 0x0,
    0x0, 0x0, 0x0, 0x0, 0x4, 0x46, 0xff, 0xf0,
    0x0, 0x0, 0x0, 0x0, 0x0, 0x0, 0x0, 0x0,
    0xcf, 0xf1, 0x0, 0x0, 0x0, 0x0, 0x0, 0x0,
    0x11, 0x14, 0xff, 0xf0, 0x0, 0x0, 0x0, 0x0,
    0x0, 0x0, 0xbf, 0xff, 0xff, 0xa0, 0x0, 0x0,
    0x0, 0x0, 0x0, 0x0, 0xbf, 0xff, 0xd8, 0x0,
    0x0, 0x0,

    /* U+00E8 "è" */
    0x0, 0x0, 0x9, 0xbb, 0xb7, 0x0, 0x0, 0x0,
    0x0, 0x0, 0x0, 0x0, 0x6, 0xff, 0xff, 0x10,
    0x0, 0x0, 0x0, 0x0, 0x0, 0x0, 0x0, 0xbf,
    0xff, 0x80, 0x0, 0x0, 0x0, 0x0, 0x0, 0x0,
    0x0, 0x1f, 0xff, 0xf0, 0x0, 0x0, 0x0, 0x0,
    0x0, 0x0, 0x0, 0x6, 0xff, 0xf7, 0x0, 0x0,
    0x0, 0x0, 0x0, 0x0, 0x0, 0x0, 0xbf, 0xfe,
    0x0, 0x0, 0x0, 0x0, 0x0, 0x0, 0x0, 0x0,
    0x0, 0x0, 0x0, 0x0, 0x0, 0x0, 0x0, 0x0,
    0x0, 0x0, 0x0, 0x0, 0x0, 0x0, 0x0, 0x0,
    0x0, 0x0, 0x0, 0x0, 0x0, 0x0, 0x0, 0x0,
    0x0, 0x0, 0x0, 0x0, 0x0, 0x49, 0xdf, 0xfe,
    0xc8, 0x30, 0x0, 0x0, 0x0, 0x0, 0x2c, 0xff,
    0xff, 0xff, 0xff, 0xfb, 0x20, 0x0, 0x0, 0x4,
    0xff, 0xff, 0xff, 0xff, 0xff, 0xff, 0xe3, 0x0,
    0x0, 0x3f, 0xff, 0xff, 0xfd, 0xce, 0xff, 0xff,
    0xfe, 0x10, 0x0, 0xdf, 0xff, 0xf9, 0x10, 0x0,
    0x2b, 0xff, 0xff, 0xb0, 0x5, 0xff, 0xff, 0x70,
    0x0, 0x0, 0x0, 0xcf, 0xff, 0xf2, 0xb, 0xff,
    0xfd, 0x0, 0x0, 0x0, 0x0, 0x3f, 0xff, 0xf7,
    0xf, 0xff, 0xf8, 0x0, 0x0, 0x0, 0x0, 0xe,
    0xff, 0xfb, 0x3f, 0xff, 0xff, 0xff, 0xff, 0xff,
    0xff, 0xff, 0xff, 0xfd, 0x4f, 0xff, 0xff, 0xff,
    0xff, 0xff, 0xff, 0xff, 0xff, 0xfd, 0x5f, 0xff,
    0xff, 0xff, 0xff, 0xff, 0xff, 0xff, 0xff, 0xfe,
    0x4f, 0xff, 0xfa, 0x44, 0x44, 0x44, 0x44, 0x44,
    0x44, 0x44, 0x3f, 0xff, 0xf9, 0x0, 0x0, 0x0,
    0x0, 0x0, 0x0, 0x0, 0xf, 0xff, 0xfc, 0x0,
    0x0, 0x0, 0x0, 0x0, 0x0, 0x0, 0xc, 0xff,
    0xff, 0x30, 0x0, 0x0, 0x0, 0x8, 0x51, 0x0,
    0x6, 0xff, 0xff, 0xc0, 0x0, 0x0, 0x0, 0x7f,
    0xff, 0xe5, 0x0, 0xdf, 0xff, 0xfd, 0x40, 0x0,
    0x18, 0xff, 0xff, 0xf2, 0x0, 0x3f, 0xff, 0xff,
    0xfe, 0xcd, 0xff, 0xff, 0xff, 0x80, 0x0, 0x5,
    0xff, 0xff, 0xff, 0xff, 0xff, 0xff, 0xfa, 0x0,
    0x0, 0x0, 0x2c, 0xff, 0xff, 0xff, 0xff, 0xfe,
    0x60, 0x0, 0x0, 0x0, 0x0, 0x49, 0xce, 0xff,
    0xdb, 0x61, 0x0, 0x0,

    /* U+00E9 "é" */
    0x0, 0x0, 0x0, 0x0, 0x0, 0x1a, 0xbb, 0xb5,
    0x0, 0x0, 0x0, 0x0, 0x0, 0x0, 0x0, 0x7f,
    0xff, 0xe0, 0x0, 0x0, 0x0, 0x0, 0x0, 0x0,
    0x0, 0xef, 0xff, 0x40, 0x0, 0x0, 0x0, 0x0,
    0x0, 0x0, 0x6, 0xff, 0xfa, 0x0, 0x0, 0x0,
    0x0, 0x0, 0x0, 0x0, 0xd, 0xff, 0xe1, 0x0,
    0x0, 0x0, 0x0, 0x0, 0x0, 0x0, 0x4f, 0xff,
    0x50, 0x0, 0x0, 0x0, 0x0, 0x0, 0x0, 0x0,
    0x0, 0x0, 0x0, 0x0, 0x0, 0x0, 0x0, 0x0,
    0x0, 0x0, 0x0, 0x0, 0x0, 0x0, 0x0, 0x0,
    0x0, 0x0, 0x0, 0x0, 0x0, 0x0, 0x0, 0x0,
    0x0, 0x0, 0x0, 0x0, 0x0, 0x49, 0xdf, 0xfe,
    0xc8, 0x30, 0x0, 0x0, 0x0, 0x0, 0x2c, 0xff,
    0xff, 0xff, 0xff, 0xfb, 0x20, 0x0, 0x0, 0x4,
    0xff, 0xff, 0xff, 0xff, 0xff, 0xff, 0xe3, 0x0,
    0x0, 0x3f, 0xff, 0xff, 0xfd, 0xce, 0xff, 0xff,
    0xfe, 0x10, 0x0, 0xdf, 0xff, 0xf9, 0x10, 0x0,
    0x2b, 0xff, 0xff, 0xb0, 0x5, 0xff, 0xff, 0x70,
    0x0, 0x0, 0x0, 0xcf, 0xff, 0xf2, 0xb, 0xff,
    0xfd, 0x0, 0x0, 0x0, 0x0, 0x3f, 0xff, 0xf7,
    0xf, 0xff, 0xf8, 0x0, 0x0, 0x0, 0x0, 0xe,
    0xff, 0xfb, 0x3f, 0xff, 0xff, 0xff, 0xff, 0xff,
    0xff, 0xff, 0xff, 0xfd, 0x4f, 0xff, 0xff, 0xff,
    0xff, 0xff, 0xff, 0xff, 0xff, 0xfd, 0x5f, 0xff,
    0xff, 0xff, 0xff, 0xff, 0xff, 0xff, 0xff, 0xfe,
    0x4f, 0xff, 0xfa, 0x44, 0x44, 0x44, 0x44, 0x44,
    0x44, 0x44, 0x3f, 0xff, 0xf9, 0x0, 0x0, 0x0,
    0x0, 0x0, 0x0, 0x0, 0xf, 0xff, 0xfc, 0x0,
    0x0, 0x0, 0x0, 0x0, 0x0, 0x0, 0xc, 0xff,
    0xff, 0x30, 0x0, 0x0, 0x0, 0x8, 0x51, 0x0,
    0x6, 0xff, 0xff, 0xc0, 0x0, 0x0, 0x0, 0x7f,
    0xff, 0xe5, 0x0, 0xdf, 0xff, 0xfd, 0x40, 0x0,
    0x18, 0xff, 0xff, 0xf2, 0x0, 0x3f, 0xff, 0xff,
    0xfe, 0xcd, 0xff, 0xff, 0xff, 0x80, 0x0, 0x5,
    0xff, 0xff, 0xff, 0xff, 0xff, 0xff, 0xfa, 0x0,
    0x0, 0x0, 0x2c, 0xff, 0xff, 0xff, 0xff, 0xfe,
    0x60, 0x0, 0x0, 0x0, 0x0, 0x49, 0xce, 0xff,
    0xdb, 0x61, 0x0, 0x0,

    /* U+00EA "ê" */
    0x0, 0x0, 0x0, 0x0, 0x68, 0x88, 0x30, 0x0,
    0x0, 0x0, 0x0, 0x0, 0x0, 0x9, 0xff, 0xff,
    0xf3, 0x0, 0x0, 0x0, 0x0, 0x0, 0x0, 0x8f,
    0xff, 0xff, 0xfe, 0x20, 0x0, 0x0, 0x0, 0x0,
    0x7, 0xff, 0xfb, 0x2f, 0xff, 0xe1, 0x0, 0x0,
    0x0, 0x0, 0x6f, 0xff, 0xd1, 0x4, 0xff, 0xfd,
    0x10, 0x0, 0x0, 0x5, 0xff, 0xfe, 0x20, 0x0,
    0x7f, 0xff, 0xc0, 0x0, 0x0, 0x0, 0x0, 0x0,
    0x0, 0x0, 0x0, 0x0, 0x0, 0x0, 0x0, 0x0,
    0x0, 0x0, 0x0, 0x0, 0x0, 0x0, 0x0, 0x0,
    0x0, 0x0, 0x0, 0x0, 0x0, 0x0, 0x0, 0x0,
    0x0, 0x0, 0x0, 0x0, 0x0, 0x49, 0xdf, 0xfe,
    0xc8, 0x30, 0x0, 0x0, 0x0, 0x0, 0x2c, 0xff,
    0xff, 0xff, 0xff, 0xfb, 0x20, 0x0, 0x0, 0x4,
    0xff, 0xff, 0xff, 0xff, 0xff, 0xff, 0xe3, 0x0,
    0x0, 0x3f, 0xff, 0xff, 0xfd, 0xce, 0xff, 0xff,
    0xfe, 0x10, 0x0, 0xdf, 0xff, 0xf9, 0x10, 0x0,
    0x2b, 0xff, 0xff, 0xb0, 0x5, 0xff, 0xff, 0x70,
    0x0, 0x0, 0x0, 0xcf, 0xff, 0xf2, 0xb, 0xff,
    0xfd, 0x0, 0x0, 0x0, 0x0, 0x3f, 0xff, 0xf7,
    0xf, 0xff, 0xf8, 0x0, 0x0, 0x0, 0x0, 0xe,
    0xff, 0xfb, 0x3f, 0xff, 0xff, 0xff, 0xff, 0xff,
    0xff, 0xff, 0xff, 0xfd, 0x4f, 0xff, 0xff, 0xff,
    0xff, 0xff, 0xff, 0xff, 0xff, 0xfd, 0x5f, 0xff,
    0xff, 0xff, 0xff, 0xff, 0xff, 0xff, 0xff, 0xfe,
    0x4f, 0xff, 0xfa, 0x44, 0x44, 0x44, 0x44, 0x44,
    0x44, 0x44, 0x3f, 0xff, 0xf9, 0x0, 0x0, 0x0,
    0x0, 0x0, 0x0, 0x0, 0xf, 0xff, 0xfc, 0x0,
    0x0, 0x0, 0x0, 0x0, 0x0, 0x0, 0xc, 0xff,
    0xff, 0x30, 0x0, 0x0, 0x0, 0x8, 0x51, 0x0,
    0x6, 0xff, 0xff, 0xc0, 0x0, 0x0, 0x0, 0x7f,
    0xff, 0xe5, 0x0, 0xdf, 0xff, 0xfd, 0x40, 0x0,
    0x18, 0xff, 0xff, 0xf2, 0x0, 0x3f, 0xff, 0xff,
    0xfe, 0xcd, 0xff, 0xff, 0xff, 0x80, 0x0, 0x5,
    0xff, 0xff, 0xff, 0xff, 0xff, 0xff, 0xfa, 0x0,
    0x0, 0x0, 0x2c, 0xff, 0xff, 0xff, 0xff, 0xfe,
    0x60, 0x0, 0x0, 0x0, 0x0, 0x49, 0xce, 0xff,
    0xdb, 0x61, 0x0, 0x0,

    /* U+00EB "ë" */
    0x0, 0x0, 0x0, 0x0, 0x0, 0x0, 0x0, 0x0,
    0x0, 0x0, 0x0, 0x0, 0x5e, 0xfb, 0x10, 0x0,
    0x4e, 0xfc, 0x10, 0x0, 0x0, 0x1, 0xff, 0xff,
    0x90, 0x0, 0xff, 0xff, 0xb0, 0x0, 0x0, 0x4,
    0xff, 0xff, 0xc0, 0x2, 0xff, 0xff, 0xe0, 0x0,
    0x0, 0x1, 0xff, 0xff, 0x90, 0x0, 0xef, 0xff,
    0xa0, 0x0, 0x0, 0x0, 0x4d, 0xfa, 0x0, 0x0,
    0x3d, 0xfa, 0x10, 0x0, 0x0, 0x0, 0x0, 0x0,
    0x0, 0x0, 0x0, 0x0, 0x0, 0x0, 0x0, 0x0,
    0x0, 0x0, 0x0, 0x0, 0x0, 0x0, 0x0, 0x0,
    0x0, 0x0, 0x0, 0x0, 0x0, 0x0, 0x0, 0x0,
    0x0, 0x0, 0x0, 0x0, 0x0, 0x49, 0xdf, 0xfe,
    0xc8, 0x30, 0x0, 0x0, 0x0, 0x0, 0x2c, 0xff,
    0xff, 0xff, 0xff, 0xfb, 0x20, 0x0, 0x0, 0x4,
    0xff, 0xff, 0xff, 0xff, 0xff, 0xff, 0xe3, 0x0,
    0x0, 0x3f, 0xff, 0xff, 0xfd, 0xce, 0xff, 0xff,
    0xfe, 0x10, 0x0, 0xdf, 0xff, 0xf9, 0x10, 0x0,
    0x2b, 0xff, 0xff, 0xb0, 0x5, 0xff, 0xff, 0x70,
    0x0, 0x0, 0x0, 0xcf, 0xff, 0xf2, 0xb, 0xff,
    0xfd, 0x0, 0x0, 0x0, 0x0, 0x3f, 0xff, 0xf7,
    0xf, 0xff, 0xf8, 0x0, 0x0, 0x0, 0x0, 0xe,
    0xff, 0xfb, 0x3f, 0xff, 0xff, 0xff, 0xff, 0xff,
    0xff, 0xff, 0xff, 0xfd, 0x4f, 0xff, 0xff, 0xff,
    0xff, 0xff, 0xff, 0xff, 0xff, 0xfd, 0x5f, 0xff,
    0xff, 0xff, 0xff, 0xff, 0xff, 0xff, 0xff, 0xfe,
    0x4f, 0xff, 0xfa, 0x44, 0x44, 0x44, 0x44, 0x44,
    0x44, 0x44, 0x3f, 0xff, 0xf9, 0x0, 0x0, 0x0,
    0x0, 0x0, 0x0, 0x0, 0xf, 0xff, 0xfc, 0x0,
    0x0, 0x0, 0x0, 0x0, 0x0, 0x0, 0xc, 0xff,
    0xff, 0x30, 0x0, 0x0, 0x0, 0x8, 0x51, 0x0,
    0x6, 0xff, 0xff, 0xc0, 0x0, 0x0, 0x0, 0x7f,
    0xff, 0xe5, 0x0, 0xdf, 0xff, 0xfd, 0x40, 0x0,
    0x18, 0xff, 0xff, 0xf2, 0x0, 0x3f, 0xff, 0xff,
    0xfe, 0xcd, 0xff, 0xff, 0xff, 0x80, 0x0, 0x5,
    0xff, 0xff, 0xff, 0xff, 0xff, 0xff, 0xfa, 0x0,
    0x0, 0x0, 0x2c, 0xff, 0xff, 0xff, 0xff, 0xfe,
    0x60, 0x0, 0x0, 0x0, 0x0, 0x49, 0xce, 0xff,
    0xdb, 0x61, 0x0, 0x0,

    /* U+00EC "ì" */
    0x2f, 0xff, 0xf7, 0x0, 0x0, 0x7f, 0xff, 0xe0,
    0x0, 0x0, 0xdf, 0xff, 0x50, 0x0, 0x3, 0xff,
    0xfc, 0x0, 0x0, 0x8, 0xff, 0xf4, 0x0, 0x0,
    0xa, 0xbb, 0x70, 0x0, 0x0, 0x0, 0x0, 0x0,
    0x0, 0x0, 0x0, 0x0, 0x0, 0x7, 0xff, 0xff,
    0x60, 0x0, 0x7f, 0xff, 0xf6, 0x0, 0x7, 0xff,
    0xff, 0x60, 0x0, 0x7f, 0xff, 0xf6, 0x0, 0x7,
    0xff, 0xff, 0x60, 0x0, 0x7f, 0xff, 0xf6, 0x0,
    0x7, 0xff, 0xff, 0x60, 0x0, 0x7f, 0xff, 0xf6,
    0x0, 0x7, 0xff, 0xff, 0x60, 0x0, 0x7f, 0xff,
    0xf6, 0x0, 0x7, 0xff, 0xff, 0x60, 0x0, 0x7f,
    0xff, 0xf6, 0x0, 0x7, 0xff, 0xff, 0x60, 0x0,
    0x7f, 0xff, 0xf6, 0x0, 0x7, 0xff, 0xff, 0x60,
    0x0, 0x7f, 0xff, 0xf6, 0x0, 0x7, 0xff, 0xff,
    0x60, 0x0, 0x7f, 0xff, 0xf6, 0x0, 0x7, 0xff,
    0xff, 0x60, 0x0, 0x7f, 0xff, 0xf6, 0x0, 0x7,
    0xff, 0xff, 0x60,

    /* U+00ED "í" */
    0x0, 0x7, 0xff, 0xff, 0x10, 0x0, 0xef, 0xff,
    0x60, 0x0, 0x6f, 0xff, 0xc0, 0x0, 0xd, 0xff,
    0xf2, 0x0, 0x4, 0xff, 0xf7, 0x0, 0x0, 0x7b,
    0xb9, 0x0, 0x0, 0x0, 0x0, 0x0, 0x0, 0x0,
    0x0, 0x0, 0x0, 0x0, 0x7f, 0xff, 0xf6, 0x0,
    0x7, 0xff, 0xff, 0x60, 0x0, 0x7f, 0xff, 0xf6,
    0x0, 0x7, 0xff, 0xff, 0x60, 0x0, 0x7f, 0xff,
    0xf6, 0x0, 0x7, 0xff, 0xff, 0x60, 0x0, 0x7f,
    0xff, 0xf6, 0x0, 0x7, 0xff, 0xff, 0x60, 0x0,
    0x7f, 0xff, 0xf6, 0x0, 0x7, 0xff, 0xff, 0x60,
    0x0, 0x7f, 0xff, 0xf6, 0x0, 0x7, 0xff, 0xff,
    0x60, 0x0, 0x7f, 0xff, 0xf6, 0x0, 0x7, 0xff,
    0xff, 0x60, 0x0, 0x7f, 0xff, 0xf6, 0x0, 0x7,
    0xff, 0xff, 0x60, 0x0, 0x7f, 0xff, 0xf6, 0x0,
    0x7, 0xff, 0xff, 0x60, 0x0, 0x7f, 0xff, 0xf6,
    0x0, 0x7, 0xff, 0xff, 0x60, 0x0, 0x7f, 0xff,
    0xf6, 0x0, 0x0,

    /* U+00EE "î" */
    0x0, 0x0, 0x7f, 0xff, 0xf6, 0x0, 0x0, 0x0,
    0x6, 0xff, 0xff, 0xff, 0x40, 0x0, 0x0, 0x5f,
    0xff, 0xcd, 0xff, 0xf3, 0x0, 0x4, 0xff, 0xfe,
    0x11, 0xef, 0xff, 0x20, 0x3f, 0xff, 0xf2, 0x0,
    0x3f, 0xff, 0xe2, 0x78, 0x88, 0x40, 0x0, 0x4,
    0x88, 0x85, 0x0, 0x0, 0x0, 0x0, 0x0, 0x0,
    0x0, 0x0, 0x0, 0x0, 0x0, 0x0, 0x0, 0x0,
    0x0, 0x0, 0x7f, 0xff, 0xf6, 0x0, 0x0, 0x0,
    0x0, 0x7f, 0xff, 0xf6, 0x0, 0x0, 0x0, 0x0,
    0x7f, 0xff, 0xf6, 0x0, 0x0, 0x0, 0x0, 0x7f,
    0xff, 0xf6, 0x0, 0x0, 0x0, 0x0, 0x7f, 0xff,
    0xf6, 0x0, 0x0, 0x0, 0x0, 0x7f, 0xff, 0xf6,
    0x0, 0x0, 0x0, 0x0, 0x7f, 0xff, 0xf6, 0x0,
    0x0, 0x0, 0x0, 0x7f, 0xff, 0xf6, 0x0, 0x0,
    0x0, 0x0, 0x7f, 0xff, 0xf6, 0x0, 0x0, 0x0,
    0x0, 0x7f, 0xff, 0xf6, 0x0, 0x0, 0x0, 0x0,
    0x7f, 0xff, 0xf6, 0x0, 0x0, 0x0, 0x0, 0x7f,
    0xff, 0xf6, 0x0, 0x0, 0x0, 0x0, 0x7f, 0xff,
    0xf6, 0x0, 0x0, 0x0, 0x0, 0x7f, 0xff, 0xf6,
    0x0, 0x0, 0x0, 0x0, 0x7f, 0xff, 0xf6, 0x0,
    0x0, 0x0, 0x0, 0x7f, 0xff, 0xf6, 0x0, 0x0,
    0x0, 0x0, 0x7f, 0xff, 0xf6, 0x0, 0x0, 0x0,
    0x0, 0x7f, 0xff, 0xf6, 0x0, 0x0, 0x0, 0x0,
    0x7f, 0xff, 0xf6, 0x0, 0x0, 0x0, 0x0, 0x7f,
    0xff, 0xf6, 0x0, 0x0, 0x0, 0x0, 0x7f, 0xff,
    0xf6, 0x0, 0x0,

    /* U+00EF "ï" */
    0x8, 0xee, 0x60, 0x0, 0x7, 0xee, 0x70, 0x6f,
    0xff, 0xf3, 0x0, 0x4f, 0xff, 0xf4, 0x9f, 0xff,
    0xf7, 0x0, 0x8f, 0xff, 0xf8, 0x6f, 0xff, 0xf4,
    0x0, 0x5f, 0xff, 0xf5, 0x9, 0xff, 0x70, 0x0,
    0x8, 0xff, 0x80, 0x0, 0x0, 0x0, 0x0, 0x0,
    0x0, 0x0, 0x0, 0x0, 0x0, 0x0, 0x0, 0x0,
    0x0, 0x0, 0x0, 0x0, 0x0, 0x0, 0x0, 0x0,
    0x0, 0x0, 0x7f, 0xff, 0xf6, 0x0, 0x0, 0x0,
    0x0, 0x7f, 0xff, 0xf6, 0x0, 0x0, 0x0, 0x0,
    0x7f, 0xff, 0xf6, 0x0, 0x0, 0x0, 0x0, 0x7f,
    0xff, 0xf6, 0x0, 0x0, 0x0, 0x0, 0x7f, 0xff,
    0xf6, 0x0, 0x0, 0x0, 0x0, 0x7f, 0xff, 0xf6,
    0x0, 0x0, 0x0, 0x0, 0x7f, 0xff, 0xf6, 0x0,
    0x0, 0x0, 0x0, 0x7f, 0xff, 0xf6, 0x0, 0x0,
    0x0, 0x0, 0x7f, 0xff, 0xf6, 0x0, 0x0, 0x0,
    0x0, 0x7f, 0xff, 0xf6, 0x0, 0x0, 0x0, 0x0,
    0x7f, 0xff, 0xf6, 0x0, 0x0, 0x0, 0x0, 0x7f,
    0xff, 0xf6, 0x0, 0x0, 0x0, 0x0, 0x7f, 0xff,
    0xf6, 0x0, 0x0, 0x0, 0x0, 0x7f, 0xff, 0xf6,
    0x0, 0x0, 0x0, 0x0, 0x7f, 0xff, 0xf6, 0x0,
    0x0, 0x0, 0x0, 0x7f, 0xff, 0xf6, 0x0, 0x0,
    0x0, 0x0, 0x7f, 0xff, 0xf6, 0x0, 0x0, 0x0,
    0x0, 0x7f, 0xff, 0xf6, 0x0, 0x0, 0x0, 0x0,
    0x7f, 0xff, 0xf6, 0x0, 0x0, 0x0, 0x0, 0x7f,
    0xff, 0xf6, 0x0, 0x0, 0x0, 0x0, 0x7f, 0xff,
    0xf6, 0x0, 0x0,

    /* U+00F0 "ð" */
    0x0, 0x0, 0xc, 0x60, 0x0, 0x0, 0x0, 0x0,
    0x0, 0x0, 0x0, 0x0, 0x5f, 0xff, 0x80, 0x0,
    0x0, 0x5d, 0x60, 0x0, 0x0, 0x0, 0x9f, 0xff,
    0xfe, 0x50, 0x5d, 0xff, 0x90, 0x0, 0x0, 0x0,
    0x7, 0xef, 0xff, 0xfe, 0xff, 0xfc, 0x40, 0x0,
    0x0, 0x0, 0x0, 0x1a, 0xff, 0xff, 0xfd, 0x40,
    0x0, 0x0, 0x0, 0x0, 0x0, 0x5d, 0xff, 0xff,
    0xfe, 0x30, 0x0, 0x0, 0x0, 0x0, 0x5d, 0xff,
    0xfd, 0xdf, 0xff, 0xe2, 0x0, 0x0, 0x0, 0x0,
    0xbf, 0xfc, 0x50, 0x1d, 0xff, 0xfd, 0x0, 0x0,
    0x0, 0x0, 0x7c, 0x40, 0x0, 0x1, 0xdf, 0xff,
    0x90, 0x0, 0x0, 0x0, 0x0, 0x0, 0x0, 0x0,
    0x2f, 0xff, 0xf4, 0x0, 0x0, 0x0, 0x2, 0x9d,
    0xff, 0xd8, 0x16, 0xff, 0xfd, 0x0, 0x0, 0x0,
    0x8f, 0xff, 0xff, 0xff, 0xe5, 0xcf, 0xff, 0x50,
    0x0, 0xa, 0xff, 0xff, 0xff, 0xff, 0xff, 0xaf,
    0xff, 0xc0, 0x0, 0x7f, 0xff, 0xff, 0x95, 0x47,
    0xdf, 0xff, 0xff, 0xf1, 0x1, 0xff, 0xff, 0xf3,
    0x0, 0x0, 0x8, 0xff, 0xff, 0xf6, 0x8, 0xff,
    0xff, 0x50, 0x0, 0x0, 0x0, 0xbf, 0xff, 0xf9,
    0xe, 0xff, 0xfe, 0x0, 0x0, 0x0, 0x0, 0x4f,
    0xff, 0xfb, 0x1f, 0xff, 0xf9, 0x0, 0x0, 0x0,
    0x0, 0xf, 0xff, 0xfd, 0x4f, 0xff, 0xf6, 0x0,
    0x0, 0x0, 0x0, 0xc, 0xff, 0xfe, 0x5f, 0xff,
    0xf5, 0x0, 0x0, 0x0, 0x0, 0xa, 0xff, 0xfe,
    0x5f, 0xff, 0xf6, 0x0, 0x0, 0x0, 0x0, 0xa,
    0xff, 0xfd, 0x3f, 0xff, 0xf7, 0x0, 0x0, 0x0,
    0x0, 0xc, 0xff, 0xfb, 0x1f, 0xff, 0xfb, 0x0,
    0x0, 0x0, 0x0, 0x1f, 0xff, 0xf8, 0xd, 0xff,
    0xff, 0x20, 0x0, 0x0, 0x0, 0x7f, 0xff, 0xf3,
    0x7, 0xff, 0xff, 0xc0, 0x0, 0x0, 0x2, 0xff,
    0xff, 0xd0, 0x0, 0xdf, 0xff, 0xfc, 0x30, 0x0,
    0x5e, 0xff, 0xff, 0x50, 0x0, 0x3f, 0xff, 0xff,
    0xff, 0xef, 0xff, 0xff, 0xfa, 0x0, 0x0, 0x5,
    0xff, 0xff, 0xff, 0xff, 0xff, 0xff, 0xc0, 0x0,
    0x0, 0x0, 0x3d, 0xff, 0xff, 0xff, 0xff, 0xf8,
    0x0, 0x0, 0x0, 0x0, 0x0, 0x5a, 0xdf, 0xfe,
    0xc7, 0x10, 0x0, 0x0,

    /* U+00F1 "ñ" */
    0x0, 0x0, 0x6, 0xcc, 0x91, 0x0, 0x1d, 0xd9,
    0x0, 0x0, 0x0, 0x7, 0xff, 0xff, 0xe5, 0x6,
    0xff, 0x80, 0x0, 0x0, 0x0, 0xff, 0xff, 0xff,
    0xfe, 0xff, 0xf4, 0x0, 0x0, 0x0, 0x4f, 0xfb,
    0x16, 0xef, 0xff, 0xfc, 0x0, 0x0, 0x0, 0x6,
    0xff, 0x60, 0x1, 0x9e, 0xfa, 0x10, 0x0, 0x0,
    0x0, 0x0, 0x0, 0x0, 0x0, 0x0, 0x0, 0x0,
    0x0, 0x0, 0x0, 0x0, 0x0, 0x0, 0x0, 0x0,
    0x0, 0x0, 0x0, 0x0, 0x0, 0x0, 0x0, 0x0,
    0x0, 0x0, 0x0, 0x0, 0x7f, 0xff, 0xf2, 0x0,
    0x5b, 0xef, 0xec, 0x70, 0x0, 0x7, 0xff, 0xff,
    0x20, 0xbf, 0xff, 0xff, 0xff, 0xe3, 0x0, 0x7f,
    0xff, 0xf2, 0xbf, 0xff, 0xff, 0xff, 0xff, 0xf2,
    0x7, 0xff, 0xff, 0x8f, 0xff, 0xff, 0xff, 0xff,
    0xff, 0xb0, 0x7f, 0xff, 0xff, 0xfb, 0x41, 0x26,
    0xef, 0xff, 0xff, 0x27, 0xff, 0xff, 0xf8, 0x0,
    0x0, 0x2, 0xff, 0xff, 0xf6, 0x7f, 0xff, 0xfd,
    0x0, 0x0, 0x0, 0x8, 0xff, 0xff, 0x97, 0xff,
    0xff, 0x80, 0x0, 0x0, 0x0, 0x3f, 0xff, 0xfa,
    0x7f, 0xff, 0xf6, 0x0, 0x0, 0x0, 0x2, 0xff,
    0xff, 0xb7, 0xff, 0xff, 0x60, 0x0, 0x0, 0x0,
    0x2f, 0xff, 0xfb, 0x7f, 0xff, 0xf6, 0x0, 0x0,
    0x0, 0x2, 0xff, 0xff, 0xb7, 0xff, 0xff, 0x60,
    0x0, 0x0, 0x0, 0x2f, 0xff, 0xfb, 0x7f, 0xff,
    0xf6, 0x0, 0x0, 0x0, 0x2, 0xff, 0xff, 0xb7,
    0xff, 0xff, 0x60, 0x0, 0x0, 0x0, 0x2f, 0xff,
    0xfb, 0x7f, 0xff, 0xf6, 0x0, 0x0, 0x0, 0x2,
    0xff, 0xff, 0xb7, 0xff, 0xff, 0x60, 0x0, 0x0,
    0x0, 0x2f, 0xff, 0xfb, 0x7f, 0xff, 0xf6, 0x0,
    0x0, 0x0, 0x2, 0xff, 0xff, 0xb7, 0xff, 0xff,
    0x60, 0x0, 0x0, 0x0, 0x2f, 0xff, 0xfb, 0x7f,
    0xff, 0xf6, 0x0, 0x0, 0x0, 0x2, 0xff, 0xff,
    0xb7, 0xff, 0xff, 0x60, 0x0, 0x0, 0x0, 0x2f,
    0xff, 0xfb, 0x7f, 0xff, 0xf6, 0x0, 0x0, 0x0,
    0x2, 0xff, 0xff, 0xb0,

    /* U+00F2 "ò" */
    0x0, 0x0, 0x7, 0xbb, 0xba, 0x0, 0x0, 0x0,
    0x0, 0x0, 0x0, 0x0, 0x0, 0x2f, 0xff, 0xf5,
    0x0, 0x0, 0x0, 0x0, 0x0, 0x0, 0x0, 0x0,
    0x7f, 0xff, 0xc0, 0x0, 0x0, 0x0, 0x0, 0x0,
    0x0, 0x0, 0x0, 0xcf, 0xff, 0x30, 0x0, 0x0,
    0x0, 0x0, 0x0, 0x0, 0x0, 0x2, 0xff, 0xfa,
    0x0, 0x0, 0x0, 0x0, 0x0, 0x0, 0x0, 0x0,
    0x8, 0xff, 0xf2, 0x0, 0x0, 0x0, 0x0, 0x0,
    0x0, 0x0, 0x0, 0x0, 0x0, 0x0, 0x0, 0x0,
    0x0, 0x0, 0x0, 0x0, 0x0, 0x0, 0x0, 0x0,
    0x0, 0x0, 0x0, 0x0, 0x0, 0x0, 0x0, 0x0,
    0x0, 0x0, 0x0, 0x0, 0x0, 0x0, 0x0, 0x0,
    0x0, 0x4, 0x9c, 0xff, 0xfd, 0x94, 0x0, 0x0,
    0x0, 0x0, 0x0, 0x2c, 0xff, 0xff, 0xff, 0xff,
    0xfd, 0x30, 0x0, 0x0, 0x0, 0x4f, 0xff, 0xff,
    0xff, 0xff, 0xff, 0xff, 0x50, 0x0, 0x0, 0x3f,
    0xff, 0xff, 0xff, 0xff, 0xff, 0xff, 0xff, 0x40,
    0x0, 0xd, 0xff, 0xff, 0xe6, 0x0, 0x5, 0xdf,
    0xff, 0xfe, 0x0, 0x5, 0xff, 0xff, 0xe2, 0x0,
    0x0, 0x1, 0xef, 0xff, 0xf7, 0x0, 0xbf, 0xff,
    0xf7, 0x0, 0x0, 0x0, 0x5, 0xff, 0xff, 0xd0,
    0xf, 0xff, 0xff, 0x0, 0x0, 0x0, 0x0, 0xe,
    0xff, 0xff, 0x23, 0xff, 0xff, 0xc0, 0x0, 0x0,
    0x0, 0x0, 0x9f, 0xff, 0xf5, 0x4f, 0xff, 0xfa,
    0x0, 0x0, 0x0, 0x0, 0x7, 0xff, 0xff, 0x65,
    0xff, 0xff, 0x90, 0x0, 0x0, 0x0, 0x0, 0x6f,
    0xff, 0xf7, 0x4f, 0xff, 0xfa, 0x0, 0x0, 0x0,
    0x0, 0x7, 0xff, 0xff, 0x63, 0xff, 0xff, 0xc0,
    0x0, 0x0, 0x0, 0x0, 0x9f, 0xff, 0xf5, 0xf,
    0xff, 0xff, 0x0, 0x0, 0x0, 0x0, 0xe, 0xff,
    0xff, 0x20, 0xbf, 0xff, 0xf7, 0x0, 0x0, 0x0,
    0x5, 0xff, 0xff, 0xd0, 0x5, 0xff, 0xff, 0xe2,
    0x0, 0x0, 0x1, 0xdf, 0xff, 0xf7, 0x0, 0xd,
    0xff, 0xff, 0xe6, 0x0, 0x5, 0xdf, 0xff, 0xfe,
    0x0, 0x0, 0x3f, 0xff, 0xff, 0xff, 0xff, 0xff,
    0xff, 0xff, 0x40, 0x0, 0x0, 0x4f, 0xff, 0xff,
    0xff, 0xff, 0xff, 0xff, 0x50, 0x0, 0x0, 0x0,
    0x2c, 0xff, 0xff, 0xff, 0xff, 0xfd, 0x30, 0x0,
    0x0, 0x0, 0x0, 0x4, 0x9d, 0xff, 0xfd, 0x94,
    0x0, 0x0, 0x0,

    /* U+00F3 "ó" */
    0x0, 0x0, 0x0, 0x0, 0x0, 0x9, 0xbb, 0xb8,
    0x0, 0x0, 0x0, 0x0, 0x0, 0x0, 0x0, 0x3,
    0xff, 0xff, 0x30, 0x0, 0x0, 0x0, 0x0, 0x0,
    0x0, 0x0, 0xbf, 0xff, 0x80, 0x0, 0x0, 0x0,
    0x0, 0x0, 0x0, 0x0, 0x2f, 0xff, 0xd0, 0x0,
    0x0, 0x0, 0x0, 0x0, 0x0, 0x0, 0x9, 0xff,
    0xf3, 0x0, 0x0, 0x0, 0x0, 0x0, 0x0, 0x0,
    0x1, 0xff, 0xf9, 0x0, 0x0, 0x0, 0x0, 0x0,
    0x0, 0x0, 0x0, 0x0, 0x0, 0x0, 0x0, 0x0,
    0x0, 0x0, 0x0, 0x0, 0x0, 0x0, 0x0, 0x0,
    0x0, 0x0, 0x0, 0x0, 0x0, 0x0, 0x0, 0x0,
    0x0, 0x0, 0x0, 0x0, 0x0, 0x0, 0x0, 0x0,
    0x0, 0x4, 0x9c, 0xff, 0xfd, 0x94, 0x0, 0x0,
    0x0, 0x0, 0x0, 0x2c, 0xff, 0xff, 0xff, 0xff,
    0xfd, 0x30, 0x0, 0x0, 0x0, 0x4f, 0xff, 0xff,
    0xff, 0xff, 0xff, 0xff, 0x50, 0x0, 0x0, 0x3f,
    0xff, 0xff, 0xff, 0xff, 0xff, 0xff, 0xff, 0x40,
    0x0, 0xd, 0xff, 0xff, 0xe6, 0x0, 0x5, 0xdf,
    0xff, 0xfe, 0x0, 0x5, 0xff, 0xff, 0xe2, 0x0,
    0x0, 0x1, 0xef, 0xff, 0xf7, 0x0, 0xbf, 0xff,
    0xf7, 0x0, 0x0, 0x0, 0x5, 0xff, 0xff, 0xd0,
    0xf, 0xff, 0xff, 0x0, 0x0, 0x0, 0x0, 0xe,
    0xff, 0xff, 0x23, 0xff, 0xff, 0xc0, 0x0, 0x0,
    0x0, 0x0, 0x9f, 0xff, 0xf5, 0x4f, 0xff, 0xfa,
    0x0, 0x0, 0x0, 0x0, 0x7, 0xff, 0xff, 0x65,
    0xff, 0xff, 0x90, 0x0, 0x0, 0x0, 0x0, 0x6f,
    0xff, 0xf7, 0x4f, 0xff, 0xfa, 0x0, 0x0, 0x0,
    0x0, 0x7, 0xff, 0xff, 0x63, 0xff, 0xff, 0xc0,
    0x0, 0x0, 0x0, 0x0, 0x9f, 0xff, 0xf5, 0xf,
    0xff, 0xff, 0x0, 0x0, 0x0, 0x0, 0xe, 0xff,
    0xff, 0x20, 0xbf, 0xff, 0xf7, 0x0, 0x0, 0x0,
    0x5, 0xff, 0xff, 0xd0, 0x5, 0xff, 0xff, 0xe2,
    0x0, 0x0, 0x1, 0xdf, 0xff, 0xf7, 0x0, 0xd,
    0xff, 0xff, 0xe6, 0x0, 0x5, 0xdf, 0xff, 0xfe,
    0x0, 0x0, 0x3f, 0xff, 0xff, 0xff, 0xff, 0xff,
    0xff, 0xff, 0x40, 0x0, 0x0, 0x4f, 0xff, 0xff,
    0xff, 0xff, 0xff, 0xff, 0x50, 0x0, 0x0, 0x0,
    0x2c, 0xff, 0xff, 0xff, 0xff, 0xfd, 0x30, 0x0,
    0x0, 0x0, 0x0, 0x4, 0x9d, 0xff, 0xfd, 0x94,
    0x0, 0x0, 0x0,

    /* U+00F4 "ô" */
    0x0, 0x0, 0x0, 0x0, 0x58, 0x88, 0x50, 0x0,
    0x0, 0x0, 0x0, 0x0, 0x0, 0x0, 0x5f, 0xff,
    0xff, 0x60, 0x0, 0x0, 0x0, 0x0, 0x0, 0x0,
    0x4f, 0xff, 0xff, 0xff, 0x50, 0x0, 0x0, 0x0,
    0x0, 0x0, 0x3f, 0xff, 0xe2, 0xdf, 0xff, 0x40,
    0x0, 0x0, 0x0, 0x0, 0x3f, 0xff, 0xf3, 0x2,
    0xef, 0xff, 0x30, 0x0, 0x0, 0x0, 0x2e, 0xff,
    0xf5, 0x0, 0x3, 0xff, 0xfe, 0x20, 0x0, 0x0,
    0x0, 0x0, 0x0, 0x0, 0x0, 0x0, 0x0, 0x0,
    0x0, 0x0, 0x0, 0x0, 0x0, 0x0, 0x0, 0x0,
    0x0, 0x0, 0x0, 0x0, 0x0, 0x0, 0x0, 0x0,
    0x0, 0x0, 0x0, 0x0, 0x0, 0x0, 0x0, 0x0,
    0x0, 0x4, 0x9c, 0xff, 0xfd, 0x94, 0x0, 0x0,
    0x0, 0x0, 0x0, 0x2c, 0xff, 0xff, 0xff, 0xff,
    0xfd, 0x30, 0x0, 0x0, 0x0, 0x4f, 0xff, 0xff,
    0xff, 0xff, 0xff, 0xff, 0x50, 0x0, 0x0, 0x3f,
    0xff, 0xff, 0xff, 0xff, 0xff, 0xff, 0xff, 0x40,
    0x0, 0xd, 0xff, 0xff, 0xe6, 0x0, 0x5, 0xdf,
    0xff, 0xfe, 0x0, 0x5, 0xff, 0xff, 0xe2, 0x0,
    0x0, 0x1, 0xef, 0xff, 0xf7, 0x0, 0xbf, 0xff,
    0xf7, 0x0, 0x0, 0x0, 0x5, 0xff, 0xff, 0xd0,
    0xf, 0xff, 0xff, 0x0, 0x0, 0x0, 0x0, 0xe,
    0xff, 0xff, 0x23, 0xff, 0xff, 0xc0, 0x0, 0x0,
    0x0, 0x0, 0x9f, 0xff, 0xf5, 0x4f, 0xff, 0xfa,
    0x0, 0x0, 0x0, 0x0, 0x7, 0xff, 0xff, 0x65,
    0xff, 0xff, 0x90, 0x0, 0x0, 0x0, 0x0, 0x6f,
    0xff, 0xf7, 0x4f, 0xff, 0xfa, 0x0, 0x0, 0x0,
    0x0, 0x7, 0xff, 0xff, 0x63, 0xff, 0xff, 0xc0,
    0x0, 0x0, 0x0, 0x0, 0x9f, 0xff, 0xf5, 0xf,
    0xff, 0xff, 0x0, 0x0, 0x0, 0x0, 0xe, 0xff,
    0xff, 0x20, 0xbf, 0xff, 0xf7, 0x0, 0x0, 0x0,
    0x5, 0xff, 0xff, 0xd0, 0x5, 0xff, 0xff, 0xe2,
    0x0, 0x0, 0x1, 0xdf, 0xff, 0xf7, 0x0, 0xd,
    0xff, 0xff, 0xe6, 0x0, 0x5, 0xdf, 0xff, 0xfe,
    0x0, 0x0, 0x3f, 0xff, 0xff, 0xff, 0xff, 0xff,
    0xff, 0xff, 0x40, 0x0, 0x0, 0x4f, 0xff, 0xff,
    0xff, 0xff, 0xff, 0xff, 0x50, 0x0, 0x0, 0x0,
    0x2c, 0xff, 0xff, 0xff, 0xff, 0xfd, 0x30, 0x0,
    0x0, 0x0, 0x0, 0x4, 0x9d, 0xff, 0xfd, 0x94,
    0x0, 0x0, 0x0,

    /* U+00F5 "õ" */
    0x0, 0x0, 0x0, 0x9e, 0xfb, 0x20, 0x2, 0xff,
    0x90, 0x0, 0x0, 0x0, 0x0, 0x9f, 0xff, 0xff,
    0x70, 0x8f, 0xf7, 0x0, 0x0, 0x0, 0x0, 0x1f,
    0xff, 0xef, 0xff, 0xff, 0xff, 0x20, 0x0, 0x0,
    0x0, 0x5, 0xff, 0x90, 0x4e, 0xff, 0xff, 0x90,
    0x0, 0x0, 0x0, 0x0, 0x6e, 0xe4, 0x0, 0x8,
    0xcd, 0x80, 0x0, 0x0, 0x0, 0x0, 0x0, 0x0,
    0x0, 0x0, 0x0, 0x0, 0x0, 0x0, 0x0, 0x0,
    0x0, 0x0, 0x0, 0x0, 0x0, 0x0, 0x0, 0x0,
    0x0, 0x0, 0x0, 0x0, 0x0, 0x0, 0x0, 0x0,
    0x0, 0x0, 0x0, 0x0, 0x0, 0x0, 0x0, 0x49,
    0xcf, 0xff, 0xd9, 0x40, 0x0, 0x0, 0x0, 0x0,
    0x2, 0xcf, 0xff, 0xff, 0xff, 0xff, 0xd3, 0x0,
    0x0, 0x0, 0x4, 0xff, 0xff, 0xff, 0xff, 0xff,
    0xff, 0xf5, 0x0, 0x0, 0x3, 0xff, 0xff, 0xff,
    0xff, 0xff, 0xff, 0xff, 0xf4, 0x0, 0x0, 0xdf,
    0xff, 0xfe, 0x60, 0x0, 0x5d, 0xff, 0xff, 0xe0,
    0x0, 0x5f, 0xff, 0xfe, 0x20, 0x0, 0x0, 0x1e,
    0xff, 0xff, 0x70, 0xb, 0xff, 0xff, 0x70, 0x0,
    0x0, 0x0, 0x5f, 0xff, 0xfd, 0x0, 0xff, 0xff,
    0xf0, 0x0, 0x0, 0x0, 0x0, 0xef, 0xff, 0xf2,
    0x3f, 0xff, 0xfc, 0x0, 0x0, 0x0, 0x0, 0x9,
    0xff, 0xff, 0x54, 0xff, 0xff, 0xa0, 0x0, 0x0,
    0x0, 0x0, 0x7f, 0xff, 0xf6, 0x5f, 0xff, 0xf9,
    0x0, 0x0, 0x0, 0x0, 0x6, 0xff, 0xff, 0x74,
    0xff, 0xff, 0xa0, 0x0, 0x0, 0x0, 0x0, 0x7f,
    0xff, 0xf6, 0x3f, 0xff, 0xfc, 0x0, 0x0, 0x0,
    0x0, 0x9, 0xff, 0xff, 0x50, 0xff, 0xff, 0xf0,
    0x0, 0x0, 0x0, 0x0, 0xef, 0xff, 0xf2, 0xb,
    0xff, 0xff, 0x70, 0x0, 0x0, 0x0, 0x5f, 0xff,
    0xfd, 0x0, 0x5f, 0xff, 0xfe, 0x20, 0x0, 0x0,
    0x1d, 0xff, 0xff, 0x70, 0x0, 0xdf, 0xff, 0xfe,
    0x60, 0x0, 0x5d, 0xff, 0xff, 0xe0, 0x0, 0x3,
    0xff, 0xff, 0xff, 0xff, 0xff, 0xff, 0xff, 0xf4,
    0x0, 0x0, 0x4, 0xff, 0xff, 0xff, 0xff, 0xff,
    0xff, 0xf5, 0x0, 0x0, 0x0, 0x2, 0xcf, 0xff,
    0xff, 0xff, 0xff, 0xd3, 0x0, 0x0, 0x0, 0x0,
    0x0, 0x49, 0xdf, 0xff, 0xd9, 0x40, 0x0, 0x0,
    0x0,

    /* U+00F6 "ö" */
    0x0, 0x0, 0x0, 0x0, 0x0, 0x0, 0x0, 0x0,
    0x0, 0x0, 0x0, 0x0, 0x2, 0xdf, 0xd2, 0x0,
    0x2, 0xcf, 0xd3, 0x0, 0x0, 0x0, 0x0, 0xdf,
    0xff, 0xd0, 0x0, 0xcf, 0xff, 0xe0, 0x0, 0x0,
    0x0, 0xf, 0xff, 0xff, 0x0, 0xf, 0xff, 0xff,
    0x20, 0x0, 0x0, 0x0, 0xcf, 0xff, 0xc0, 0x0,
    0xbf, 0xff, 0xe0, 0x0, 0x0, 0x0, 0x2, 0xbf,
    0xc2, 0x0, 0x1, 0xbf, 0xc3, 0x0, 0x0, 0x0,
    0x0, 0x0, 0x0, 0x0, 0x0, 0x0, 0x0, 0x0,
    0x0, 0x0, 0x0, 0x0, 0x0, 0x0, 0x0, 0x0,
    0x0, 0x0, 0x0, 0x0, 0x0, 0x0, 0x0, 0x0,
    0x0, 0x0, 0x0, 0x0, 0x0, 0x0, 0x0, 0x0,
    0x0, 0x4, 0x9c, 0xff, 0xfd, 0x94, 0x0, 0x0,
    0x0, 0x0, 0x0, 0x2c, 0xff, 0xff, 0xff, 0xff,
    0xfd, 0x30, 0x0, 0x0, 0x0, 0x4f, 0xff, 0xff,
    0xff, 0xff, 0xff, 0xff, 0x50, 0x0, 0x0, 0x3f,
    0xff, 0xff, 0xff, 0xff, 0xff, 0xff, 0xff, 0x40,
    0x0, 0xd, 0xff, 0xff, 0xe6, 0x0, 0x5, 0xdf,
    0xff, 0xfe, 0x0, 0x5, 0xff, 0xff, 0xe2, 0x0,
    0x0, 0x1, 0xef, 0xff, 0xf7, 0x0, 0xbf, 0xff,
    0xf7, 0x0, 0x0, 0x0, 0x5, 0xff, 0xff, 0xd0,
    0xf, 0xff, 0xff, 0x0, 0x0, 0x0, 0x0, 0xe,
    0xff, 0xff, 0x23, 0xff, 0xff, 0xc0, 0x0, 0x0,
    0x0, 0x0, 0x9f, 0xff, 0xf5, 0x4f, 0xff, 0xfa,
    0x0, 0x0, 0x0, 0x0, 0x7, 0xff, 0xff, 0x65,
    0xff, 0xff, 0x90, 0x0, 0x0, 0x0, 0x0, 0x6f,
    0xff, 0xf7, 0x4f, 0xff, 0xfa, 0x0, 0x0, 0x0,
    0x0, 0x7, 0xff, 0xff, 0x63, 0xff, 0xff, 0xc0,
    0x0, 0x0, 0x0, 0x0, 0x9f, 0xff, 0xf5, 0xf,
    0xff, 0xff, 0x0, 0x0, 0x0, 0x0, 0xe, 0xff,
    0xff, 0x20, 0xbf, 0xff, 0xf7, 0x0, 0x0, 0x0,
    0x5, 0xff, 0xff, 0xd0, 0x5, 0xff, 0xff, 0xe2,
    0x0, 0x0, 0x1, 0xdf, 0xff, 0xf7, 0x0, 0xd,
    0xff, 0xff, 0xe6, 0x0, 0x5, 0xdf, 0xff, 0xfe,
    0x0, 0x0, 0x3f, 0xff, 0xff, 0xff, 0xff, 0xff,
    0xff, 0xff, 0x40, 0x0, 0x0, 0x4f, 0xff, 0xff,
    0xff, 0xff, 0xff, 0xff, 0x50, 0x0, 0x0, 0x0,
    0x2c, 0xff, 0xff, 0xff, 0xff, 0xfd, 0x30, 0x0,
    0x0, 0x0, 0x0, 0x4, 0x9d, 0xff, 0xfd, 0x94,
    0x0, 0x0, 0x0,

    /* U+00F7 "÷" */
    0x0, 0x0, 0x0, 0x5, 0xdf, 0xa1, 0x0, 0x0,
    0x0, 0x0, 0x0, 0x0, 0x4, 0xff, 0xff, 0xc0,
    0x0, 0x0, 0x0, 0x0, 0x0, 0x0, 0x9f, 0xff,
    0xff, 0x10, 0x0, 0x0, 0x0, 0x0, 0x0, 0x9,
    0xff, 0xff, 0xf1, 0x0, 0x0, 0x0, 0x0, 0x0,
    0x0, 0x3f, 0xff, 0xfb, 0x0, 0x0, 0x0, 0x0,
    0x0, 0x0, 0x0, 0x4b, 0xd8, 0x0, 0x0, 0x0,
    0x0, 0x0, 0x0, 0x0, 0x0, 0x0, 0x0, 0x0,
    0x0, 0x0, 0x0, 0x0, 0x0, 0x0, 0x0, 0x0,
    0x0, 0x0, 0x0, 0x0, 0xef, 0xff, 0xff, 0xff,
    0xff, 0xff, 0xff, 0xff, 0xff, 0x7e, 0xff, 0xff,
    0xff, 0xff, 0xff, 0xff, 0xff, 0xff, 0xf7, 0xef,
    0xff, 0xff, 0xff, 0xff, 0xff, 0xff, 0xff, 0xff,
    0x7e, 0xff, 0xff, 0xff, 0xff, 0xff, 0xff, 0xff,
    0xff, 0xf7, 0x0, 0x0, 0x0, 0x0, 0x0, 0x0,
    0x0, 0x0, 0x0, 0x0, 0x0, 0x0, 0x0, 0x0,
    0x0, 0x0, 0x0, 0x0, 0x0, 0x0, 0x0, 0x0,
    0x0, 0x0, 0x0, 0x0, 0x0, 0x0, 0x0, 0x0,
    0x0, 0x0, 0x5d, 0xfa, 0x10, 0x0, 0x0, 0x0,
    0x0, 0x0, 0x0, 0x4f, 0xff, 0xfc, 0x0, 0x0,
    0x0, 0x0, 0x0, 0x0, 0x9, 0xff, 0xff, 0xf1,
    0x0, 0x0, 0x0, 0x0, 0x0, 0x0, 0x9f, 0xff,
    0xff, 0x10, 0x0, 0x0, 0x0, 0x0, 0x0, 0x3,
    0xff, 0xff, 0xa0, 0x0, 0x0, 0x0, 0x0, 0x0,
    0x0, 0x3, 0xbd, 0x80, 0x0, 0x0, 0x0, 0x0,

    /* U+00F8 "ø" */
    0x0, 0x0, 0x0, 0x0, 0x0, 0x0, 0x0, 0x0,
    0x0, 0x50, 0x0, 0x0, 0x0, 0x4, 0x9c, 0xff,
    0xfd, 0x94, 0x0, 0x5f, 0xc1, 0x0, 0x0, 0x2c,
    0xff, 0xff, 0xff, 0xff, 0xfd, 0x7f, 0xff, 0x30,
    0x0, 0x4f, 0xff, 0xff, 0xff, 0xff, 0xff, 0xff,
    0xff, 0x50, 0x0, 0x3f, 0xff, 0xff, 0xff, 0xff,
    0xff, 0xff, 0xff, 0xc0, 0x0, 0xd, 0xff, 0xff,
    0xe6, 0x0, 0x5, 0xef, 0xff, 0xfe, 0x0, 0x5,
    0xff, 0xff, 0xe2, 0x0, 0x0, 0xc, 0xff, 0xff,
    0xf7, 0x0, 0xbf, 0xff, 0xf7, 0x0, 0x0, 0x9,
    0xff, 0xff, 0xff, 0xd0, 0xf, 0xff, 0xff, 0x0,
    0x0, 0x7, 0xff, 0xef, 0xff, 0xff, 0x23, 0xff,
    0xff, 0xc0, 0x0, 0x5, 0xff, 0xf2, 0x9f, 0xff,
    0xf5, 0x4f, 0xff, 0xfa, 0x0, 0x3, 0xff, 0xf4,
    0x7, 0xff, 0xff, 0x65, 0xff, 0xff, 0x90, 0x2,
    0xef, 0xf6, 0x0, 0x6f, 0xff, 0xf7, 0x4f, 0xff,
    0xfa, 0x1, 0xdf, 0xf8, 0x0, 0x7, 0xff, 0xff,
    0x63, 0xff, 0xff, 0xc0, 0xcf, 0xfa, 0x0, 0x0,
    0x9f, 0xff, 0xf5, 0xf, 0xff, 0xff, 0xbf, 0xfb,
    0x0, 0x0, 0xe, 0xff, 0xff, 0x20, 0xbf, 0xff,
    0xff, 0xfd, 0x10, 0x0, 0x5, 0xff, 0xff, 0xd0,
    0x5, 0xff, 0xff, 0xff, 0x10, 0x0, 0x1, 0xdf,
    0xff, 0xf7, 0x0, 0xd, 0xff, 0xff, 0xf6, 0x0,
    0x5, 0xdf, 0xff, 0xfe, 0x0, 0x0, 0x6f, 0xff,
    0xff, 0xff, 0xff, 0xff, 0xff, 0xff, 0x40, 0x0,
    0x2e, 0xff, 0xff, 0xff, 0xff, 0xff, 0xff, 0xff,
    0x50, 0x0, 0x1d, 0xff, 0xbc, 0xff, 0xff, 0xff,
    0xff, 0xfd, 0x30, 0x0, 0x2, 0xef, 0xa0, 0x4,
    0x9d, 0xff, 0xfd, 0x94, 0x0, 0x0, 0x0, 0x1,
    0x90, 0x0, 0x0, 0x0, 0x0, 0x0, 0x0, 0x0,
    0x0, 0x0,

    /* U+00F9 "ù" */
    0x0, 0x0, 0x8f, 0xff, 0xf1, 0x0, 0x0, 0x0,
    0x0, 0x0, 0x0, 0x0, 0xdf, 0xff, 0x80, 0x0,
    0x0, 0x0, 0x0, 0x0, 0x0, 0x3, 0xff, 0xff,
    0x0, 0x0, 0x0, 0x0, 0x0, 0x0, 0x0, 0x8,
    0xff, 0xf7, 0x0, 0x0, 0x0, 0x0, 0x0, 0x0,
    0x0, 0xd, 0xff, 0xe0, 0x0, 0x0, 0x0, 0x0,
    0x0, 0x0, 0x0, 0x3b, 0xbb, 0x30, 0x0, 0x0,
    0x0, 0x0, 0x0, 0x0, 0x0, 0x0, 0x0, 0x0,
    0x0, 0x0, 0x0, 0x0, 0x0, 0x0, 0x0, 0x0,
    0x0, 0x0, 0x0, 0x0, 0x7f, 0xff, 0xf6, 0x0,
    0x0, 0x0, 0x2, 0xff, 0xff, 0xb7, 0xff, 0xff,
    0x60, 0x0, 0x0, 0x0, 0x2f, 0xff, 0xfb, 0x7f,
    0xff, 0xf6, 0x0, 0x0, 0x0, 0x2, 0xff, 0xff,
    0xb7, 0xff, 0xff, 0x60, 0x0, 0x0, 0x0, 0x2f,
    0xff, 0xfb, 0x7f, 0xff, 0xf6, 0x0, 0x0, 0x0,
    0x2, 0xff, 0xff, 0xb7, 0xff, 0xff, 0x60, 0x0,
    0x0, 0x0, 0x2f, 0xff, 0xfb, 0x7f, 0xff, 0xf6,
    0x0, 0x0, 0x0, 0x2, 0xff, 0xff, 0xb7, 0xff,
    0xff, 0x60, 0x0, 0x0, 0x0, 0x2f, 0xff, 0xfb,
    0x7f, 0xff, 0xf6, 0x0, 0x0, 0x0, 0x2, 0xff,
    0xff, 0xb7, 0xff, 0xff, 0x60, 0x0, 0x0, 0x0,
    0x2f, 0xff, 0xfb, 0x7f, 0xff, 0xf6, 0x0, 0x0,
    0x0, 0x2, 0xff, 0xff, 0xb7, 0xff, 0xff, 0x60,
    0x0, 0x0, 0x0, 0x2f, 0xff, 0xfb, 0x7f, 0xff,
    0xf6, 0x0, 0x0, 0x0, 0x2, 0xff, 0xff, 0xb6,
    0xff, 0xff, 0x70, 0x0, 0x0, 0x0, 0x4f, 0xff,
    0xfb, 0x5f, 0xff, 0xfc, 0x0, 0x0, 0x0, 0x9,
    0xff, 0xff, 0xb3, 0xff, 0xff, 0xf5, 0x0, 0x0,
    0x4, 0xff, 0xff, 0xfb, 0xe, 0xff, 0xff, 0xf8,
    0x32, 0x39, 0xff, 0xff, 0xff, 0xb0, 0x7f, 0xff,
    0xff, 0xff, 0xff, 0xff, 0xae, 0xff, 0xfb, 0x0,
    0xcf, 0xff, 0xff, 0xff, 0xff, 0xe1, 0xef, 0xff,
    0xb0, 0x1, 0xcf, 0xff, 0xff, 0xff, 0xd2, 0xe,
    0xff, 0xfb, 0x0, 0x0, 0x5b, 0xef, 0xfc, 0x70,
    0x0, 0xef, 0xff, 0xb0,

    /* U+00FA "ú" */
    0x0, 0x0, 0x0, 0x0, 0x0, 0xdf, 0xff, 0xb0,
    0x0, 0x0, 0x0, 0x0, 0x0, 0x0, 0x4f, 0xff,
    0xf1, 0x0, 0x0, 0x0, 0x0, 0x0, 0x0, 0xc,
    0xff, 0xf6, 0x0, 0x0, 0x0, 0x0, 0x0, 0x0,
    0x3, 0xff, 0xfb, 0x0, 0x0, 0x0, 0x0, 0x0,
    0x0, 0x0, 0xaf, 0xff, 0x20, 0x0, 0x0, 0x0,
    0x0, 0x0, 0x0, 0xa, 0xbb, 0x50, 0x0, 0x0,
    0x0, 0x0, 0x0, 0x0, 0x0, 0x0, 0x0, 0x0,
    0x0, 0x0, 0x0, 0x0, 0x0, 0x0, 0x0, 0x0,
    0x0, 0x0, 0x0, 0x0, 0x7f, 0xff, 0xf6, 0x0,
    0x0, 0x0, 0x2, 0xff, 0xff, 0xb7, 0xff, 0xff,
    0x60, 0x0, 0x0, 0x0, 0x2f, 0xff, 0xfb, 0x7f,
    0xff, 0xf6, 0x0, 0x0, 0x0, 0x2, 0xff, 0xff,
    0xb7, 0xff, 0xff, 0x60, 0x0, 0x0, 0x0, 0x2f,
    0xff, 0xfb, 0x7f, 0xff, 0xf6, 0x0, 0x0, 0x0,
    0x2, 0xff, 0xff, 0xb7, 0xff, 0xff, 0x60, 0x0,
    0x0, 0x0, 0x2f, 0xff, 0xfb, 0x7f, 0xff, 0xf6,
    0x0, 0x0, 0x0, 0x2, 0xff, 0xff, 0xb7, 0xff,
    0xff, 0x60, 0x0, 0x0, 0x0, 0x2f, 0xff, 0xfb,
    0x7f, 0xff, 0xf6, 0x0, 0x0, 0x0, 0x2, 0xff,
    0xff, 0xb7, 0xff, 0xff, 0x60, 0x0, 0x0, 0x0,
    0x2f, 0xff, 0xfb, 0x7f, 0xff, 0xf6, 0x0, 0x0,
    0x0, 0x2, 0xff, 0xff, 0xb7, 0xff, 0xff, 0x60,
    0x0, 0x0, 0x0, 0x2f, 0xff, 0xfb, 0x7f, 0xff,
    0xf6, 0x0, 0x0, 0x0, 0x2, 0xff, 0xff, 0xb6,
    0xff, 0xff, 0x70, 0x0, 0x0, 0x0, 0x4f, 0xff,
    0xfb, 0x5f, 0xff, 0xfc, 0x0, 0x0, 0x0, 0x9,
    0xff, 0xff, 0xb3, 0xff, 0xff, 0xf5, 0x0, 0x0,
    0x4, 0xff, 0xff, 0xfb, 0xe, 0xff, 0xff, 0xf8,
    0x32, 0x39, 0xff, 0xff, 0xff, 0xb0, 0x7f, 0xff,
    0xff, 0xff, 0xff, 0xff, 0xae, 0xff, 0xfb, 0x0,
    0xcf, 0xff, 0xff, 0xff, 0xff, 0xe1, 0xef, 0xff,
    0xb0, 0x1, 0xcf, 0xff, 0xff, 0xff, 0xd2, 0xe,
    0xff, 0xfb, 0x0, 0x0, 0x5b, 0xef, 0xfc, 0x70,
    0x0, 0xef, 0xff, 0xb0,

    /* U+00FB "û" */
    0x0, 0x0, 0x0, 0x4, 0x88, 0x86, 0x0, 0x0,
    0x0, 0x0, 0x0, 0x0, 0x4, 0xff, 0xff, 0xf7,
    0x0, 0x0, 0x0, 0x0, 0x0, 0x3, 0xff, 0xff,
    0xff, 0xf6, 0x0, 0x0, 0x0, 0x0, 0x3, 0xff,
    0xfe, 0x2c, 0xff, 0xf5, 0x0, 0x0, 0x0, 0x2,
    0xef, 0xff, 0x30, 0x1e, 0xff, 0xf4, 0x0, 0x0,
    0x1, 0xef, 0xff, 0x60, 0x0, 0x3f, 0xff, 0xf3,
    0x0, 0x0, 0x0, 0x0, 0x0, 0x0, 0x0, 0x0,
    0x0, 0x0, 0x0, 0x0, 0x0, 0x0, 0x0, 0x0,
    0x0, 0x0, 0x0, 0x0, 0x0, 0x0, 0x0, 0x0,
    0x0, 0x0, 0x0, 0x0, 0x0, 0x7, 0xff, 0xff,
    0x60, 0x0, 0x0, 0x0, 0x2f, 0xff, 0xfb, 0x7f,
    0xff, 0xf6, 0x0, 0x0, 0x0, 0x2, 0xff, 0xff,
    0xb7, 0xff, 0xff, 0x60, 0x0, 0x0, 0x0, 0x2f,
    0xff, 0xfb, 0x7f, 0xff, 0xf6, 0x0, 0x0, 0x0,
    0x2, 0xff, 0xff, 0xb7, 0xff, 0xff, 0x60, 0x0,
    0x0, 0x0, 0x2f, 0xff, 0xfb, 0x7f, 0xff, 0xf6,
    0x0, 0x0, 0x0, 0x2, 0xff, 0xff, 0xb7, 0xff,
    0xff, 0x60, 0x0, 0x0, 0x0, 0x2f, 0xff, 0xfb,
    0x7f, 0xff, 0xf6, 0x0, 0x0, 0x0, 0x2, 0xff,
    0xff, 0xb7, 0xff, 0xff, 0x60, 0x0, 0x0, 0x0,
    0x2f, 0xff, 0xfb, 0x7f, 0xff, 0xf6, 0x0, 0x0,
    0x0, 0x2, 0xff, 0xff, 0xb7, 0xff, 0xff, 0x60,
    0x0, 0x0, 0x0, 0x2f, 0xff, 0xfb, 0x7f, 0xff,
    0xf6, 0x0, 0x0, 0x0, 0x2, 0xff, 0xff, 0xb7,
    0xff, 0xff, 0x60, 0x0, 0x0, 0x0, 0x2f, 0xff,
    0xfb, 0x6f, 0xff, 0xf7, 0x0, 0x0, 0x0, 0x4,
    0xff, 0xff, 0xb5, 0xff, 0xff, 0xc0, 0x0, 0x0,
    0x0, 0x9f, 0xff, 0xfb, 0x3f, 0xff, 0xff, 0x50,
    0x0, 0x0, 0x4f, 0xff, 0xff, 0xb0, 0xef, 0xff,
    0xff, 0x83, 0x23, 0x9f, 0xff, 0xff, 0xfb, 0x7,
    0xff, 0xff, 0xff, 0xff, 0xff, 0xfa, 0xef, 0xff,
    0xb0, 0xc, 0xff, 0xff, 0xff, 0xff, 0xfe, 0x1e,
    0xff, 0xfb, 0x0, 0x1c, 0xff, 0xff, 0xff, 0xfd,
    0x20, 0xef, 0xff, 0xb0, 0x0, 0x5, 0xbe, 0xff,
    0xc7, 0x0, 0xe, 0xff, 0xfb,

    /* U+00FC "ü" */
    0x0, 0x0, 0x0, 0x0, 0x0, 0x0, 0x0, 0x0,
    0x0, 0x0, 0x0, 0x2c, 0xfd, 0x30, 0x0, 0x1b,
    0xfe, 0x40, 0x0, 0x0, 0xb, 0xff, 0xfe, 0x0,
    0xa, 0xff, 0xff, 0x10, 0x0, 0x0, 0xef, 0xff,
    0xf1, 0x0, 0xdf, 0xff, 0xf3, 0x0, 0x0, 0xb,
    0xff, 0xfe, 0x0, 0xa, 0xff, 0xfe, 0x0, 0x0,
    0x0, 0x1b, 0xfc, 0x20, 0x0, 0x1a, 0xfd, 0x30,
    0x0, 0x0, 0x0, 0x0, 0x0, 0x0, 0x0, 0x0,
    0x0, 0x0, 0x0, 0x0, 0x0, 0x0, 0x0, 0x0,
    0x0, 0x0, 0x0, 0x0, 0x0, 0x0, 0x0, 0x0,
    0x0, 0x0, 0x0, 0x0, 0x0, 0x7, 0xff, 0xff,
    0x60, 0x0, 0x0, 0x0, 0x2f, 0xff, 0xfb, 0x7f,
    0xff, 0xf6, 0x0, 0x0, 0x0, 0x2, 0xff, 0xff,
    0xb7, 0xff, 0xff, 0x60, 0x0, 0x0, 0x0, 0x2f,
    0xff, 0xfb, 0x7f, 0xff, 0xf6, 0x0, 0x0, 0x0,
    0x2, 0xff, 0xff, 0xb7, 0xff, 0xff, 0x60, 0x0,
    0x0, 0x0, 0x2f, 0xff, 0xfb, 0x7f, 0xff, 0xf6,
    0x0, 0x0, 0x0, 0x2, 0xff, 0xff, 0xb7, 0xff,
    0xff, 0x60, 0x0, 0x0, 0x0, 0x2f, 0xff, 0xfb,
    0x7f, 0xff, 0xf6, 0x0, 0x0, 0x0, 0x2, 0xff,
    0xff, 0xb7, 0xff, 0xff, 0x60, 0x0, 0x0, 0x0,
    0x2f, 0xff, 0xfb, 0x7f, 0xff, 0xf6, 0x0, 0x0,
    0x0, 0x2, 0xff, 0xff, 0xb7, 0xff, 0xff, 0x60,
    0x0, 0x0, 0x0, 0x2f, 0xff, 0xfb, 0x7f, 0xff,
    0xf6, 0x0, 0x0, 0x0, 0x2, 0xff, 0xff, 0xb7,
    0xff, 0xff, 0x60, 0x0, 0x0, 0x0, 0x2f, 0xff,
    0xfb, 0x6f, 0xff, 0xf7, 0x0, 0x0, 0x0, 0x4,
    0xff, 0xff, 0xb5, 0xff, 0xff, 0xc0, 0x0, 0x0,
    0x0, 0x9f, 0xff, 0xfb, 0x3f, 0xff, 0xff, 0x50,
    0x0, 0x0, 0x4f, 0xff, 0xff, 0xb0, 0xef, 0xff,
    0xff, 0x83, 0x23, 0x9f, 0xff, 0xff, 0xfb, 0x7,
    0xff, 0xff, 0xff, 0xff, 0xff, 0xfa, 0xef, 0xff,
    0xb0, 0xc, 0xff, 0xff, 0xff, 0xff, 0xfe, 0x1e,
    0xff, 0xfb, 0x0, 0x1c, 0xff, 0xff, 0xff, 0xfd,
    0x20, 0xef, 0xff, 0xb0, 0x0, 0x5, 0xbe, 0xff,
    0xc7, 0x0, 0xe, 0xff, 0xfb,

    /* U+00FD "ý" */
    0x0, 0x0, 0x0, 0x0, 0x0, 0x4, 0xff, 0xff,
    0x40, 0x0, 0x0, 0x0, 0x0, 0x0, 0x0, 0x0,
    0xb, 0xff, 0xfa, 0x0, 0x0, 0x0, 0x0, 0x0,
    0x0, 0x0, 0x0, 0x2f, 0xff, 0xe1, 0x0, 0x0,
    0x0, 0x0, 0x0, 0x0, 0x0, 0x0, 0x9f, 0xff,
    0x50, 0x0, 0x0, 0x0, 0x0, 0x0, 0x0, 0x0,
    0x1, 0xff, 0xfa, 0x0, 0x0, 0x0, 0x0, 0x0,
    0x0, 0x0, 0x0, 0x5, 0xbb, 0xa1, 0x0, 0x0,
    0x0, 0x0, 0x0, 0x0, 0x0, 0x0, 0x0, 0x0,
    0x0, 0x0, 0x0, 0x0, 0x0, 0x0, 0x0, 0x0,
    0x0, 0x0, 0x0, 0x0, 0x0, 0x0, 0x0, 0x0,
    0x1f, 0xff, 0xff, 0x10, 0x0, 0x0, 0x0, 0x0,
    0xaf, 0xff, 0xf7, 0xb, 0xff, 0xff, 0x50, 0x0,
    0x0, 0x0, 0x0, 0xff, 0xff, 0xf1, 0x5, 0xff,
    0xff, 0xb0, 0x0, 0x0, 0x0, 0x5, 0xff, 0xff,
    0xb0, 0x0, 0xff, 0xff, 0xf0, 0x0, 0x0, 0x0,
    0xa, 0xff, 0xff, 0x50, 0x0, 0x9f, 0xff, 0xf5,
    0x0, 0x0, 0x0, 0xf, 0xff, 0xfe, 0x0, 0x0,
    0x3f, 0xff, 0xfb, 0x0, 0x0, 0x0, 0x5f, 0xff,
    0xf9, 0x0, 0x0, 0xd, 0xff, 0xff, 0x0, 0x0,
    0x0, 0xbf, 0xff, 0xf3, 0x0, 0x0, 0x7, 0xff,
    0xff, 0x50, 0x0, 0x0, 0xff, 0xff, 0xd0, 0x0,
    0x0, 0x2, 0xff, 0xff, 0xb0, 0x0, 0x6, 0xff,
    0xff, 0x70, 0x0, 0x0, 0x0, 0xcf, 0xff, 0xf0,
    0x0, 0xb, 0xff, 0xff, 0x10, 0x0, 0x0, 0x0,
    0x6f, 0xff, 0xf5, 0x0, 0x1f, 0xff, 0xfb, 0x0,
    0x0, 0x0, 0x0, 0xf, 0xff, 0xfb, 0x0, 0x6f,
    0xff, 0xf5, 0x0, 0x0, 0x0, 0x0, 0xa, 0xff,
    0xff, 0x0, 0xbf, 0xff, 0xe0, 0x0, 0x0, 0x0,
    0x0, 0x4, 0xff, 0xff, 0x40, 0xff, 0xff, 0x90,
    0x0, 0x0, 0x0, 0x0, 0x0, 0xef, 0xff, 0x84,
    0xff, 0xff, 0x30, 0x0, 0x0, 0x0, 0x0, 0x0,
    0x8f, 0xff, 0xc8, 0xff, 0xfd, 0x0, 0x0, 0x0,
    0x0, 0x0, 0x0, 0x2f, 0xff, 0xfd, 0xff, 0xf7,
    0x0, 0x0, 0x0, 0x0, 0x0, 0x0, 0xc, 0xff,
    0xff, 0xff, 0xf1, 0x0, 0x0, 0x0, 0x0, 0x0,
    0x0, 0x6, 0xff, 0xff, 0xff, 0xb0, 0x0, 0x0,
    0x0, 0x0, 0x0, 0x0, 0x1, 0xff, 0xff, 0xff,
    0x50, 0x0, 0x0, 0x0, 0x0, 0x0, 0x0, 0x0,
    0xaf, 0xff, 0xfe, 0x0, 0x0, 0x0, 0x0, 0x0,
    0x0, 0x0, 0x0, 0x8f, 0xff, 0xf8, 0x0, 0x0,
    0x0, 0x0, 0x0, 0x0, 0x0, 0x0, 0xcf, 0xff,
    0xf2, 0x0, 0x0, 0x0, 0x0, 0x0, 0x0, 0x0,
    0x1, 0xff, 0xff, 0xc0, 0x0, 0x0, 0x0, 0x0,
    0x0, 0x2, 0x10, 0x3c, 0xff, 0xff, 0x60, 0x0,
    0x0, 0x0, 0x0, 0x0, 0xc, 0xff, 0xff, 0xff,
    0xfd, 0x0, 0x0, 0x0, 0x0, 0x0, 0x0, 0x1f,
    0xff, 0xff, 0xff, 0xf3, 0x0, 0x0, 0x0, 0x0,
    0x0, 0x0, 0x5f, 0xff, 0xff, 0xfe, 0x40, 0x0,
    0x0, 0x0, 0x0, 0x0, 0x0, 0x5c, 0xef, 0xfc,
    0x71, 0x0, 0x0, 0x0, 0x0, 0x0, 0x0,

    /* U+00FE "þ" */
    0x7f, 0xff, 0xf6, 0x0, 0x0, 0x0, 0x0, 0x0,
    0x0, 0x0, 0x7, 0xff, 0xff, 0x60, 0x0, 0x0,
    0x0, 0x0, 0x0, 0x0, 0x0, 0x7f, 0xff, 0xf6,
    0x0, 0x0, 0x0, 0x0, 0x0, 0x0, 0x0, 0x7,
    0xff, 0xff, 0x60, 0x0, 0x0, 0x0, 0x0, 0x0,
    0x0, 0x0, 0x7f, 0xff, 0xf6, 0x0, 0x0, 0x0,
    0x0, 0x0, 0x0, 0x0, 0x7, 0xff, 0xff, 0x60,
    0x0, 0x0, 0x0, 0x0, 0x0, 0x0, 0x0, 0x7f,
    0xff, 0xf6, 0x0, 0x0, 0x0, 0x0, 0x0, 0x0,
    0x0, 0x7, 0xff, 0xff, 0x60, 0x5, 0xbe, 0xfe,
    0xc7, 0x0, 0x0, 0x0, 0x7f, 0xff, 0xf6, 0xb,
    0xff, 0xff, 0xff, 0xfe, 0x50, 0x0, 0x7, 0xff,
    0xff, 0x6a, 0xff, 0xff, 0xff, 0xff, 0xff, 0x60,
    0x0, 0x7f, 0xff, 0xfb, 0xff, 0xff, 0xff, 0xff,
    0xff, 0xff, 0x30, 0x7, 0xff, 0xff, 0xff, 0xc4,
    0x0, 0x28, 0xff, 0xff, 0xfc, 0x0, 0x7f, 0xff,
    0xff, 0xc0, 0x0, 0x0, 0x6, 0xff, 0xff, 0xf3,
    0x7, 0xff, 0xff, 0xf2, 0x0, 0x0, 0x0, 0xb,
    0xff, 0xff, 0x90, 0x7f, 0xff, 0xfb, 0x0, 0x0,
    0x0, 0x0, 0x5f, 0xff, 0xfc, 0x7, 0xff, 0xff,
    0x70, 0x0, 0x0, 0x0, 0x1, 0xff, 0xff, 0xf0,
    0x7f, 0xff, 0xf5, 0x0, 0x0, 0x0, 0x0, 0xe,
    0xff, 0xff, 0x7, 0xff, 0xff, 0x40, 0x0, 0x0,
    0x0, 0x0, 0xef, 0xff, 0xf1, 0x7f, 0xff, 0xf5,
    0x0, 0x0, 0x0, 0x0, 0xf, 0xff, 0xff, 0x7,
    0xff, 0xff, 0x70, 0x0, 0x0, 0x0, 0x1, 0xff,
    0xff, 0xf0, 0x7f, 0xff, 0xfc, 0x0, 0x0, 0x0,
    0x0, 0x5f, 0xff, 0xfc, 0x7, 0xff, 0xff, 0xf2,
    0x0, 0x0, 0x0, 0xc, 0xff, 0xff, 0x80, 0x7f,
    0xff, 0xff, 0xc0, 0x0, 0x0, 0x6, 0xff, 0xff,
    0xf3, 0x7, 0xff, 0xff, 0xff, 0xd4, 0x0, 0x29,
    0xff, 0xff, 0xfc, 0x0, 0x7f, 0xff, 0xfb, 0xff,
    0xff, 0xff, 0xff, 0xff, 0xff, 0x30, 0x7, 0xff,
    0xff, 0x6a, 0xff, 0xff, 0xff, 0xff, 0xff, 0x60,
    0x0, 0x7f, 0xff, 0xf6, 0xb, 0xff, 0xff, 0xff,
    0xfe, 0x50, 0x0, 0x7, 0xff, 0xff, 0x60, 0x5,
    0xbe, 0xfe, 0xc7, 0x0, 0x0, 0x0, 0x7f, 0xff,
    0xf6, 0x0, 0x0, 0x0, 0x0, 0x0, 0x0, 0x0,
    0x7, 0xff, 0xff, 0x60, 0x0, 0x0, 0x0, 0x0,
    0x0, 0x0, 0x0, 0x7f, 0xff, 0xf6, 0x0, 0x0,
    0x0, 0x0, 0x0, 0x0, 0x0, 0x7, 0xff, 0xff,
    0x60, 0x0, 0x0, 0x0, 0x0, 0x0, 0x0, 0x0,
    0x7f, 0xff, 0xf6, 0x0, 0x0, 0x0, 0x0, 0x0,
    0x0, 0x0, 0x7, 0xff, 0xff, 0x60, 0x0, 0x0,
    0x0, 0x0, 0x0, 0x0, 0x0, 0x7f, 0xff, 0xf6,
    0x0, 0x0, 0x0, 0x0, 0x0, 0x0, 0x0, 0x7,
    0xff, 0xff, 0x60, 0x0, 0x0, 0x0, 0x0, 0x0,
    0x0, 0x0,

    /* U+00FF "ÿ" */
    0x0, 0x0, 0x5, 0xde, 0x90, 0x0, 0x4, 0xdf,
    0xa0, 0x0, 0x0, 0x0, 0x0, 0x2f, 0xff, 0xf7,
    0x0, 0x1f, 0xff, 0xf8, 0x0, 0x0, 0x0, 0x0,
    0x5f, 0xff, 0xfb, 0x0, 0x4f, 0xff, 0xfc, 0x0,
    0x0, 0x0, 0x0, 0x2f, 0xff, 0xf8, 0x0, 0x1f,
    0xff, 0xf9, 0x0, 0x0, 0x0, 0x0, 0x6, 0xff,
    0xa0, 0x0, 0x5, 0xef, 0xb1, 0x0, 0x0, 0x0,
    0x0, 0x0, 0x0, 0x0, 0x0, 0x0, 0x0, 0x0,
    0x0, 0x0, 0x0, 0x0, 0x0, 0x0, 0x0, 0x0,
    0x0, 0x0, 0x0, 0x0, 0x0, 0x0, 0x0, 0x0,
    0x0, 0x0, 0x0, 0x0, 0x0, 0x0, 0x0, 0x0,
    0x1f, 0xff, 0xff, 0x10, 0x0, 0x0, 0x0, 0x0,
    0xaf, 0xff, 0xf7, 0xb, 0xff, 0xff, 0x50, 0x0,
    0x0, 0x0, 0x0, 0xff, 0xff, 0xf1, 0x5, 0xff,
    0xff, 0xb0, 0x0, 0x0, 0x0, 0x5, 0xff, 0xff,
    0xb0, 0x0, 0xff, 0xff, 0xf0, 0x0, 0x0, 0x0,
    0xa, 0xff, 0xff, 0x50, 0x0, 0x9f, 0xff, 0xf5,
    0x0, 0x0, 0x0, 0xf, 0xff, 0xfe, 0x0, 0x0,
    0x3f, 0xff, 0xfb, 0x0, 0x0, 0x0, 0x5f, 0xff,
    0xf9, 0x0, 0x0, 0xd, 0xff, 0xff, 0x0, 0x0,
    0x0, 0xbf, 0xff, 0xf3, 0x0, 0x0, 0x7, 0xff,
    0xff, 0x50, 0x0, 0x0, 0xff, 0xff, 0xd0, 0x0,
    0x0, 0x2, 0xff, 0xff, 0xb0, 0x0, 0x6, 0xff,
    0xff, 0x70, 0x0, 0x0, 0x0, 0xcf, 0xff, 0xf0,
    0x0, 0xb, 0xff, 0xff, 0x10, 0x0, 0x0, 0x0,
    0x6f, 0xff, 0xf5, 0x0, 0x1f, 0xff, 0xfb, 0x0,
    0x0, 0x0, 0x0, 0xf, 0xff, 0xfb, 0x0, 0x6f,
    0xff, 0xf5, 0x0, 0x0, 0x0, 0x0, 0xa, 0xff,
    0xff, 0x0, 0xbf, 0xff, 0xe0, 0x0, 0x0, 0x0,
    0x0, 0x4, 0xff, 0xff, 0x40, 0xff, 0xff, 0x90,
    0x0, 0x0, 0x0, 0x0, 0x0, 0xef, 0xff, 0x84,
    0xff, 0xff, 0x30, 0x0, 0x0, 0x0, 0x0, 0x0,
    0x8f, 0xff, 0xc8, 0xff, 0xfd, 0x0, 0x0, 0x0,
    0x0, 0x0, 0x0, 0x2f, 0xff, 0xfd, 0xff, 0xf7,
    0x0, 0x0, 0x0, 0x0, 0x0, 0x0, 0xc, 0xff,
    0xff, 0xff, 0xf1, 0x0, 0x0, 0x0, 0x0, 0x0,
    0x0, 0x6, 0xff, 0xff, 0xff, 0xb0, 0x0, 0x0,
    0x0, 0x0, 0x0, 0x0, 0x1, 0xff, 0xff, 0xff,
    0x50, 0x0, 0x0, 0x0, 0x0, 0x0, 0x0, 0x0,
    0xaf, 0xff, 0xfe, 0x0, 0x0, 0x0, 0x0, 0x0,
    0x0, 0x0, 0x0, 0x8f, 0xff, 0xf8, 0x0, 0x0,
    0x0, 0x0, 0x0, 0x0, 0x0, 0x0, 0xcf, 0xff,
    0xf2, 0x0, 0x0, 0x0, 0x0, 0x0, 0x0, 0x0,
    0x1, 0xff, 0xff, 0xc0, 0x0, 0x0, 0x0, 0x0,
    0x0, 0x2, 0x10, 0x3c, 0xff, 0xff, 0x60, 0x0,
    0x0, 0x0, 0x0, 0x0, 0xc, 0xff, 0xff, 0xff,
    0xfd, 0x0, 0x0, 0x0, 0x0, 0x0, 0x0, 0x1f,
    0xff, 0xff, 0xff, 0xf3, 0x0, 0x0, 0x0, 0x0,
    0x0, 0x0, 0x5f, 0xff, 0xff, 0xfe, 0x40, 0x0,
    0x0, 0x0, 0x0, 0x0, 0x0, 0x5c, 0xef, 0xfc,
    0x71, 0x0, 0x0, 0x0, 0x0, 0x0, 0x0,

    /* U+0152 "Œ" */
    0x0, 0x0, 0x0, 0x0, 0x5, 0x9c, 0xef, 0xff,
    0xff, 0xff, 0xff, 0xff, 0xff, 0xff, 0xff, 0xff,
    0xff, 0xf4, 0x0, 0x0, 0x0, 0x7, 0xef, 0xff,
    0xff, 0xff, 0xff, 0xff, 0xff, 0xff, 0xff, 0xff,
    0xff, 0xff, 0xff, 0xf4, 0x0, 0x0, 0x3, 0xdf,
    0xff, 0xff, 0xff, 0xff, 0xff, 0xff, 0xff, 0xff,
    0xff, 0xff, 0xff, 0xff, 0xff, 0xf4, 0x0, 0x0,
    0x3f, 0xff, 0xff, 0xff, 0xff, 0xff, 0xff, 0xff,
    0xff, 0xff, 0xff, 0xff, 0xff, 0xff, 0xff, 0xf4,
    0x0, 0x2, 0xff, 0xff, 0xff, 0xd8, 0x43, 0x22,
    0x2c, 0xff, 0xff, 0x62, 0x22, 0x22, 0x22, 0x22,
    0x22, 0x20, 0x0, 0xc, 0xff, 0xff, 0xf7, 0x0,
    0x0, 0x0, 0xb, 0xff, 0xff, 0x40, 0x0, 0x0,
    0x0, 0x0, 0x0, 0x0, 0x0, 0x6f, 0xff, 0xff,
    0x40, 0x0, 0x0, 0x0, 0xb, 0xff, 0xff, 0x40,
    0x0, 0x0, 0x0, 0x0, 0x0, 0x0, 0x0, 0xdf,
    0xff, 0xf7, 0x0, 0x0, 0x0, 0x0, 0xb, 0xff,
    0xff, 0x40, 0x0, 0x0, 0x0, 0x0, 0x0, 0x0,
    0x4, 0xff, 0xff, 0xe0, 0x0, 0x0, 0x0, 0x0,
    0xb, 0xff, 0xff, 0x40, 0x0, 0x0, 0x0, 0x0,
    0x0, 0x0, 0x8, 0xff, 0xff, 0x70, 0x0, 0x0,
    0x0, 0x0, 0xb, 0xff, 0xff, 0x40, 0x0, 0x0,
    0x0, 0x0, 0x0, 0x0, 0xc, 0xff, 0xff, 0x30,
    0x0, 0x0, 0x0, 0x0, 0xb, 0xff, 0xff, 0x40,
    0x0, 0x0, 0x0, 0x0, 0x0, 0x0, 0xe, 0xff,
    0xff, 0x0, 0x0, 0x0, 0x0, 0x0, 0xb, 0xff,
    0xff, 0x40, 0x0, 0x0, 0x0, 0x0, 0x0, 0x0,
    0xf, 0xff, 0xfe, 0x0, 0x0, 0x0, 0x0, 0x0,
    0xb, 0xff, 0xff, 0xff, 0xff, 0xff, 0xff, 0xff,
    0xff, 0x40, 0x1f, 0xff, 0xfd, 0x0, 0x0, 0x0,
    0x0, 0x0, 0xb, 0xff, 0xff, 0xff, 0xff, 0xff,
    0xff, 0xff, 0xff, 0x40, 0x1f, 0xff, 0xfd, 0x0,
    0x0, 0x0, 0x0, 0x0, 0xb, 0xff, 0xff, 0xff,
    0xff, 0xff, 0xff, 0xff, 0xff, 0x40, 0xf, 0xff,
    0xfe, 0x0, 0x0, 0x0, 0x0, 0x0, 0xb, 0xff,
    0xff, 0xff, 0xff, 0xff, 0xff, 0xff, 0xff, 0x40,
    0xe, 0xff, 0xff, 0x0, 0x0, 0x0, 0x0, 0x0,
    0xb, 0xff, 0xff, 0x52, 0x22, 0x22, 0x22, 0x22,
    0x22, 0x0, 0xc, 0xff, 0xff, 0x30, 0x0, 0x0,
    0x0, 0x0, 0xb, 0xff, 0xff, 0x40, 0x0, 0x0,
    0x0, 0x0, 0x0, 0x0, 0x8, 0xff, 0xff, 0x70,
    0x0, 0x0, 0x0, 0x0, 0xb, 0xff, 0xff, 0x40,
    0x0, 0x0, 0x0, 0x0, 0x0, 0x0, 0x4, 0xff,
    0xff, 0xd0, 0x0, 0x0, 0x0, 0x0, 0xb, 0xff,
    0xff, 0x40, 0x0, 0x0, 0x0, 0x0, 0x0, 0x0,
    0x0, 0xdf, 0xff, 0xf7, 0x0, 0x0, 0x0, 0x0,
    0xb, 0xff, 0xff, 0x40, 0x0, 0x0, 0x0, 0x0,
    0x0, 0x0, 0x0, 0x6f, 0xff, 0xff, 0x40, 0x0,
    0x0, 0x0, 0xb, 0xff, 0xff, 0x40, 0x0, 0x0,
    0x0, 0x0, 0x0, 0x0, 0x0, 0xc, 0xff, 0xff,
    0xf6, 0x0, 0x0, 0x0, 0xb, 0xff, 0xff, 0x40,
    0x0, 0x0, 0x0, 0x0, 0x0, 0x0, 0x0, 0x2,
    0xef, 0xff, 0xff, 0xd8, 0x43, 0x22, 0x2c, 0xff,
    0xff, 0x62, 0x22, 0x22, 0x22, 0x22, 0x22, 0x20,
    0x0, 0x0, 0x3f, 0xff, 0xff, 0xff, 0xff, 0xff,
    0xff, 0xff, 0xff, 0xff, 0xff, 0xff, 0xff, 0xff,
    0xff, 0xf5, 0x0, 0x0, 0x2, 0xdf, 0xff, 0xff,
    0xff, 0xff, 0xff, 0xff, 0xff, 0xff, 0xff, 0xff,
    0xff, 0xff, 0xff, 0xf5, 0x0, 0x0, 0x0, 0x7,
    0xef, 0xff, 0xff, 0xff, 0xff, 0xff, 0xff, 0xff,
    0xff, 0xff, 0xff, 0xff, 0xff, 0xf5, 0x0, 0x0,
    0x0, 0x0, 0x5, 0x9c, 0xef, 0xff, 0xff, 0xff,
    0xff, 0xff, 0xff, 0xff, 0xff, 0xff, 0xff, 0xf5,

    /* U+0153 "œ" */
    0x0, 0x0, 0x0, 0x49, 0xcf, 0xff, 0xd9, 0x40,
    0x0, 0x0, 0x2, 0x8c, 0xef, 0xfd, 0x94, 0x0,
    0x0, 0x0, 0x0, 0x0, 0x2c, 0xff, 0xff, 0xff,
    0xff, 0xfd, 0x30, 0x1, 0xaf, 0xff, 0xff, 0xff,
    0xff, 0xd3, 0x0, 0x0, 0x0, 0x4, 0xff, 0xff,
    0xff, 0xff, 0xff, 0xff, 0xf5, 0x2e, 0xff, 0xff,
    0xff, 0xff, 0xff, 0xff, 0x60, 0x0, 0x0, 0x3f,
    0xff, 0xff, 0xff, 0xff, 0xff, 0xff, 0xff, 0xff,
    0xff, 0xff, 0xfe, 0xff, 0xff, 0xff, 0xf4, 0x0,
    0x0, 0xdf, 0xff, 0xfe, 0x60, 0x0, 0x5d, 0xff,
    0xff, 0xff, 0xff, 0xc4, 0x0, 0x3, 0xaf, 0xff,
    0xfe, 0x0, 0x5, 0xff, 0xff, 0xe2, 0x0, 0x0,
    0x1, 0xef, 0xff, 0xff, 0xfb, 0x0, 0x0, 0x0,
    0xa, 0xff, 0xff, 0x50, 0xb, 0xff, 0xff, 0x70,
    0x0, 0x0, 0x0, 0x5f, 0xff, 0xff, 0xf2, 0x0,
    0x0, 0x0, 0x1, 0xff, 0xff, 0xb0, 0xf, 0xff,
    0xff, 0x0, 0x0, 0x0, 0x0, 0xe, 0xff, 0xff,
    0xe0, 0x0, 0x0, 0x0, 0x0, 0xbf, 0xff, 0xe0,
    0x3f, 0xff, 0xfc, 0x0, 0x0, 0x0, 0x0, 0xa,
    0xff, 0xff, 0xff, 0xff, 0xff, 0xff, 0xff, 0xff,
    0xff, 0xf0, 0x4f, 0xff, 0xfa, 0x0, 0x0, 0x0,
    0x0, 0x9, 0xff, 0xff, 0xff, 0xff, 0xff, 0xff,
    0xff, 0xff, 0xff, 0xf1, 0x5f, 0xff, 0xf9, 0x0,
    0x0, 0x0, 0x0, 0x8, 0xff, 0xff, 0xff, 0xff,
    0xff, 0xff, 0xff, 0xff, 0xff, 0xf1, 0x4f, 0xff,
    0xfa, 0x0, 0x0, 0x0, 0x0, 0x9, 0xff, 0xff,
    0xf4, 0x44, 0x44, 0x44, 0x44, 0x44, 0x44, 0x40,
    0x3f, 0xff, 0xfc, 0x0, 0x0, 0x0, 0x0, 0xa,
    0xff, 0xff, 0xf0, 0x0, 0x0, 0x0, 0x0, 0x0,
    0x0, 0x0, 0xf, 0xff, 0xff, 0x0, 0x0, 0x0,
    0x0, 0xe, 0xff, 0xff, 0xf0, 0x0, 0x0, 0x0,
    0x0, 0x0, 0x0, 0x0, 0xb, 0xff, 0xff, 0x70,
    0x0, 0x0, 0x0, 0x5f, 0xff, 0xff, 0xf7, 0x0,
    0x0, 0x0, 0x0, 0x65, 0x20, 0x0, 0x5, 0xff,
    0xff, 0xe2, 0x0, 0x0, 0x1, 0xdf, 0xff, 0xff,
    0xff, 0x30, 0x0, 0x0, 0x4, 0xff, 0xfe, 0x70,
    0x0, 0xdf, 0xff, 0xfe, 0x60, 0x0, 0x5d, 0xff,
    0xff, 0xff, 0xff, 0xf7, 0x10, 0x1, 0x8f, 0xff,
    0xff, 0x50, 0x0, 0x3f, 0xff, 0xff, 0xff, 0xff,
    0xff, 0xff, 0xff, 0xff, 0xff, 0xff, 0xff, 0xff,
    0xff, 0xff, 0xfb, 0x0, 0x0, 0x4, 0xff, 0xff,
    0xff, 0xff, 0xff, 0xff, 0xf5, 0x2e, 0xff, 0xff,
    0xff, 0xff, 0xff, 0xff, 0xc0, 0x0, 0x0, 0x0,
    0x2c, 0xff, 0xff, 0xff, 0xff, 0xfd, 0x30, 0x1,
    0xaf, 0xff, 0xff, 0xff, 0xff, 0xf9, 0x0, 0x0,
    0x0, 0x0, 0x0, 0x49, 0xdf, 0xff, 0xd9, 0x40,
    0x0, 0x0, 0x2, 0x8c, 0xef, 0xfe, 0xb7, 0x10,
    0x0, 0x0,

    /* U+0178 "Ÿ" */
    0x0, 0x0, 0x0, 0x2, 0xbf, 0xc2, 0x0, 0x1,
    0xbf, 0xc3, 0x0, 0x0, 0x0, 0x0, 0x0, 0x0,
    0x0, 0xcf, 0xff, 0xc0, 0x0, 0xbf, 0xff, 0xe0,
    0x0, 0x0, 0x0, 0x0, 0x0, 0x0, 0xf, 0xff,
    0xff, 0x0, 0xe, 0xff, 0xff, 0x20, 0x0, 0x0,
    0x0, 0x0, 0x0, 0x0, 0xdf, 0xff, 0xd0, 0x0,
    0xbf, 0xff, 0xe0, 0x0, 0x0, 0x0, 0x0, 0x0,
    0x0, 0x2, 0xcf, 0xd2, 0x0, 0x2, 0xcf, 0xd3,
    0x0, 0x0, 0x0, 0x0, 0x0, 0x0, 0x0, 0x0,
    0x0, 0x0, 0x0, 0x0, 0x0, 0x0, 0x0, 0x0,
    0x0, 0x0, 0x0, 0x0, 0x0, 0x0, 0x0, 0x0,
    0x0, 0x0, 0x0, 0x0, 0x0, 0x0, 0x0, 0x0,
    0x0, 0x0, 0x0, 0x0, 0x0, 0x0, 0x0, 0x0,
    0x0, 0x0, 0x0, 0x0, 0xc, 0xff, 0xff, 0xe1,
    0x0, 0x0, 0x0, 0x0, 0x0, 0x0, 0xdf, 0xff,
    0xfd, 0x0, 0x3f, 0xff, 0xff, 0x80, 0x0, 0x0,
    0x0, 0x0, 0x0, 0x6f, 0xff, 0xff, 0x40, 0x0,
    0x9f, 0xff, 0xff, 0x20, 0x0, 0x0, 0x0, 0x0,
    0xe, 0xff, 0xff, 0xb0, 0x0, 0x1, 0xef, 0xff,
    0xfa, 0x0, 0x0, 0x0, 0x0, 0x7, 0xff, 0xff,
    0xf2, 0x0, 0x0, 0x6, 0xff, 0xff, 0xf3, 0x0,
    0x0, 0x0, 0x1, 0xff, 0xff, 0xf8, 0x0, 0x0,
    0x0, 0xc, 0xff, 0xff, 0xc0, 0x0, 0x0, 0x0,
    0x9f, 0xff, 0xfe, 0x0, 0x0, 0x0, 0x0, 0x3f,
    0xff, 0xff, 0x50, 0x0, 0x0, 0x2f, 0xff, 0xff,
    0x50, 0x0, 0x0, 0x0, 0x0, 0x9f, 0xff, 0xfe,
    0x0, 0x0, 0xa, 0xff, 0xff, 0xc0, 0x0, 0x0,
    0x0, 0x0, 0x1, 0xef, 0xff, 0xf7, 0x0, 0x3,
    0xff, 0xff, 0xf3, 0x0, 0x0, 0x0, 0x0, 0x0,
    0x6, 0xff, 0xff, 0xf1, 0x0, 0xcf, 0xff, 0xf9,
    0x0, 0x0, 0x0, 0x0, 0x0, 0x0, 0xd, 0xff,
    0xff, 0x80, 0x4f, 0xff, 0xfe, 0x10, 0x0, 0x0,
    0x0, 0x0, 0x0, 0x0, 0x3f, 0xff, 0xff, 0xb,
    0xff, 0xff, 0x60, 0x0, 0x0, 0x0, 0x0, 0x0,
    0x0, 0x0, 0xaf, 0xff, 0xf9, 0xff, 0xff, 0xd0,
    0x0, 0x0, 0x0, 0x0, 0x0, 0x0, 0x0, 0x1,
    0xff, 0xff, 0xff, 0xff, 0xf3, 0x0, 0x0, 0x0,
    0x0, 0x0, 0x0, 0x0, 0x0, 0x7, 0xff, 0xff,
    0xff, 0xfa, 0x0, 0x0, 0x0, 0x0, 0x0, 0x0,
    0x0, 0x0, 0x0, 0xd, 0xff, 0xff, 0xff, 0x10,
    0x0, 0x0, 0x0, 0x0, 0x0, 0x0, 0x0, 0x0,
    0x0, 0x4f, 0xff, 0xff, 0x70, 0x0, 0x0, 0x0,
    0x0, 0x0, 0x0, 0x0, 0x0, 0x0, 0x0, 0xdf,
    0xff, 0xf1, 0x0, 0x0, 0x0, 0x0, 0x0, 0x0,
    0x0, 0x0, 0x0, 0x0, 0xd, 0xff, 0xff, 0x10,
    0x0, 0x0, 0x0, 0x0, 0x0, 0x0, 0x0, 0x0,
    0x0, 0x0, 0xdf, 0xff, 0xf1, 0x0, 0x0, 0x0,
    0x0, 0x0, 0x0, 0x0, 0x0, 0x0, 0x0, 0xd,
    0xff, 0xff, 0x10, 0x0, 0x0, 0x0, 0x0, 0x0,
    0x0, 0x0, 0x0, 0x0, 0x0, 0xdf, 0xff, 0xf1,
    0x0, 0x0, 0x0, 0x0, 0x0, 0x0, 0x0, 0x0,
    0x0, 0x0, 0xd, 0xff, 0xff, 0x10, 0x0, 0x0,
    0x0, 0x0, 0x0, 0x0, 0x0, 0x0, 0x0, 0x0,
    0xdf, 0xff, 0xf1, 0x0, 0x0, 0x0, 0x0, 0x0,
    0x0, 0x0, 0x0, 0x0, 0x0, 0xd, 0xff, 0xff,
    0x10, 0x0, 0x0, 0x0, 0x0, 0x0, 0x0, 0x0,
    0x0, 0x0, 0x0, 0xdf, 0xff, 0xf1, 0x0, 0x0,
    0x0, 0x0, 0x0, 0x0, 0x0, 0x0, 0x0, 0x0,
    0xd, 0xff, 0xff, 0x10, 0x0, 0x0, 0x0, 0x0,
    0x0, 0x0, 0x0, 0x0, 0x0, 0x0, 0xdf, 0xff,
    0xf1, 0x0, 0x0, 0x0, 0x0, 0x0,

    /* U+2013 "–" */
    0xff, 0xff, 0xff, 0xff, 0xff, 0xff, 0xff, 0xff,
    0xff, 0xff, 0xff, 0xff, 0xff, 0xff, 0xff, 0xff,
    0xff, 0xff, 0xff, 0xff, 0xff, 0xff, 0xff, 0xff,
    0xff, 0xff, 0xff, 0xff, 0xff, 0xff, 0xff, 0xff,
    0xff, 0xff, 0xff, 0xff, 0xff, 0xff,

    /* U+2014 "—" */
    0xff, 0xff, 0xff, 0xff, 0xff, 0xff, 0xff, 0xff,
    0xff, 0xff, 0xff, 0xff, 0xff, 0xff, 0xff, 0xff,
    0xff, 0xff, 0xff, 0xff, 0xff, 0xff, 0xff, 0xff,
    0xff, 0xff, 0xff, 0xff, 0xff, 0xff, 0xff, 0xff,
    0xff, 0xff, 0xff, 0xff, 0xff, 0xff, 0xff, 0xff,
    0xff, 0xff, 0xff, 0xff, 0xff, 0xff, 0xff, 0xff,
    0xff, 0xff, 0xff, 0xff, 0xff, 0xff, 0xff, 0xff,
    0xff, 0xff, 0xff, 0xff, 0xff, 0xff, 0xff, 0xff,
    0xff, 0xff, 0xff, 0xff, 0xff, 0xff, 0xff, 0xff,
    0xff, 0xff, 0xff, 0xff
};


/*---------------------
 *  GLYPH DESCRIPTION
 *--------------------*/

static const lv_font_fmt_txt_glyph_dsc_t glyph_dsc[] = {
    {.bitmap_index = 0, .adv_w = 0, .box_w = 0, .box_h = 0, .ofs_x = 0, .ofs_y = 0} /* id = 0 reserved */,
    {.bitmap_index = 0, .adv_w = 163, .box_w = 0, .box_h = 0, .ofs_x = 0, .ofs_y = 0},
    {.bitmap_index = 0, .adv_w = 195, .box_w = 7, .box_h = 28, .ofs_x = 3, .ofs_y = 0},
    {.bitmap_index = 98, .adv_w = 318, .box_w = 14, .box_h = 12, .ofs_x = 3, .ofs_y = 16},
    {.bitmap_index = 182, .adv_w = 391, .box_w = 24, .box_h = 28, .ofs_x = 0, .ofs_y = 0},
    {.bitmap_index = 518, .adv_w = 395, .box_w = 22, .box_h = 36, .ofs_x = 1, .ofs_y = -4},
    {.bitmap_index = 914, .adv_w = 611, .box_w = 32, .box_h = 28, .ofs_x = 3, .ofs_y = 0},
    {.bitmap_index = 1362, .adv_w = 403, .box_w = 24, .box_h = 28, .ofs_x = 1, .ofs_y = 0},
    {.bitmap_index = 1698, .adv_w = 198, .box_w = 6, .box_h = 12, .ofs_x = 3, .ofs_y = 16},
    {.bitmap_index = 1734, .adv_w = 238, .box_w = 10, .box_h = 35, .ofs_x = 3, .ofs_y = -5},
    {.bitmap_index = 1909, .adv_w = 238, .box_w = 11, .box_h = 35, .ofs_x = 1, .ofs_y = -5},
    {.bitmap_index = 2102, .adv_w = 393, .box_w = 16, .box_h = 16, .ofs_x = 4, .ofs_y = 12},
    {.bitmap_index = 2230, .adv_w = 393, .box_w = 20, .box_h = 19, .ofs_x = 2, .ofs_y = 2},
    {.bitmap_index = 2420, .adv_w = 163, .box_w = 7, .box_h = 12, .ofs_x = 1, .ofs_y = -7},
    {.bitmap_index = 2462, .adv_w = 393, .box_w = 13, .box_h = 4, .ofs_x = 6, .ofs_y = 10},
    {.bitmap_index = 2488, .adv_w = 163, .box_w = 7, .box_h = 6, .ofs_x = 2, .ofs_y = 0},
    {.bitmap_index = 2509, .adv_w = 230, .box_w = 14, .box_h = 33, .ofs_x = 0, .ofs_y = -4},
    {.bitmap_index = 2740, .adv_w = 393, .box_w = 21, .box_h = 28, .ofs_x = 2, .ofs_y = 0},
    {.bitmap_index = 3034, .adv_w = 393, .box_w = 19, .box_h = 28, .ofs_x = 3, .ofs_y = 0},
    {.bitmap_index = 3300, .adv_w = 393, .box_w = 20, .box_h = 28, .ofs_x = 2, .ofs_y = 0},
    {.bitmap_index = 3580, .adv_w = 393, .box_w = 21, .box_h = 28, .ofs_x = 2, .ofs_y = 0},
    {.bitmap_index = 3874, .adv_w = 393, .box_w = 23, .box_h = 28, .ofs_x = 1, .ofs_y = 0},
    {.bitmap_index = 4196, .adv_w = 393, .box_w = 20, .box_h = 28, .ofs_x = 2, .ofs_y = 0},
    {.bitmap_index = 4476, .adv_w = 393, .box_w = 21, .box_h = 28, .ofs_x = 2, .ofs_y = 0},
    {.bitmap_index = 4770, .adv_w = 393, .box_w = 20, .box_h = 28, .ofs_x = 2, .ofs_y = 0},
    {.bitmap_index = 5050, .adv_w = 393, .box_w = 21, .box_h = 28, .ofs_x = 2, .ofs_y = 0},
    {.bitmap_index = 5344, .adv_w = 393, .box_w = 21, .box_h = 28, .ofs_x = 2, .ofs_y = 0},
    {.bitmap_index = 5638, .adv_w = 163, .box_w = 7, .box_h = 20, .ofs_x = 2, .ofs_y = 0},
    {.bitmap_index = 5708, .adv_w = 163, .box_w = 8, .box_h = 27, .ofs_x = 1, .ofs_y = -7},
    {.bitmap_index = 5816, .adv_w = 393, .box_w = 19, .box_h = 22, .ofs_x = 3, .ofs_y = 0},
    {.bitmap_index = 6025, .adv_w = 393, .box_w = 19, .box_h = 13, .ofs_x = 3, .ofs_y = 5},
    {.bitmap_index = 6149, .adv_w = 393, .box_w = 19, .box_h = 22, .ofs_x = 3, .ofs_y = 0},
    {.bitmap_index = 6358, .adv_w = 330, .box_w = 18, .box_h = 28, .ofs_x = 1, .ofs_y = 0},
    {.bitmap_index = 6610, .adv_w = 607, .box_w = 36, .box_h = 36, .ofs_x = 1, .ofs_y = -8},
    {.bitmap_index = 7258, .adv_w = 442, .box_w = 27, .box_h = 28, .ofs_x = 0, .ofs_y = 0},
    {.bitmap_index = 7636, .adv_w = 401, .box_w = 22, .box_h = 28, .ofs_x = 2, .ofs_y = 0},
    {.bitmap_index = 7944, .adv_w = 448, .box_w = 26, .box_h = 28, .ofs_x = 1, .ofs_y = 0},
    {.bitmap_index = 8308, .adv_w = 439, .box_w = 24, .box_h = 28, .ofs_x = 2, .ofs_y = 0},
    {.bitmap_index = 8644, .adv_w = 368, .box_w = 19, .box_h = 28, .ofs_x = 2, .ofs_y = 0},
    {.bitmap_index = 8910, .adv_w = 357, .box_w = 19, .box_h = 28, .ofs_x = 2, .ofs_y = 0},
    {.bitmap_index = 9176, .adv_w = 455, .box_w = 26, .box_h = 28, .ofs_x = 1, .ofs_y = 0},
    {.bitmap_index = 9540, .adv_w = 453, .box_w = 24, .box_h = 28, .ofs_x = 2, .ofs_y = 0},
    {.bitmap_index = 9876, .adv_w = 168, .box_w = 6, .box_h = 28, .ofs_x = 2, .ofs_y = 0},
    {.bitmap_index = 9960, .adv_w = 352, .box_w = 19, .box_h = 28, .ofs_x = 1, .ofs_y = 0},
    {.bitmap_index = 10226, .adv_w = 428, .box_w = 24, .box_h = 28, .ofs_x = 2, .ofs_y = 0},
    {.bitmap_index = 10562, .adv_w = 344, .box_w = 18, .box_h = 28, .ofs_x = 2, .ofs_y = 0},
    {.bitmap_index = 10814, .adv_w = 561, .box_w = 31, .box_h = 28, .ofs_x = 2, .ofs_y = 0},
    {.bitmap_index = 11248, .adv_w = 462, .box_w = 25, .box_h = 28, .ofs_x = 2, .ofs_y = 0},
    {.bitmap_index = 11598, .adv_w = 467, .box_w = 27, .box_h = 28, .ofs_x = 1, .ofs_y = 0},
    {.bitmap_index = 11976, .adv_w = 392, .box_w = 21, .box_h = 28, .ofs_x = 2, .ofs_y = 0},
    {.bitmap_index = 12270, .adv_w = 470, .box_w = 27, .box_h = 30, .ofs_x = 1, .ofs_y = -2},
    {.bitmap_index = 12675, .adv_w = 397, .box_w = 22, .box_h = 28, .ofs_x = 2, .ofs_y = 0},
    {.bitmap_index = 12983, .adv_w = 395, .box_w = 22, .box_h = 28, .ofs_x = 1, .ofs_y = 0},
    {.bitmap_index = 13291, .adv_w = 401, .box_w = 23, .box_h = 28, .ofs_x = 1, .ofs_y = 0},
    {.bitmap_index = 13613, .adv_w = 447, .box_w = 24, .box_h = 28, .ofs_x = 2, .ofs_y = 0},
    {.bitmap_index = 13949, .adv_w = 442, .box_w = 27, .box_h = 28, .ofs_x = 0, .ofs_y = 0},
    {.bitmap_index = 14327, .adv_w = 620, .box_w = 38, .box_h = 28, .ofs_x = 0, .ofs_y = 0},
    {.bitmap_index = 14859, .adv_w = 438, .box_w = 27, .box_h = 28, .ofs_x = 0, .ofs_y = 0},
    {.bitmap_index = 15237, .adv_w = 434, .box_w = 27, .box_h = 28, .ofs_x = 0, .ofs_y = 0},
    {.bitmap_index = 15615, .adv_w = 397, .box_w = 21, .box_h = 28, .ofs_x = 2, .ofs_y = 0},
    {.bitmap_index = 15909, .adv_w = 238, .box_w = 9, .box_h = 35, .ofs_x = 4, .ofs_y = -5},
    {.bitmap_index = 16067, .adv_w = 230, .box_w = 14, .box_h = 33, .ofs_x = 0, .ofs_y = -4},
    {.bitmap_index = 16298, .adv_w = 238, .box_w = 10, .box_h = 35, .ofs_x = 1, .ofs_y = -5},
    {.bitmap_index = 16473, .adv_w = 293, .box_w = 16, .box_h = 12, .ofs_x = 1, .ofs_y = 15},
    {.bitmap_index = 16569, .adv_w = 285, .box_w = 18, .box_h = 4, .ofs_x = 0, .ofs_y = -4},
    {.bitmap_index = 16605, .adv_w = 213, .box_w = 9, .box_h = 6, .ofs_x = 2, .ofs_y = 23},
    {.bitmap_index = 16632, .adv_w = 349, .box_w = 19, .box_h = 21, .ofs_x = 1, .ofs_y = 0},
    {.bitmap_index = 16832, .adv_w = 379, .box_w = 21, .box_h = 28, .ofs_x = 2, .ofs_y = 0},
    {.bitmap_index = 17126, .adv_w = 354, .box_w = 20, .box_h = 21, .ofs_x = 1, .ofs_y = 0},
    {.bitmap_index = 17336, .adv_w = 379, .box_w = 21, .box_h = 28, .ofs_x = 1, .ofs_y = 0},
    {.bitmap_index = 17630, .adv_w = 360, .box_w = 20, .box_h = 21, .ofs_x = 1, .ofs_y = 0},
    {.bitmap_index = 17840, .adv_w = 236, .box_w = 15, .box_h = 29, .ofs_x = 0, .ofs_y = 0},
    {.bitmap_index = 18058, .adv_w = 380, .box_w = 21, .box_h = 29, .ofs_x = 1, .ofs_y = -8},
    {.bitmap_index = 18363, .adv_w = 372, .box_w = 19, .box_h = 28, .ofs_x = 2, .ofs_y = 0},
    {.bitmap_index = 18629, .adv_w = 159, .box_w = 6, .box_h = 29, .ofs_x = 2, .ofs_y = 0},
    {.bitmap_index = 18716, .adv_w = 159, .box_w = 9, .box_h = 37, .ofs_x = -1, .ofs_y = -8},
    {.bitmap_index = 18883, .adv_w = 346, .box_w = 20, .box_h = 28, .ofs_x = 2, .ofs_y = 0},
    {.bitmap_index = 19163, .adv_w = 159, .box_w = 6, .box_h = 28, .ofs_x = 2, .ofs_y = 0},
    {.bitmap_index = 19247, .adv_w = 547, .box_w = 30, .box_h = 21, .ofs_x = 2, .ofs_y = 0},
    {.bitmap_index = 19562, .adv_w = 372, .box_w = 19, .box_h = 21, .ofs_x = 2, .ofs_y = 0},
    {.bitmap_index = 19762, .adv_w = 370, .box_w = 21, .box_h = 21, .ofs_x = 1, .ofs_y = 0},
    {.bitmap_index = 19983, .adv_w = 379, .box_w = 21, .box_h = 29, .ofs_x = 2, .ofs_y = -8},
    {.bitmap_index = 20288, .adv_w = 379, .box_w = 21, .box_h = 29, .ofs_x = 1, .ofs_y = -8},
    {.bitmap_index = 20593, .adv_w = 241, .box_w = 13, .box_h = 21, .ofs_x = 2, .ofs_y = 0},
    {.bitmap_index = 20730, .adv_w = 334, .box_w = 19, .box_h = 21, .ofs_x = 1, .ofs_y = 0},
    {.bitmap_index = 20930, .adv_w = 215, .box_w = 13, .box_h = 26, .ofs_x = 0, .ofs_y = 0},
    {.bitmap_index = 21099, .adv_w = 372, .box_w = 19, .box_h = 21, .ofs_x = 2, .ofs_y = 0},
    {.bitmap_index = 21299, .adv_w = 357, .box_w = 22, .box_h = 21, .ofs_x = 0, .ofs_y = 0},
    {.bitmap_index = 21530, .adv_w = 510, .box_w = 32, .box_h = 21, .ofs_x = 0, .ofs_y = 0},
    {.bitmap_index = 21866, .adv_w = 346, .box_w = 21, .box_h = 21, .ofs_x = 0, .ofs_y = 0},
    {.bitmap_index = 22087, .adv_w = 358, .box_w = 22, .box_h = 29, .ofs_x = 0, .ofs_y = -8},
    {.bitmap_index = 22406, .adv_w = 344, .box_w = 18, .box_h = 21, .ofs_x = 2, .ofs_y = 0},
    {.bitmap_index = 22595, .adv_w = 238, .box_w = 13, .box_h = 35, .ofs_x = 0, .ofs_y = -5},
    {.bitmap_index = 22823, .adv_w = 218, .box_w = 6, .box_h = 46, .ofs_x = 4, .ofs_y = -9},
    {.bitmap_index = 22961, .adv_w = 238, .box_w = 13, .box_h = 35, .ofs_x = 1, .ofs_y = -5},
    {.bitmap_index = 23189, .adv_w = 393, .box_w = 21, .box_h = 8, .ofs_x = 2, .ofs_y = 7},
    {.bitmap_index = 23273, .adv_w = 163, .box_w = 0, .box_h = 0, .ofs_x = 0, .ofs_y = 0},
    {.bitmap_index = 23273, .adv_w = 195, .box_w = 7, .box_h = 28, .ofs_x = 3, .ofs_y = -7},
    {.bitmap_index = 23371, .adv_w = 354, .box_w = 20, .box_h = 28, .ofs_x = 1, .ofs_y = 0},
    {.bitmap_index = 23651, .adv_w = 383, .box_w = 22, .box_h = 28, .ofs_x = 1, .ofs_y = 0},
    {.bitmap_index = 23959, .adv_w = 455, .box_w = 25, .box_h = 25, .ofs_x = 2, .ofs_y = -1},
    {.bitmap_index = 24272, .adv_w = 343, .box_w = 21, .box_h = 28, .ofs_x = 0, .ofs_y = 0},
    {.bitmap_index = 24566, .adv_w = 192, .box_w = 6, .box_h = 33, .ofs_x = 3, .ofs_y = -5},
    {.bitmap_index = 24665, .adv_w = 346, .box_w = 19, .box_h = 34, .ofs_x = 1, .ofs_y = -6},
    {.bitmap_index = 24988, .adv_w = 372, .box_w = 14, .box_h = 6, .ofs_x = 5, .ofs_y = 24},
    {.bitmap_index = 25030, .adv_w = 556, .box_w = 29, .box_h = 29, .ofs_x = 3, .ofs_y = 0},
    {.bitmap_index = 25451, .adv_w = 280, .box_w = 15, .box_h = 16, .ofs_x = 1, .ofs_y = 13},
    {.bitmap_index = 25571, .adv_w = 386, .box_w = 22, .box_h = 18, .ofs_x = 1, .ofs_y = 3},
    {.bitmap_index = 25769, .adv_w = 409, .box_w = 17, .box_h = 9, .ofs_x = 4, .ofs_y = 5},
    {.bitmap_index = 25846, .adv_w = 403, .box_w = 23, .box_h = 22, .ofs_x = 1, .ofs_y = 6},
    {.bitmap_index = 26099, .adv_w = 275, .box_w = 11, .box_h = 4, .ofs_x = 3, .ofs_y = 25},
    {.bitmap_index = 26121, .adv_w = 278, .box_w = 14, .box_h = 13, .ofs_x = 2, .ofs_y = 15},
    {.bitmap_index = 26212, .adv_w = 393, .box_w = 19, .box_h = 21, .ofs_x = 3, .ofs_y = 0},
    {.bitmap_index = 26412, .adv_w = 276, .box_w = 15, .box_h = 16, .ofs_x = 1, .ofs_y = 17},
    {.bitmap_index = 26532, .adv_w = 282, .box_w = 15, .box_h = 16, .ofs_x = 1, .ofs_y = 17},
    {.bitmap_index = 26652, .adv_w = 213, .box_w = 8, .box_h = 6, .ofs_x = 3, .ofs_y = 23},
    {.bitmap_index = 26676, .adv_w = 373, .box_w = 22, .box_h = 29, .ofs_x = 2, .ofs_y = -8},
    {.bitmap_index = 26995, .adv_w = 365, .box_w = 20, .box_h = 28, .ofs_x = 1, .ofs_y = 0},
    {.bitmap_index = 27275, .adv_w = 194, .box_w = 7, .box_h = 6, .ofs_x = 3, .ofs_y = 10},
    {.bitmap_index = 27296, .adv_w = 202, .box_w = 8, .box_h = 9, .ofs_x = 3, .ofs_y = -8},
    {.bitmap_index = 27332, .adv_w = 197, .box_w = 10, .box_h = 16, .ofs_x = 1, .ofs_y = 17},
    {.bitmap_index = 27412, .adv_w = 296, .box_w = 17, .box_h = 16, .ofs_x = 1, .ofs_y = 13},
    {.bitmap_index = 27548, .adv_w = 386, .box_w = 22, .box_h = 18, .ofs_x = 1, .ofs_y = 3},
    {.bitmap_index = 27746, .adv_w = 505, .box_w = 30, .box_h = 28, .ofs_x = 1, .ofs_y = 0},
    {.bitmap_index = 28166, .adv_w = 529, .box_w = 31, .box_h = 28, .ofs_x = 1, .ofs_y = 0},
    {.bitmap_index = 28600, .adv_w = 552, .box_w = 33, .box_h = 28, .ofs_x = 1, .ofs_y = 0},
    {.bitmap_index = 29062, .adv_w = 330, .box_w = 19, .box_h = 29, .ofs_x = 1, .ofs_y = -8},
    {.bitmap_index = 29338, .adv_w = 442, .box_w = 27, .box_h = 36, .ofs_x = 0, .ofs_y = 0},
    {.bitmap_index = 29824, .adv_w = 442, .box_w = 27, .box_h = 36, .ofs_x = 0, .ofs_y = 0},
    {.bitmap_index = 30310, .adv_w = 442, .box_w = 27, .box_h = 36, .ofs_x = 0, .ofs_y = 0},
    {.bitmap_index = 30796, .adv_w = 442, .box_w = 27, .box_h = 36, .ofs_x = 0, .ofs_y = 0},
    {.bitmap_index = 31282, .adv_w = 442, .box_w = 27, .box_h = 36, .ofs_x = 0, .ofs_y = 0},
    {.bitmap_index = 31768, .adv_w = 442, .box_w = 27, .box_h = 38, .ofs_x = 0, .ofs_y = 0},
    {.bitmap_index = 32281, .adv_w = 616, .box_w = 37, .box_h = 28, .ofs_x = 0, .ofs_y = 0},
    {.bitmap_index = 32799, .adv_w = 448, .box_w = 26, .box_h = 36, .ofs_x = 1, .ofs_y = -8},
    {.bitmap_index = 33267, .adv_w = 368, .box_w = 19, .box_h = 36, .ofs_x = 2, .ofs_y = 0},
    {.bitmap_index = 33609, .adv_w = 368, .box_w = 19, .box_h = 36, .ofs_x = 2, .ofs_y = 0},
    {.bitmap_index = 33951, .adv_w = 368, .box_w = 19, .box_h = 36, .ofs_x = 2, .ofs_y = 0},
    {.bitmap_index = 34293, .adv_w = 368, .box_w = 19, .box_h = 36, .ofs_x = 2, .ofs_y = 0},
    {.bitmap_index = 34635, .adv_w = 168, .box_w = 9, .box_h = 36, .ofs_x = -1, .ofs_y = 0},
    {.bitmap_index = 34797, .adv_w = 168, .box_w = 9, .box_h = 36, .ofs_x = 2, .ofs_y = 0},
    {.bitmap_index = 34959, .adv_w = 168, .box_w = 15, .box_h = 36, .ofs_x = -2, .ofs_y = 0},
    {.bitmap_index = 35229, .adv_w = 168, .box_w = 14, .box_h = 36, .ofs_x = -2, .ofs_y = 0},
    {.bitmap_index = 35481, .adv_w = 457, .box_w = 27, .box_h = 28, .ofs_x = 0, .ofs_y = 0},
    {.bitmap_index = 35859, .adv_w = 462, .box_w = 25, .box_h = 36, .ofs_x = 2, .ofs_y = 0},
    {.bitmap_index = 36309, .adv_w = 467, .box_w = 27, .box_h = 37, .ofs_x = 1, .ofs_y = 0},
    {.bitmap_index = 36809, .adv_w = 467, .box_w = 27, .box_h = 37, .ofs_x = 1, .ofs_y = 0},
    {.bitmap_index = 37309, .adv_w = 467, .box_w = 27, .box_h = 37, .ofs_x = 1, .ofs_y = 0},
    {.bitmap_index = 37809, .adv_w = 467, .box_w = 27, .box_h = 36, .ofs_x = 1, .ofs_y = 0},
    {.bitmap_index = 38295, .adv_w = 467, .box_w = 27, .box_h = 37, .ofs_x = 1, .ofs_y = 0},
    {.bitmap_index = 38795, .adv_w = 393, .box_w = 20, .box_h = 20, .ofs_x = 2, .ofs_y = 1},
    {.bitmap_index = 38995, .adv_w = 467, .box_w = 27, .box_h = 30, .ofs_x = 1, .ofs_y = -1},
    {.bitmap_index = 39400, .adv_w = 447, .box_w = 24, .box_h = 37, .ofs_x = 2, .ofs_y = 0},
    {.bitmap_index = 39844, .adv_w = 447, .box_w = 24, .box_h = 37, .ofs_x = 2, .ofs_y = 0},
    {.bitmap_index = 40288, .adv_w = 447, .box_w = 24, .box_h = 37, .ofs_x = 2, .ofs_y = 0},
    {.bitmap_index = 40732, .adv_w = 447, .box_w = 24, .box_h = 37, .ofs_x = 2, .ofs_y = 0},
    {.bitmap_index = 41176, .adv_w = 434, .box_w = 27, .box_h = 36, .ofs_x = 0, .ofs_y = 0},
    {.bitmap_index = 41662, .adv_w = 400, .box_w = 21, .box_h = 28, .ofs_x = 2, .ofs_y = 0},
    {.bitmap_index = 41956, .adv_w = 391, .box_w = 21, .box_h = 28, .ofs_x = 2, .ofs_y = 0},
    {.bitmap_index = 42250, .adv_w = 349, .box_w = 19, .box_h = 30, .ofs_x = 1, .ofs_y = 0},
    {.bitmap_index = 42535, .adv_w = 349, .box_w = 19, .box_h = 30, .ofs_x = 1, .ofs_y = 0},
    {.bitmap_index = 42820, .adv_w = 349, .box_w = 19, .box_h = 30, .ofs_x = 1, .ofs_y = 0},
    {.bitmap_index = 43105, .adv_w = 349, .box_w = 19, .box_h = 29, .ofs_x = 1, .ofs_y = 0},
    {.bitmap_index = 43381, .adv_w = 349, .box_w = 19, .box_h = 30, .ofs_x = 1, .ofs_y = 0},
    {.bitmap_index = 43666, .adv_w = 349, .box_w = 19, .box_h = 32, .ofs_x = 1, .ofs_y = 0},
    {.bitmap_index = 43970, .adv_w = 555, .box_w = 33, .box_h = 21, .ofs_x = 1, .ofs_y = 0},
    {.bitmap_index = 44317, .adv_w = 354, .box_w = 20, .box_h = 29, .ofs_x = 1, .ofs_y = -8},
    {.bitmap_index = 44607, .adv_w = 360, .box_w = 20, .box_h = 30, .ofs_x = 1, .ofs_y = 0},
    {.bitmap_index = 44907, .adv_w = 360, .box_w = 20, .box_h = 30, .ofs_x = 1, .ofs_y = 0},
    {.bitmap_index = 45207, .adv_w = 360, .box_w = 20, .box_h = 30, .ofs_x = 1, .ofs_y = 0},
    {.bitmap_index = 45507, .adv_w = 360, .box_w = 20, .box_h = 30, .ofs_x = 1, .ofs_y = 0},
    {.bitmap_index = 45807, .adv_w = 159, .box_w = 9, .box_h = 29, .ofs_x = -1, .ofs_y = 0},
    {.bitmap_index = 45938, .adv_w = 159, .box_w = 9, .box_h = 29, .ofs_x = 2, .ofs_y = 0},
    {.bitmap_index = 46069, .adv_w = 159, .box_w = 14, .box_h = 29, .ofs_x = -2, .ofs_y = 0},
    {.bitmap_index = 46272, .adv_w = 159, .box_w = 14, .box_h = 29, .ofs_x = -2, .ofs_y = 0},
    {.bitmap_index = 46475, .adv_w = 361, .box_w = 20, .box_h = 30, .ofs_x = 1, .ofs_y = 0},
    {.bitmap_index = 46775, .adv_w = 372, .box_w = 19, .box_h = 29, .ofs_x = 2, .ofs_y = 0},
    {.bitmap_index = 47051, .adv_w = 370, .box_w = 21, .box_h = 30, .ofs_x = 1, .ofs_y = 0},
    {.bitmap_index = 47366, .adv_w = 370, .box_w = 21, .box_h = 30, .ofs_x = 1, .ofs_y = 0},
    {.bitmap_index = 47681, .adv_w = 370, .box_w = 21, .box_h = 30, .ofs_x = 1, .ofs_y = 0},
    {.bitmap_index = 47996, .adv_w = 370, .box_w = 21, .box_h = 29, .ofs_x = 1, .ofs_y = 0},
    {.bitmap_index = 48301, .adv_w = 370, .box_w = 21, .box_h = 30, .ofs_x = 1, .ofs_y = 0},
    {.bitmap_index = 48616, .adv_w = 393, .box_w = 19, .box_h = 21, .ofs_x = 3, .ofs_y = 0},
    {.bitmap_index = 48816, .adv_w = 370, .box_w = 21, .box_h = 23, .ofs_x = 1, .ofs_y = -1},
    {.bitmap_index = 49058, .adv_w = 372, .box_w = 19, .box_h = 29, .ofs_x = 2, .ofs_y = 0},
    {.bitmap_index = 49334, .adv_w = 372, .box_w = 19, .box_h = 29, .ofs_x = 2, .ofs_y = 0},
    {.bitmap_index = 49610, .adv_w = 372, .box_w = 19, .box_h = 30, .ofs_x = 2, .ofs_y = 0},
    {.bitmap_index = 49895, .adv_w = 372, .box_w = 19, .box_h = 30, .ofs_x = 2, .ofs_y = 0},
    {.bitmap_index = 50180, .adv_w = 358, .box_w = 22, .box_h = 37, .ofs_x = 0, .ofs_y = -8},
    {.bitmap_index = 50587, .adv_w = 379, .box_w = 21, .box_h = 36, .ofs_x = 2, .ofs_y = -8},
    {.bitmap_index = 50965, .adv_w = 358, .box_w = 22, .box_h = 37, .ofs_x = 0, .ofs_y = -8},
    {.bitmap_index = 51372, .adv_w = 616, .box_w = 36, .box_h = 28, .ofs_x = 1, .ofs_y = 0},
    {.bitmap_index = 51876, .adv_w = 603, .box_w = 36, .box_h = 21, .ofs_x = 1, .ofs_y = 0},
    {.bitmap_index = 52254, .adv_w = 434, .box_w = 27, .box_h = 36, .ofs_x = 0, .ofs_y = 0},
    {.bitmap_index = 52740, .adv_w = 304, .box_w = 19, .box_h = 4, .ofs_x = 0, .ofs_y = 10},
    {.bitmap_index = 52778, .adv_w = 608, .box_w = 38, .box_h = 4, .ofs_x = 0, .ofs_y = 10}
};

/*---------------------
 *  CHARACTER MAPPING
 *--------------------*/

static const uint16_t unicode_list_3[] = {
    0x0, 0x1, 0x26, 0x1ec1, 0x1ec2
};

/*Collect the unicode lists and glyph_id offsets*/
static const lv_font_fmt_txt_cmap_t cmaps[] =
{
    {
        .range_start = 32, .range_length = 95, .glyph_id_start = 1,
        .unicode_list = NULL, .glyph_id_ofs_list = NULL, .list_length = 0, .type = LV_FONT_FMT_TXT_CMAP_FORMAT0_TINY
    },
    {
        .range_start = 160, .range_length = 13, .glyph_id_start = 96,
        .unicode_list = NULL, .glyph_id_ofs_list = NULL, .list_length = 0, .type = LV_FONT_FMT_TXT_CMAP_FORMAT0_TINY
    },
    {
        .range_start = 174, .range_length = 82, .glyph_id_start = 109,
        .unicode_list = NULL, .glyph_id_ofs_list = NULL, .list_length = 0, .type = LV_FONT_FMT_TXT_CMAP_FORMAT0_TINY
    },
    {
        .range_start = 338, .range_length = 7875, .glyph_id_start = 191,
        .unicode_list = unicode_list_3, .glyph_id_ofs_list = NULL, .list_length = 5, .type = LV_FONT_FMT_TXT_CMAP_SPARSE_TINY
    }
};

/*-----------------
 *    KERNING
 *----------------*/


/*Pair left and right glyphs for kerning*/
static const uint8_t kern_pair_glyph_ids[] =
{
    3, 7,
    3, 98,
    7, 3,
    7, 8,
    7, 61,
    7, 109,
    8, 7,
    8, 98,
    16, 61,
    33, 16,
    33, 61,
    33, 64,
    33, 109,
    61, 3,
    61, 5,
    61, 8,
    61, 16,
    61, 32,
    61, 33,
    61, 61,
    61, 63,
    61, 98,
    61, 105,
    61, 107,
    61, 108,
    61, 109,
    61, 111,
    61, 117,
    61, 118,
    61, 122,
    63, 7,
    63, 33,
    63, 64,
    63, 105,
    64, 33,
    64, 61,
    64, 63,
    64, 93,
    64, 105,
    64, 111,
    64, 117,
    93, 64,
    97, 61,
    98, 3,
    98, 8,
    98, 61,
    98, 109,
    105, 16,
    105, 61,
    105, 64,
    105, 109,
    109, 7,
    109, 33,
    109, 98,
    109, 105,
    111, 7,
    111, 33,
    111, 64,
    111, 105,
    116, 16,
    116, 64,
    116, 108,
    116, 118,
    117, 64,
    118, 61,
    118, 117,
    122, 61,
    126, 61
};

/* Kerning between the respective left and right glyphs
 * 4.4 format which needs to scaled with `kern_scale`*/
static const int8_t kern_pair_values[] =
{
    -20, -11, -20, -20, -38, -14, -20, -11,
    3, -24, -23, -24, -3, -48, -6, -48,
    9, -38, -24, -30, -54, -9, -24, -20,
    -20, -43, -54, -31, -20, -20, -20, -9,
    -41, -9, -24, -48, -41, 20, -24, -41,
    -28, 7, -20, -11, -11, -35, -7, -24,
    -23, -24, -3, -20, -3, -17, -3, -20,
    -9, -41, -9, -20, -20, -20, -23, 7,
    -24, -7, -38, -63
};

/*Collect the kern pair's data in one place*/
static const lv_font_fmt_txt_kern_pair_t kern_pairs =
{
    .glyph_ids = kern_pair_glyph_ids,
    .values = kern_pair_values,
    .pair_cnt = 68,
    .glyph_ids_size = 0
};

/*--------------------
 *  ALL CUSTOM DATA
 *--------------------*/

#if LVGL_VERSION_MAJOR == 8
/*Store all the custom data of the font*/
static  lv_font_fmt_txt_glyph_cache_t cache;
#endif

#if LVGL_VERSION_MAJOR >= 8
static const lv_font_fmt_txt_dsc_t font_dsc = {
#else
static lv_font_fmt_txt_dsc_t font_dsc = {
#endif
    .glyph_bitmap = glyph_bitmap,
    .glyph_dsc = glyph_dsc,
    .cmaps = cmaps,
    .kern_dsc = &kern_pairs,
    .kern_scale = 16,
    .cmap_num = 4,
    .bpp = 4,
    .kern_classes = 0,
    .bitmap_format = 0,
#if LVGL_VERSION_MAJOR == 8
    .cache = &cache
#endif
};



/*-----------------
 *  PUBLIC FONT
 *----------------*/

/*Initialize a public general font descriptor*/
#if LVGL_VERSION_MAJOR >= 8
const lv_font_t font_sb_38 = {
#else
lv_font_t font_sb_38 = {
#endif
    .get_glyph_dsc = lv_font_get_glyph_dsc_fmt_txt,    /*Function pointer to get glyph's data*/
    .get_glyph_bitmap = lv_font_get_bitmap_fmt_txt,    /*Function pointer to get glyph's bitmap*/
    .line_height = 47,          /*The maximum line height required by the font*/
    .base_line = 9,             /*Baseline measured from the bottom of the line*/
#if !(LVGL_VERSION_MAJOR == 6 && LVGL_VERSION_MINOR == 0)
    .subpx = LV_FONT_SUBPX_NONE,
#endif
#if LV_VERSION_CHECK(7, 4, 0) || LVGL_VERSION_MAJOR >= 8
    .underline_position = -6,
    .underline_thickness = 3,
#endif
    .dsc = &font_dsc,          /*The custom font data. Will be accessed by `get_glyph_bitmap/dsc` */
#if LV_VERSION_CHECK(8, 2, 0) || LVGL_VERSION_MAJOR >= 9
    .fallback = NULL,
#endif
    .user_data = NULL,
};



#endif /*#if FONT_SB_38*/

